직무ID,중분류,소분류,직업명,성격_성취/노력,성격_인내,성격_책임과 진취성,성격_리더십,성격_협조,성격_타인 배려,성격_사회성,성격_자기통제,성격_스트레스 감내성,성격_적응성/융통성,성격_신뢰성,성격_꼼꼼함,성격_정직성,성격_독립성,성격_혁신,성격_분석적 사고,지식중요도_경영 및 행정,지식중요도_사무,지식중요도_경제와 회계,지식중요도_영업과 마케팅,지식중요도_고객서비스,지식중요도_인사,지식중요도_상품 제조 및 공정,지식중요도_식품 생산,지식중요도_컴퓨터와 전자공학,지식중요도_공학과 기술,지식중요도_디자인,지식중요도_건설 및 건축,지식중요도_기계,지식중요도_산수와 수학,지식중요도_물리,지식중요도_화학,지식중요도_생물,지식중요도_심리,지식중요도_사회와 인류,지식중요도_지리,지식중요도_의료,지식중요도_상담,지식중요도_교육 및 훈련,지식중요도_국어,지식중요도_영어,지식중요도_예술,지식중요도_역사,지식중요도_철학과 신학,지식중요도_안전과 보안,지식중요도_법,지식중요도_통신,지식중요도_의사소통과 미디어,지식중요도_운송,지식수준_경영 및 행정,지식수준_사무,지식수준_경제와 회계,지식수준_영업과 마케팅,지식수준_고객서비스,지식수준_인사,지식수준_상품 제조 및 공정,지식수준_식품 생산,지식수준_컴퓨터와 전자공학,지식수준_공학과 기술,지식수준_디자인,지식수준_건설 및 건축,지식수준_기계,지식수준_산수와 수학,지식수준_물리,지식수준_화학,지식수준_생물,지식수준_심리,지식수준_사회와 인류,지식수준_지리,지식수준_의료,지식수준_상담,지식수준_교육 및 훈련,지식수준_국어,지식수준_영어,지식수준_예술,지식수준_역사,지식수준_철학과 신학,지식수준_안전과 보안,지식수준_법,지식수준_통신,지식수준_의사소통과 미디어,지식수준_운송,status,정밀도유형
J01-001,건설·채굴직,강구조물 가공원 및 건립원,철골공(강구조물건립원),3.267,3.4,3.733,2.967,4,3.133,2.7,2.967,3.267,3.033,3.667,3.967,3.3,3.233,2.8,2.633,1.667,1.533,1.333,1.3,1.267,1.3,1.333,1.067,1.5,2.2,1.9,2.767,3.3,1.867,1.967,1.5,1.033,1.467,1.467,1.533,1.1,1.033,1.433,1.4,1.067,1.133,1.067,1.033,3.467,1.8,1.867,1.6,2.3,2.105,2.333,2.5,2.5,2.6,2,2.571,1.5,2.357,2.889,2.895,3.56,4.179,2.762,2.296,2.846,2,3.143,2.5,2.562,2,2,2.6,2.917,1.5,3,2,2,3.786,2.19,3.15,2.8,3.3,"LLM추정(저신뢰,미검수)","보간(앵커거리기반,완만혼합)"
J01-002,건설·채굴직,건설 배관공,건설배관공,3.767,3.767,4.133,3.067,4.267,3.467,3.533,3.4,3.533,3.833,3.767,4.533,3.733,3.367,2.6,3.033,1.933,1.6,1.8,2.233,2.433,1.767,1.833,1.367,1.6,2.967,2.2,3.167,3.7,2.367,2.733,1.633,1.4,1.933,1.5,1.5,1.367,1.933,1.7,1.333,1.267,1.367,1.167,1.3,3.5,1.9,1.9,1.867,2.033,3,2.917,3.467,3.4,3.059,3,2.538,1.167,2.333,3.64,3.312,3.833,4.1,3.667,3.259,3,2.143,3,3.167,2.778,2.667,3.5,2.615,3.167,2.167,3,3,3.4,4.067,3,3.467,2.167,3.333,"LLM추정(저신뢰,미검수)","보간(앵커거리기반,완만혼합)"
J01-003,건설·채굴직,건설·채굴 기계 운전원,건설 및 채굴기계운전원,2.833,2.967,3,2.067,3,2.533,2.967,3.267,3.1,2.7,3.233,3.6,3.2,3.433,2.067,2.233,1.3,1.133,1.167,1.133,1.267,1.133,1.2,1.067,1.067,1.433,1.1,1.3,3.567,1.133,1,1,1,1.2,1.033,1.133,1.067,1.167,1.133,1.067,1.1,1.067,1.033,1.033,1.8,1.233,1.233,1.1,1.2,3.25,3.5,4,3.5,3.75,3.5,3.667,5,3,3.286,3,3.25,4,4,0,0,0,3.333,3,3.5,3,2.5,2.667,4,2.333,3,3,3,2.812,2.5,4,4,2.667,"LLM추정(저신뢰,미검수)","보간(앵커거리기반,완만혼합)"
J01-004,건설·채굴직,건설·채굴 단순 종사원,건설·채굴단순종사원,3.367,3.733,3.533,2.967,3.633,3.4,3.433,3.667,3.767,3.5,3.467,3.7,2.867,2.867,2.433,2.3,1.633,1.567,1.7,1.633,2.1,1.5,1.7,1.333,1.9,2.2,1.667,2.767,2.933,1.767,1.633,1.367,1.4,1.633,1.333,1.367,1.433,1.367,1.8,1.7,1.567,1.367,1.4,1.267,3.033,1.967,1.867,1.967,1.867,4.2,4.3,4.545,3.182,3.579,3.273,3.167,3.8,3.643,3.842,3.7,3.75,3.759,4.417,3.583,3.8,3.8,3.556,3.833,3.333,4,3.143,4.077,3.75,3.4,4,5,4.2,3.828,3.933,3.6,4.286,3.429,"LLM추정(저신뢰,미검수)","보간(앵커거리기반,완만혼합)"
J01-005,건설·채굴직,건축 도장공,건물도장공,3.667,4,3.667,2.367,3.8,3.333,3.267,3.333,3.6,2.9,3.467,4.433,3.4,3,2.567,2.4,1.133,1.1,1.167,1.333,1.333,1.267,1.2,1.133,1.267,1.6,1.933,2.033,1.833,1.467,1.367,1.633,1.167,1.167,1.233,1.367,1.3,1.3,1.833,1.433,1.3,1.467,1.2,1.167,2.333,1.433,1.667,1.7,1.633,2.25,1.667,2,2.125,2.111,2.667,2.167,2,1.75,2.8,3,2.762,2.7,2.5,1.818,2.467,2,2,1.714,2.3,2.4,2.125,3,2.385,1.556,2.833,2,2.2,3.65,2.2,2.929,2.667,2.9,"LLM추정(저신뢰,미검수)","보간(앵커거리기반,완만혼합)"
J01-006,건설·채굴직,건축 목공,건축목공,3.9,3.8,4.1,3.633,4,3.7,3.567,3.6,3.433,3.733,3.867,4.467,3.967,3.6,3.333,3.267,1.567,1.467,1.433,1.667,2,1.433,1.9,1.167,1.267,3.2,3.1,3.767,3,2.3,2,1.733,1.2,1.467,1.567,1.533,1.267,1.267,1.667,1.367,1.233,1.633,1.2,1.133,2.967,1.833,2.233,2.033,1.933,2.067,2.083,2.167,2.4,2.688,2.182,2.667,2.2,2,4.036,4.259,4.367,3.821,3.2,2.955,2.222,1.6,2.818,2.214,2,1.833,1.857,2.846,2.333,1.714,2.778,2,2.333,4.13,3,3,2.75,2.938,"LLM추정(저신뢰,미검수)","보간(앵커거리기반,완만혼합)"
J01-007,건설·채굴직,건축 목공,전통건축기능원,4.133,4.133,4.467,3.5,3.8,3.433,3.467,3.733,3.767,3.767,3.9,4.4,3.967,3.6,3.267,3.533,2.033,1.933,1.667,1.633,2.167,1.767,2.1,1.067,1.767,2.8,3.3,3.133,2.4,2.4,2.033,1.7,1.333,1.967,2.5,2.233,1,2.067,2.433,2.133,1.6,2.667,2.933,1.667,3.3,2.233,2.1,2.533,1.567,3.188,3.133,3.1,4.833,3.529,3.7,3.333,2.5,3.25,4.591,4.148,4.259,3.842,3.455,3.625,2.429,3.4,3.643,3.636,3.263,0,4.077,3.667,3,4,4.091,4.348,6,4.033,3.1,3.75,3.864,4,"LLM추정(저신뢰,미검수)","보간(앵커거리기반,완만혼합)"
J01-008,건설·채굴직,건축 석공,건축석공,4.133,3.9,4.233,3.567,4.167,3.733,3.533,3.767,3.667,3.867,3.767,4.533,3.7,3.433,3.4,3.533,1.7,1.567,1.467,1.833,1.967,1.433,1.833,1,1.533,2.467,1.8,3,2.967,1.9,1.5,1.733,1,1.533,1.933,1.333,1.367,1.467,2.367,1.567,1.433,1.433,1.333,1.3,3.167,1.633,1.767,2.467,1.967,3,3.125,3,2.923,3,2.571,2.846,0,2.385,3,2.3,4.24,3.333,3.6,2.4,3.182,0,2.727,2.944,2.375,2.375,2.364,3.095,3.375,2.25,2.5,2.556,2.714,3.815,3.625,3.214,3,2.833,"LLM추정(저신뢰,미검수)","보간(앵커거리기반,완만혼합)"
J01-009,건설·채굴직,경량철골공,경량철골공,4.033,3.9,4.233,3.267,4.033,3.433,2.933,3.8,3.5,3.133,3.667,4.067,3.867,3.333,3.233,3.167,2.033,1.8,1.933,2.067,2.067,1.367,1.367,1.333,1.7,2.7,2.467,3.267,2.967,2.033,1.967,1.9,1,1.4,1.567,1.633,1.333,1.733,1.933,1.567,1.467,1.467,1.167,1.233,3.033,1.567,2.233,2.4,2.233,2.571,2.632,2.65,3.833,3.6,2.444,2.111,3,2.632,3.458,3.2,4.2,3.267,2.88,2.667,2.85,0,2.714,2.636,2.294,2.286,3.5,2.864,2.529,2.071,3.143,2.25,2.333,3.679,2.583,2.714,2.929,3.042,"LLM추정(저신뢰,미검수)","보간(앵커거리기반,완만혼합)"
J01-010,건설·채굴직,공업 배관공,공업배관공,3.5,3.6,3.733,3.4,3.967,3.333,3.533,3.467,3.3,3.667,3.767,3.933,3.367,2.667,2.7,3.167,2.367,2.167,1.8,2,2.267,1.8,2.667,1.167,2.133,2.633,1.833,2.767,3.833,2.4,2.367,2.133,1.3,1.533,1.267,1.467,1.333,1.467,2.167,1.533,1.733,1.233,1.267,1.133,3.467,1.967,1.833,2.1,1.7,3.409,3.556,2.938,3.357,3.421,2.688,4.091,3.75,3.722,4.333,3.8,4.542,4.793,4.1,4.136,4.235,3.5,2.917,3.333,3.875,3.286,2.917,3.9,3.3,3.692,4,3.6,2.333,4.269,3.588,3.933,3.895,2.875,"LLM추정(저신뢰,미검수)","보간(앵커거리기반,완만혼합)"
J01-011,건설·채굴직,"광원, 채석원 및 석재 절단원",광원·채석원 및 석재절단원,3.367,3.3,3.967,3.233,4.033,3.8,3.333,3.633,3.333,3.4,3.767,3.967,3.9,3.167,3.167,3.2,1.7,1.667,1.533,1.267,1.333,1.467,2.1,1.2,1.733,2.3,1.333,1.167,3.467,2,2.167,2,1.1,2.367,1.667,2.033,1.367,1.367,2.4,1.267,1.067,1.067,1.1,1.067,3.733,2.167,2,1.833,2,2.786,2.923,2.9,2.667,2.833,3.286,2.667,2.5,2.929,3.45,3.429,3,3.655,3.588,3.263,2.842,2.333,3.091,2.467,2.882,2,3.167,3.25,3,2.5,2,3.5,4,4.231,3.471,3.333,2.75,2.938,"LLM추정(저신뢰,미검수)","보간(앵커거리기반,완만혼합)"
J01-012,건설·채굴직,기타 채굴·토목 종사원,점화·발파·화약관리원,4,4,3.967,2.733,3.433,3.033,2.967,3.8,3.7,3.233,3.833,4.5,3.867,3.467,2.967,3.3,1.7,1.933,1.533,1.533,1.633,1.567,1.467,1.333,2.2,3.1,1.4,1.733,3.167,2.533,2.033,3.167,1.6,1.767,1.533,1.8,1.4,1.567,1.867,1.8,1.833,1.2,1.233,1.2,3.5,2.3,2.533,2.2,1.433,3.182,2.824,3.625,4.429,3.6,3.111,3.286,4.75,3.5,4.192,4.4,3.667,3.889,4.048,3.316,4.185,4.143,4.375,3.375,4.333,3.286,4,3.846,3.067,2.85,3.5,3.833,3.2,5,4,3.28,3.333,3.286,"LLM추정(저신뢰,미검수)","보간(앵커거리기반,완만혼합)"
J01-013,건설·채굴직,기타 채굴·토목 종사원,잠수기능원,4.267,3.967,4.267,3.8,4.033,3.667,3.833,4.2,4.133,4,4.033,4.067,3.633,3.867,3.3,3.6,2.833,1.667,1.4,2.667,3.167,2.367,2.033,1.233,2.667,2.733,2.2,1.6,3.467,1.7,2.633,1.8,1.833,2.067,1.833,3.533,2.3,2.1,2.567,1.967,2.267,1.3,1.367,1.7,3.3,2.7,3.233,2.167,2.7,4.167,3.444,2.714,3.87,4,3.632,3.714,3.25,3.444,4.259,4.375,3.235,4.037,4,3.48,3.133,3.364,3.438,3.231,4.462,3.095,3.562,3.857,3.176,2.913,3.222,2.571,3.6,4.103,3.483,4.222,3.667,3.44,"LLM추정(저신뢰,미검수)","보간(앵커거리기반,완만혼합)"
J01-014,건설·채굴직,단열공,단열공,4,4.133,4.1,3,3.967,3.467,3.667,3.767,3.967,3.667,3.3,4,3.6,3.5,3.033,3.067,1.867,1.767,1.767,2.367,2.467,1.667,1.6,1.333,1.667,2.267,2,2.8,3.133,1.867,1.833,1.8,1.4,1.633,1.633,1.567,1.633,1.733,2,1.4,1.5,1,1,1,2.833,1.533,2.233,2.2,1.933,2.786,3,3.154,3.222,2.88,3.273,2.091,1.5,2.5,3.053,3.615,3.655,3.667,2.889,2.812,3.333,2.667,3,2.909,2.636,3,3.158,3.176,2.5,2.4,0,0,0,3.621,2.5,3.6,3.2,2.923,"LLM추정(저신뢰,미검수)","보간(앵커거리기반,완만혼합)"
J01-015,건설·채굴직,도배공 및 유리 부착원,도배공,3.7,3.633,3.8,3.167,3.533,3.433,3.233,3.433,3.467,3.4,3.767,4.233,3.8,3.2,2.767,3.067,1.967,1.433,1.6,2.267,3.167,1.6,1.933,1.5,1.4,1.6,2.6,2.3,2.6,1.9,1.767,1.733,1.2,1.833,1.5,1.433,1.2,1.8,1.7,1.267,1.3,1.333,1.2,1.3,1.733,1.433,1.633,2.267,1.5,2.929,2.778,3,3.45,3.786,3.3,2.857,2.111,2.125,2.364,3.273,3.304,2.913,3.471,2.933,3,2.8,3,2.7,3.111,3.2,3.786,3,3.4,2.2,3.286,3.4,3.4,3.25,3.2,3.571,3.3,3.1,"LLM추정(저신뢰,미검수)","보간(앵커거리기반,완만혼합)"
J01-016,건설·채굴직,도배공 및 유리 부착원,유리부착원,3.767,4.167,4.033,2.733,3.5,3.3,3.3,3.633,3.933,3.4,3.567,4.4,3.4,3.2,2.8,2.833,1.9,1.833,1.8,2.533,2.667,1.933,2.167,1.4,1.567,2.433,2.1,2.533,3.167,2.267,1.933,1.733,1.367,1.8,1.8,1.767,1.567,2.2,2.133,1.667,1.4,1.467,1.3,1.467,2.833,1.833,2.2,2.2,2.233,2.941,2.368,3.333,3.727,3.68,3.176,3.235,2.857,2.5,3.708,3,3.652,3.833,3.074,2.5,2.263,2.2,3.077,3.083,2.933,2.444,2.85,2.826,2.444,1.818,2.5,2.125,3.222,3.25,2.765,3.471,2.87,3.353,"LLM추정(저신뢰,미검수)","보간(앵커거리기반,완만혼합)"
J01-017,건설·채굴직,미장공,미장공,3.867,3.733,4.133,2,3.167,2.767,2.533,3.667,2.933,2.9,3.367,4.133,3.433,3.133,2.433,2.367,1.467,1.467,1.5,1.133,1.6,1.2,1.1,1,1.333,2.033,1.933,2.7,2.233,1.6,2,2.033,1.067,1.167,1.033,1.233,1,1.167,1.1,1.367,1.033,1.1,1,1,2.5,1.267,1.533,1.7,1.7,2.071,1.857,2.143,3,2.333,2,1.667,0,2.2,3,3,3.2,2.759,2.778,2.308,2.214,1.5,2.6,3,2.4,0,3.2,3,2.6,3,2.667,0,0,3.308,2.125,3,2.75,2.476,"LLM추정(저신뢰,미검수)","보간(앵커거리기반,완만혼합)"
J01-018,건설·채굴직,바닥재 시공원,타일·대리석시공원,3.7,3.7,3.667,2.8,3.533,3.1,3.033,3.367,3.433,3.2,3.4,4.133,3.533,3.167,2.967,2.9,1.333,1.2,1.133,1.9,2.467,1.2,2.167,1.567,1.133,1.833,2.633,2.633,2.367,1.667,1.833,1.633,1.233,1.7,1.333,1.433,1.167,1.667,1.533,1.2,1,1.333,1.033,1.067,2.433,1.367,1.7,2.1,1.8,3,2.167,3,3.062,3.292,3.333,3.167,3.111,2.333,2.882,3.64,3.111,3.045,2.571,2.6,2.583,3.25,2.846,2.714,2.2,2,3.889,3.375,3.333,0,2,1,1.5,3.043,2.333,3,2.6,2.562,"LLM추정(저신뢰,미검수)","보간(앵커거리기반,완만혼합)"
J01-019,건설·채굴직,방수공,방수공,3.8,3.667,4.333,3.1,4,3.667,3.533,3.867,3.6,3.533,4,4.367,4.133,3.733,3.4,3.533,1.433,1.2,1.467,1.6,1.967,1.533,1.533,1.233,1.4,1.867,1.367,2.667,2.333,1.733,1.8,1.9,1.233,1.533,1.533,1.233,1.133,1.533,1.7,1.433,1.1,1.033,1.133,1.3,2.333,1.4,1.967,2.3,1.567,2.4,2.333,2.769,3.545,3.389,3.1,2.727,2.6,2.7,2.571,2.091,3.96,3.071,2.938,2.667,2.8,3,4.286,3.857,2.5,2,3.5,3.312,2.538,2,2,2,3.2,3.143,2.8,3.045,3.36,2.571,"LLM추정(저신뢰,미검수)","보간(앵커거리기반,완만혼합)"
J01-020,건설·채굴직,새시 조립·설치원,섀시조립·설치원,4.133,4.1,3.967,2.733,3.633,3.033,3.333,4.067,3.867,3.567,3.7,4.6,3.867,3.3,3.067,3.233,1.633,1.233,1.567,2.333,2.767,1.1,2.833,1.067,1.367,2.733,2.467,1.767,3.533,1.7,1.6,1.4,1,1.633,1,1.133,1.133,2.1,1.833,1.3,1.067,1.233,1.033,1,2.933,1.267,1.767,2.267,2.033,2.333,2.2,2.438,3.048,3,2.667,3.304,4,2.455,3.179,3.077,2.4,3.633,2.8,2.8,2.833,0,2.9,0,2.25,1.75,3.143,3.5,2.778,2.5,2.143,3,0,3.464,2.167,2.412,2.885,3.059,"LLM추정(저신뢰,미검수)","보간(앵커거리기반,완만혼합)"
J01-021,건설·채굴직,조적공 및 석재부설원,조적원,3.5,3.267,3.7,2.533,3.3,3.1,3.467,3.3,3.467,3.133,3.133,3.967,3.167,3.267,2.833,2.933,1.5,1.367,1.367,1.567,1.6,1.467,1.933,1.4,1.367,2.267,2.067,2.8,2.5,1.767,1.567,1.7,1.333,1.5,1.367,1.4,1.367,1.5,1.4,1.333,1.267,1.467,1.3,1.333,2,1.367,1.567,1.767,1.9,2.571,3.8,2.667,2.111,1.778,3,2.75,1.286,1.667,2.9,3,3,2.889,3.188,2.667,2.533,2.2,2.25,3.6,2.857,2.857,2.143,2,2.667,2.2,2.3,3.167,3.8,3.111,2.857,3.8,2,2.583,"LLM추정(저신뢰,미검수)","보간(앵커거리기반,완만혼합)"
J01-022,건설·채굴직,철근공,철근공,3.467,3.8,3.967,3.367,4.2,3.633,3.533,3.633,3.467,3.8,3.767,4.233,3.667,3.333,2.933,2.667,1.167,1.133,1.033,1.1,1.5,1.067,1.3,1.067,1.167,2.167,2.4,3.333,2.467,1.733,1.533,1.267,1.133,1.2,1.3,1.267,1.167,1.233,1.4,1.1,1.033,1.467,1.1,1.033,3.033,1.733,1.767,1.767,2.033,2.25,2,2,2.667,3.091,2,3,2,2.25,3.263,3.053,3.897,3.478,2.867,2.417,2.333,1.75,2.5,1.889,2,2,2.667,3.143,2,2,2.833,2,2,3.741,3.077,2.786,2.706,3.118,"LLM추정(저신뢰,미검수)","보간(앵커거리기반,완만혼합)"
J01-023,건설·채굴직,철로 설치·보수원,철로설치·보수원,3.9,3.933,4.1,3.467,4.1,4.1,3.9,3.9,3.6,3.733,4.067,4.033,4,3.233,3.567,3.7,1.933,2.4,1.467,1.267,2.467,1.533,1.333,1,2.233,3.433,1.7,2.867,3.667,2.633,3.2,1.5,1.2,2.133,1.667,2.033,1.267,1.367,2.567,1.867,1.667,1.033,1.233,1.267,3.967,2.133,2.1,2.4,3.967,3.471,3.522,3.3,5,3.913,2.727,2.75,0,3.909,4.667,3.5,4.16,4.333,3.926,4.133,3.5,3.333,3.625,2.909,3.75,3,3.833,4.053,3.533,3.062,2,4.75,3.25,4.9,3.35,3.895,3.95,4.6,"LLM추정(저신뢰,미검수)","보간(앵커거리기반,완만혼합)"
J01-024,건설·채굴직,콘크리트공,콘크리트공,3.667,3.667,4.133,2.933,4,3.233,3.167,3.433,3.4,3.2,3.367,4.4,3.6,3.233,2.733,2.667,1.333,1.1,1.133,1.233,1.267,1.2,1.367,1.167,1.233,2.1,1.9,3.033,2.867,1.7,1.733,1.9,1.267,1.467,1.433,1.233,1.3,1.3,1.5,1.2,1.133,1.133,1.1,1.167,3.267,1.367,1.833,1.867,1.933,2,1.333,1.75,1.6,2.4,3,2,1.6,1.667,3.125,3.154,4.12,3.414,2.588,2.294,3.2,2.333,2.273,2.5,2.5,2.429,2.429,2.8,2.2,2,2,2,2.25,3.964,2.875,3.133,2.733,3.714,"LLM추정(저신뢰,미검수)","보간(앵커거리기반,완만혼합)"
J02-001,경영·행정·사무직,감사 사무원,감사사무원,3.742,3.935,3.903,3.323,3.613,3.613,3.484,4.032,3.71,4,4.29,4.097,4.258,3.419,2.516,2.903,2.742,3.097,2.355,1.484,3.065,2.677,1.355,1.29,2.645,1.355,1.516,1.29,1.419,2.548,1.387,1.387,1.355,1.903,1.903,1.387,1.387,2.032,2.581,3.032,2.355,1.355,1.613,1.484,2.226,3.645,2.452,3.032,1.806,4.25,4.032,3.571,3.3,4.464,4.231,3.167,3.6,4.04,3.6,3.1,3.5,3.25,3.75,3.714,3.571,3.143,3.625,3.438,3.857,2.875,4.25,4,4.129,4.36,3.375,3.7,2.909,3.48,4.742,4,4.129,2.444,"LLM추정(저신뢰,미검수)","보간(앵커거리기반,완만혼합)"
J02-002,경영·행정·사무직,감정 전문가,감정평가사,4.2,4.1,4.3,3.6,3.933,3.833,3.833,3.733,3.667,4.067,4.367,4.2,4.167,4,2.733,4.3,2.3,3.167,2.8,2.833,3.833,2.333,1.6,1.4,2.6,1.967,1.667,2.067,1.933,2.867,1.767,1.4,1.367,2.433,2.367,2.833,1.367,2.933,2.3,2.7,2.667,1.567,2,2,3,2.9,2.267,2.433,1.667,5.214,4.5,4.375,5.368,4.767,4.812,4.556,4.556,3.793,4.4,4,3.588,4,4,3.857,4.111,4,3.591,4.25,4.524,3.25,5.136,4.5,4.04,3.852,3.769,3.25,4,3.964,3.963,4.684,4.182,3,"LLM추정(저신뢰,미검수)","보간(앵커거리기반,완만혼합)"
J02-003,경영·행정·사무직,경리 사무원,경리사무원,3.333,3.4,3.7,2.267,3.3,3.033,3.1,3.333,3.267,3.267,3.7,4.367,4,3.2,1.733,2.8,2.433,3.8,3.8,1.867,2.167,1.867,1.4,1.167,2.733,1.2,1.233,1.067,1.433,3.033,1.2,1.1,1.133,1.467,1.4,1.433,1.233,1.6,1.933,2.167,1.567,1.2,1.233,1.267,1.867,2.133,2.533,2.633,1.533,3.76,4.467,4.467,2.684,2.654,2.391,2.636,2.4,3.5,2,2.143,2,2,4.069,2.2,1.667,1.75,2,2.2,2.083,1.714,2.688,3,2.857,2.933,2,1.857,2,2.684,3.2,3.5,3.31,2.067,"LLM추정(저신뢰,미검수)","보간(앵커거리기반,완만혼합)"
J02-004,경영·행정·사무직,경영·진단 전문가,경영·진단전문가,4.117,3.65,4,4.067,4.1,3.883,3.883,3.75,3.683,3.95,4.167,4.05,3.85,3.633,3.733,4.283,3.683,3.433,3.733,3.55,3.767,3.067,2.6,1.967,2.633,2.1,2.167,1.683,1.85,2.717,1.683,1.733,1.85,2.9,2.467,1.817,1.783,3.567,3.75,3.05,2.883,1.767,1.717,1.817,2.617,3.183,2.35,3.467,1.833,4.569,4.475,4.533,4.424,4.525,4.472,3.826,3.962,4.217,3.969,4.114,3.087,3.667,4.235,3.905,3.667,3.654,4.16,3.69,3.724,3.455,4.789,5.051,4.293,3.883,3.348,4,3.741,3.927,4.207,4.513,4.404,3.308,"LLM추정(저신뢰,미검수)","보간(앵커거리기반,완만혼합)"
J02-005,경영·행정·사무직,고객 상담원 및 모니터 요원,고객상담원,3.367,3.667,3.733,2.767,3.8,4.033,3.667,4,4.2,3.8,3.833,3.733,3.733,3.033,2.633,2.867,1.9,2.7,1.933,2.967,3.9,1.667,1.467,1.2,2.267,1.233,1.133,1.033,1.6,1.7,1.033,1.067,1.333,2.867,1.7,1.133,1.533,2.833,1.967,2.233,1.167,1.167,1.033,1.333,2.067,1.9,2.533,2.833,1.3,3.545,3.464,3.5,4.783,5.034,4.333,3.571,5,3.85,3.75,5,2,3,3.9,5,1.5,3.25,4.133,4.5,2.5,3.833,4.042,4.214,4,2.75,4.5,4,4.333,4.667,3.692,3.957,3.92,3.8,"LLM추정(저신뢰,미검수)","보간(앵커거리기반,완만혼합)"
J02-006,경영·행정·사무직,고객 상담원 및 모니터 요원,의료코디네이터,3.467,3.8,3.733,3.1,3.967,4.1,4,3.633,3.767,3.867,4.033,4.2,3.767,3.133,2.633,2.833,2.6,3.167,2.667,3.033,3.9,2.633,1.967,1.8,2.333,1.767,1.8,1.567,1.8,2.133,1.5,1.6,1.733,2.8,1.867,1.533,3.2,3.333,2.5,2.467,2.5,1.6,1.567,1.533,2.167,2.067,2.067,2.467,1.633,3.417,4.167,3.913,4.077,4.414,4.053,4,4.3,3.8,3.636,3.25,3.1,2.733,3.562,3.222,3.5,3,3.5,3.417,3.333,3.926,4.345,4.05,3.591,3.625,3.2,3.222,3.333,3.714,3.529,4.312,3.667,3,"LLM추정(저신뢰,미검수)","보간(앵커거리기반,완만혼합)"
J02-007,경영·행정·사무직,관세사,관세사,4.133,4.133,4.233,3.633,3.7,3.833,4,3.933,4.033,3.7,4.233,4.6,4.033,3.467,3.233,3.867,3,3.467,3.067,3.233,3.567,2.767,1.933,1.433,2.767,1.967,1.267,1.167,1.7,2.233,1.467,1.867,1.4,2.167,1.733,1.5,1.4,2.267,2.967,2.7,3.133,1.467,1.333,1.367,2.367,4.133,2.233,2.9,2.5,3.633,4.133,3.9,3.867,4.167,4.138,3.188,2.8,3.96,3.789,2.875,2.75,3.091,3.682,2.769,2.857,2.556,3.524,3.143,3.273,2.625,4.105,4.069,3.96,4.207,2.889,2.75,2.875,3.16,4.8,3.348,4.077,3.208,"LLM추정(저신뢰,미검수)","보간(앵커거리기반,완만혼합)"
J02-008,경영·행정·사무직,관세행정 사무원,관세행정사무원,3.867,3.333,3.833,3.1,3.433,3.267,3.233,3.5,3.3,3.267,3.667,4.233,3.9,3.333,2.433,3.067,2.267,3.067,2.033,1.2,2.333,1.6,1.167,1.167,2.333,1.133,1.1,1.1,1.067,2,1.067,1.233,1.067,1.7,1.433,1.067,1.133,1.533,1.9,2.333,3,1.067,1.167,1,2.5,3.333,1.967,2.567,1.5,3.737,3.667,2.857,2.5,2.92,3.625,2.333,2.333,2.913,3,3,5,4,2.789,3,4,2,3.25,2.5,2,1.5,2.727,3.062,3.233,3.367,2,3.25,0,3.125,3.929,3.643,3.25,3,"LLM추정(저신뢰,미검수)","보간(앵커거리기반,완만혼합)"
J02-009,경영·행정·사무직,광고·홍보 전문가,광고·홍보·마케팅전문가,3.8,3.733,3.967,3.4,3.8,3.367,3.767,3.5,3.867,3.967,4.233,3.767,3.1,2.533,3.4,3.733,2.2,3.1,2.2,3.767,3.233,2.133,1.733,1.433,2,1.2,2.567,1.133,1.167,1.967,1.067,1.067,1.133,2.633,2.133,1.2,1.1,1.9,2.067,3,2.533,2.133,1.467,1.467,1.833,2.4,2,3.933,1.367,3.16,3.966,3.238,5.267,4.069,3.941,2.923,3,3.833,3.5,3.76,2.5,2.5,3.941,2,3.5,3,4.4,3.333,3.6,2.667,3.867,3.667,4.407,3.815,3.286,3.75,3.1,3.133,3.536,4.1,4.9,2.5,"LLM추정(저신뢰,미검수)","보간(앵커거리기반,완만혼합)"
J02-010,경영·행정·사무직,국가·지방행정 사무원,일반행정공무원,3.433,3.833,3.9,2.8,3.633,3.667,3.533,3.7,4,3.4,4,4.167,3.9,3.1,2.7,3.367,3.067,3.433,2.633,1.8,3.633,2.367,1.4,1.333,2.3,1.567,1.767,1.467,1.567,2.433,1.433,1.333,1.3,3.067,2.567,1.8,1.767,3.267,2.767,3.033,2.333,1.3,1.8,1.867,3.3,3.733,2.3,2.967,1.5,3.821,4.345,3.37,2.875,4.467,3.308,2.444,2.333,3.556,2.833,2.923,2.429,2.533,3.704,2.889,2.714,2.286,3.889,3.292,2.737,2.812,4.333,3.75,3.8,3.259,2.714,3.118,2.947,3.828,4.367,3.739,3.931,2.636,"LLM추정(저신뢰,미검수)","보간(앵커거리기반,완만혼합)"
J02-011,경영·행정·사무직,국가·지방행정 사무원,법원공무원,4.267,4.4,4.367,3.467,3.967,4.133,3.9,3.933,4.367,3.867,4.3,4.467,4.233,4,2.6,2.767,2.7,3.7,2.333,1.433,3.167,2.467,1.067,1.067,3,1.167,1.133,1.033,1.267,2.5,1.367,1.167,1.2,2.667,2,1.3,1.267,3.1,2.833,3.1,1.8,1.3,1.467,1.7,2.2,3.967,2.6,3.033,1.533,4.261,4.276,4,3.125,4.846,4.167,2.5,2.5,4.038,2.2,3,2,2.143,3.84,2.667,2.667,2.333,3.607,3.667,3,2.5,4,3.962,3.931,3,2.143,2.889,3.167,2.96,4.9,3.76,4,2.286,"LLM추정(저신뢰,미검수)","보간(앵커거리기반,완만혼합)"
J02-012,경영·행정·사무직,기타 사무원,출판·자료편집사무원,4.233,4.367,4.5,3.567,3.867,4.133,3.567,4.133,3.933,3.767,4.267,4.7,3.8,3.467,3.567,3.833,1.967,2.967,1.767,2.6,3.1,1.6,2.167,1.4,2.2,2,3.567,1.333,2,1.9,1.3,1.133,1.067,1.9,1.4,1.233,1.4,2.733,2.767,2.033,2.067,2.067,1.267,1.1,2.133,1.3,1.933,3.1,1.433,2.478,3.6,2.765,4.2,4.143,2.294,2.913,2.2,3,2.7,5.346,2.444,2.696,3.533,1.333,1.75,2,2.727,1.917,1.857,2.545,3.769,3.885,2.857,3.35,4.833,1.875,2,3.4,2.222,2.5,4.172,2.308,"LLM추정(저신뢰,미검수)","보간(앵커거리기반,완만혼합)"
J02-013,경영·행정·사무직,기타 사무원,속기사,4.5,4.6,4.5,3.2,3.833,3.767,3.9,4.467,4.633,4.067,4.4,4.767,4.467,3.6,1.867,3.5,1.8,2.8,1.7,1.9,2.6,1.367,1.2,1.033,2.8,1.133,1.033,1,1.367,1.6,1.167,1.067,1.067,2.033,1.433,1,1.067,2.367,2.133,3.767,2.2,1.2,1.433,1.367,1.833,2.633,2.233,2.833,1.1,3.714,4.24,3.929,3.222,3.815,3.833,3,2,4.222,2.25,2,0,2.857,3.867,2.2,2,2,3.765,3.429,0,1.5,3.12,3.55,4.143,3.81,2.333,3.125,2.75,3.333,3.793,4,4,3.333,"LLM추정(저신뢰,미검수)","보간(앵커거리기반,완만혼합)"
J02-014,경영·행정·사무직,기타 사무원,행정사,4.067,3.867,3.8,3.433,3.767,3.867,3.933,3.7,3.967,3.633,4.033,4.433,4.033,3.9,3.267,3.9,3.567,3.733,3.133,2.667,3.167,2.633,2.033,1.933,2.533,1.9,1.8,1.7,1.833,2.167,1.867,1.767,1.7,2.967,2.467,1.933,1.767,3.067,2.633,2.9,2.333,1.7,1.867,2.233,2.667,3.733,2.5,2.967,1.867,4.367,4.7,4.115,4.526,4.154,3.524,4.364,4,3.684,3.5,3.667,3.1,4.222,3.235,3.8,4,3.778,3.133,3.7,3.667,3.444,3.778,3.333,3.48,3.053,4.143,3.636,3.733,3.364,4.2,3.571,3.367,2.714,"LLM추정(저신뢰,미검수)","보간(앵커거리기반,완만혼합)"
J02-015,경영·행정·사무직,기타 사무원,취업알선원,3.967,3.933,4.267,3.5,3.833,4.133,4.067,3.967,4.167,3.867,4.267,4.433,4.367,3.433,2.633,3.033,2.633,3.033,2.7,2.633,3.333,3.533,1.067,1.1,1.7,1.133,1.167,1.367,1.067,1.733,1.067,1.067,1.033,2.933,1.967,1.367,1.3,3.933,2.533,1.967,1.333,1.033,1.1,1.6,2.733,2.7,1.867,2.7,1.1,3.409,3.63,2.931,3.708,4.154,4.464,3,3.5,3.417,3,3.5,4.25,4,3.312,4,3,3,3.76,3.538,2.3,2.125,4.3,3.167,3.4,2.889,2,2.667,3.111,3.217,3.783,3.5,3.333,2.667,"LLM추정(저신뢰,미검수)","보간(앵커거리기반,완만혼합)"
J02-016,경영·행정·사무직,기획·마케팅 사무원,경영기획사무원,4.033,3.767,4.033,3.133,3.667,3.3,3.6,3.7,3.933,3.633,4.1,4.433,4,3.6,2.333,2.7,3.767,3.6,3.033,2.5,2.367,2.633,1.6,1.1,2.8,1.233,1.167,1.1,1.167,2.533,1.167,1.2,1.067,1.933,1.6,1.167,1.133,2.1,2.267,2.833,2.4,1.133,1.2,1.167,2.067,2.567,2.567,2.9,1.567,4.333,4.5,4.04,4.238,3.842,4.3,3.067,3,3.964,3.4,3.5,2,2,3.8,2.75,2.2,2.5,2.957,3.364,3.25,2.667,3.429,3.727,3.643,3.464,3.333,3.2,2.75,3.091,3.296,3.828,3.767,2.333,"LLM추정(저신뢰,미검수)","보간(앵커거리기반,완만혼합)"
J02-017,경영·행정·사무직,기획·마케팅 사무원,광고·홍보·마케팅사무원,4.167,3.767,3.933,2.767,3.933,3.733,3.7,3.533,3.633,4,3.767,4.1,3.7,3.133,3.7,3.667,2.267,3.467,2.4,4.633,3.733,1.6,1.467,1.2,2.267,1.2,1.767,1.067,1.2,1.533,1.033,1.033,1.167,2.733,1.867,1.067,1.067,2.567,2.233,2.633,2.867,1.7,1.167,1.3,1.5,1.733,2.5,3.267,1.067,3,3.867,3.16,5.333,4.4,2.385,2.4,2.2,3.421,1.667,3.417,1.5,1.833,2.833,1,2,3.667,3.56,3,1.5,2,3.333,3.333,3.036,3.519,3,2.667,2.375,2.5,2.714,3.565,4,1,"LLM추정(저신뢰,미검수)","보간(앵커거리기반,완만혼합)"
J02-018,경영·행정·사무직,기획·마케팅 사무원,영업기획·관리·지원사무원,4.1,3.767,3.983,2.95,3.8,3.516,3.65,3.617,3.783,3.816,3.933,4.266,3.85,3.367,3.016,3.184,3.017,3.534,2.716,3.566,3.05,2.117,1.534,1.15,2.534,1.216,1.467,1.084,1.184,2.033,1.1,1.116,1.117,2.333,1.734,1.117,1.1,2.334,2.25,2.733,2.633,1.416,1.184,1.234,1.784,2.15,2.534,3.084,1.317,3.666,4.184,3.6,4.786,4.121,3.342,2.734,2.6,3.692,2.534,3.458,1.75,1.916,3.316,1.875,2.1,3.084,3.258,3.182,2.375,2.334,3.381,3.53,3.34,3.492,3.166,2.934,2.562,2.796,3.005,3.696,3.883,1.666,"LLM추정(저신뢰,미검수)","보간(앵커거리기반,완만혼합)"
J02-019,경영·행정·사무직,무역 사무원,무역사무원,3.933,4.133,4.167,3.567,3.633,3.9,3.633,4.2,4.1,4.133,4.233,4.3,4.133,3.833,2.467,3.333,2.933,3.8,3.267,2.833,3.167,2.767,2.367,1.1,2.9,1.2,1.4,1,1.2,2.933,1.433,1.167,1.1,2.2,1.533,2.167,1,2.233,2.367,2.8,3.567,1.333,1.367,1.2,2.067,2.767,2.367,3.067,2.833,4.667,4.833,4.379,4.75,4.357,3.913,4.778,3.333,4.1,2.8,3.2,0,2.4,4.172,2.167,2.75,2.667,3.346,2.714,3.6,0,3.4,4.087,3.833,4.833,3,3,2.4,3.214,3.667,4.217,4.133,4.231,"LLM추정(저신뢰,미검수)","보간(앵커거리기반,완만혼합)"
J02-020,경영·행정·사무직,병무행정 사무원,병무행정사무원,3.8,4.1,4.033,3.633,4.2,4.1,4.2,3.967,3.7,3.867,4.033,4.3,4.1,3.3,3,3.433,3.433,3.867,2.6,2.167,3.3,2.5,1.1,1,1.567,1.1,1.767,1.067,1.233,1.533,1.133,1.067,1.133,2.467,2.267,1.8,1.4,2.9,2.433,3.267,2.5,1.733,1.8,1.5,2.8,3.133,2.233,2.8,1.633,4.517,4.5,4,3.875,4.067,3.773,5,0,3.667,4,3.9,3,3.75,3.778,2.667,3,2.333,3.85,4.059,3.417,3.286,4.174,3.895,4.259,3.952,3.5,2.929,2.8,4,3.714,3.5,3.923,2.467,"LLM추정(저신뢰,미검수)","보간(앵커거리기반,완만혼합)"
J02-021,경영·행정·사무직,비서,비서,4.267,4.367,4.5,2.967,4.233,4.233,4.033,4.433,4.333,4.233,4.567,4.733,4.567,3.533,2.3,3.133,2.267,3.767,2.5,1.9,3.167,2.233,1.4,1.333,2.6,1.333,1.3,1.4,1.333,2.633,1.4,1.533,1.433,3,1.567,1.5,1.367,2.867,2,2.967,3.3,1.367,1.333,1.267,2.767,2.667,2.833,3.033,1.667,3.636,4.667,3.519,3.136,4.367,3.28,2.6,2.556,3.793,2.875,2.429,3.4,2,4,2.909,2.917,2.7,3.867,2.929,2.909,2.125,4.318,3.15,3.821,4.4,2.444,2.778,3,3.567,3.885,4.033,4.133,2.533,"LLM추정(저신뢰,미검수)","보간(앵커거리기반,완만혼합)"
J02-022,경영·행정·사무직,상품 기획자,상품기획자,4.1,3.6,4.067,3.633,3.9,3.467,4,3.767,4.067,4.033,3.867,4.333,3.333,3.533,4.033,4.067,2.7,3.033,2.367,4,3.333,1.9,3.333,1.7,2.167,1.433,3.1,1.4,1.4,2.233,1.267,1.433,1.367,2.667,1.933,1.3,1.333,1.733,2.333,2.533,2.767,2.167,1.533,1.3,1.733,2.4,2.1,3.3,1.933,3.609,3.862,3.304,5.267,3.8,3.533,3.69,3.364,4.059,2.778,3.542,2.5,2.111,3.85,3,3.429,2.833,3.818,3.133,3,2.857,3.786,4.158,3.958,3.821,3.438,3.667,3.4,3.182,3.542,4.333,4.148,3.062,"LLM추정(저신뢰,미검수)","보간(앵커거리기반,완만혼합)"
J02-023,경영·행정·사무직,생산·품질 사무원,생산관리사무원,3.767,3.6,3.767,3.367,3.467,3.533,3.567,3.6,3.567,3.633,3.367,4.033,3.7,3.233,2.967,3.367,3.1,3.4,2.6,2.2,2.7,2.267,3.167,1.433,2.033,1.667,1.7,1.167,2.6,2.1,1.233,1.5,1.133,2.033,1.633,1.233,1.033,2.033,2.333,1.933,2.3,1.033,1.1,1.067,2.1,1.767,2.2,2.5,1.567,4.4,4.3,4.091,3.611,3.708,3.5,4.143,3.571,3.444,3.231,3.545,2.2,4.368,3.421,2.429,3,2.25,3.368,2.615,2.5,2,3.278,3.682,3.278,3.083,2,2.667,2.5,3.471,3,3.632,3.625,2.727,"LLM추정(저신뢰,미검수)","보간(앵커거리기반,완만혼합)"
J02-024,경영·행정·사무직,생산·품질 사무원,품질관리사무원,3.4,3.367,3.533,3.133,3.4,3.3,2.967,3.3,2.967,3.233,3.567,3.533,3.3,3.033,2.9,3,2.467,2.5,1.567,1.567,1.933,1.467,3.8,1.333,2.267,2.1,1.433,1.2,2.467,1.933,1.4,1.933,1.367,1.633,1.4,1.267,1.167,1.733,2.4,2,2.067,1.233,1.233,1.167,2.067,1.967,2.133,2.5,1.3,3.074,3.034,2.909,2.75,3.375,3.444,4.667,3.4,3.737,4.571,3.222,2.5,3.292,3.529,2.889,3.412,2.714,3.444,3.714,2.286,3.333,3.583,3.619,3.333,2.955,2.8,3.4,3,3.769,3.529,2.708,3.321,3.6,"LLM추정(저신뢰,미검수)","보간(앵커거리기반,완만혼합)"
J02-025,경영·행정·사무직,세무사,세무사,4,4.033,4.2,3.533,3.8,3.733,3.933,3.767,3.767,3.5,3.767,4.1,4.133,3.4,3.2,3.9,3.533,3.367,4,2.633,3.233,1.833,1.2,1.133,2.333,1.3,1.133,1.3,1.133,2.967,1.067,1.033,1,2.8,1.7,1.233,1.1,3.133,2.433,1.967,2.633,1.3,1.3,1.8,2,3.4,1.633,2.633,1.067,4.367,4.4,5.4,3.481,4.593,3.294,2.5,2.667,3.727,2.857,3.333,3.2,2.333,4.208,3,4,0,3.833,3.308,3.25,2.5,4.833,3.455,3.105,4.125,2.8,3.4,3.917,3.4,5.391,3.154,4.217,2.5,"LLM추정(저신뢰,미검수)","보간(앵커거리기반,완만혼합)"
J02-026,경영·행정·사무직,안내·접수원 및 전화교환원,안내 및 접수사무원,3.3,3.5,3.367,2.6,3.633,3.767,3.5,3.267,3.767,3.533,3.533,3.433,3,2.8,2.2,2.567,2.1,2.567,1.933,1.667,4,1.633,1.033,1,2.3,1.1,1.267,1.2,1.5,1.533,1.133,1.1,1.067,2.767,1.8,1.633,1.267,2.9,1.733,2.567,2.7,1.033,1.4,1.4,2.133,1.967,2.6,2.7,1.533,3.222,3.458,3.312,3.25,4.333,2.8,3,0,3.591,3,2.857,2.4,3,3.727,2.75,3,2.5,3.517,2.667,3.143,2.4,3.571,2.833,3.071,3.414,2,3.857,3.714,2.75,2.875,3.207,3.296,3,"LLM추정(저신뢰,미검수)","보간(앵커거리기반,완만혼합)"
J02-027,경영·행정·사무직,운송 사무원,도로운송사무원,3.3,3.333,3.533,3.3,3.633,3.833,3.7,3.267,3.333,3.4,3.733,3.833,3.5,2.867,2.733,3,3.033,3.133,2.633,2.433,2.9,2.333,1.067,1,1.8,1.2,1,1,1.8,2.4,1.167,1.1,1,2.067,1.8,2.067,1,1.9,2.167,1.767,1.333,1,1,1.133,2.967,2.333,2.4,2.667,3.667,3.821,3.867,3.407,3.524,3.519,3.684,3,0,3.308,3.167,0,0,3.357,3.172,2.75,3,0,3.75,3.357,3.688,0,3.333,3.375,3,3,0,0,3,4.053,3.571,3.407,3.519,4.067,"LLM추정(저신뢰,미검수)","보간(앵커거리기반,완만혼합)"
J02-028,경영·행정·사무직,운송 사무원,철도·지하철운송사무원,3.867,3.6,3.733,3.667,4,4,3.8,3.833,3.933,3.933,4.133,4.033,3.833,3.333,3.167,3.967,2.667,3.1,2.4,2.333,3.5,2.267,1.233,1,3.3,2.667,1.8,1.433,2.567,2.133,2,1.767,1.1,2.233,2.3,2.6,1.567,2.133,2.9,1.967,1.933,1.133,1.367,1.533,3.4,2.7,3.267,3.433,3.867,3.724,3.867,3.538,3.75,4.483,3.522,3.5,0,4.345,4,3.2,2.7,3.957,3.381,3.25,2.944,3,3.857,3.714,3.875,2.714,3.75,4.36,3.048,2.739,2,2.545,2.667,4.167,3.893,4.267,4.552,4.667,"LLM추정(저신뢰,미검수)","보간(앵커거리기반,완만혼합)"
J02-029,경영·행정·사무직,운송 사무원,항공운송사무원,3.833,4.133,4.167,3.467,4.4,4,4.167,3.9,3.933,4.133,4.133,4.467,3.7,3,2.6,3.867,2.633,3.467,2.433,1.667,3.633,2.267,1.4,1.167,2.667,1.733,1.467,1.167,1.667,2.667,1.767,1.5,1.2,2.867,1.667,2.767,1.467,2.7,3.133,2.767,4.267,1.1,1.233,1.2,4.067,3.167,3.2,3.133,4.1,3.913,4.167,3.16,3.5,4.593,3.308,2.889,2.25,4.042,3.833,3.636,3,3.538,4.04,4.636,4,3,4.192,3.167,4.042,2.4,4.167,4.444,3.889,5.133,3,3.8,2.8,4.433,3.964,4.214,4.185,4.833,"LLM추정(저신뢰,미검수)","보간(앵커거리기반,완만혼합)"
J02-030,경영·행정·사무직,운송 사무원,수상운송사무원,3.467,3.6,3.9,3.2,3.767,3.667,3.667,3.767,3.933,3.7,3.967,4.2,3.933,3.2,2.9,3.6,2.567,3.4,2.9,2.5,2.833,2.433,1.1,1,2.433,1.067,1.133,1,1.433,2.133,1.367,1.033,1.067,1.7,1.533,2.333,1.267,1.9,2.033,1.833,2,1,1.233,1.067,3.033,2.733,2.567,2.367,3.233,3.45,3.667,3.692,3.722,4.091,3.286,3,0,3.667,5,2,0,3,3.412,2.833,2,3,3.455,2.909,3.529,2.167,3.214,3.5,3.2,3.188,0,3.2,3,3.6,3.556,4.13,3.8,3.962,"LLM추정(저신뢰,미검수)","보간(앵커거리기반,완만혼합)"
J02-031,경영·행정·사무직,인사·교육·훈련 사무원,인사·교육·훈련사무원,4.033,3.7,3.9,3.633,4.067,3.733,3.733,3.633,3.633,3.633,4.133,4.167,4.1,3.533,3.167,3.3,2.867,3.633,2.5,2.267,2.467,4.233,1.467,1.3,2.3,1.433,1.733,1.033,1.167,2.533,1.2,1.2,1.133,2.767,2.067,1.033,1.433,3.067,3.667,2.933,2.8,1.2,1.233,1.467,2.233,2.867,2.4,3.133,1.167,3.857,4.533,3.76,3.667,3.692,4.667,2.846,3.667,3.538,4.1,3.8,3,2.25,4.071,2.167,3,5,3.893,3.286,3,2.444,4.321,4.5,3.633,4.154,3.5,4.5,3.4,3.038,3.733,4,3.897,2.4,"LLM추정(저신뢰,미검수)","보간(앵커거리기반,완만혼합)"
J02-032,경영·행정·사무직,인사·노무 전문가,노무사,4.567,4.467,4.767,3.633,3.933,3.667,3.967,3.867,3.9,4,4.633,4.433,3.9,3.833,3.433,3.8,3.233,3.567,2.733,3.333,3.933,3.833,1.7,1.533,3.367,1.667,1.6,1.467,1.6,2.367,1.6,1.533,1.2,3,2.833,1.967,2,3.667,3.2,3.033,2.4,1.167,1.3,1.633,2.567,4.167,2.767,3.233,1.267,4.179,4.552,4.143,4.185,4.5,4.267,2.368,2.188,4,3.5,2.765,2.714,2.235,3.75,3,2,2.167,3.966,3.333,2.944,2.611,4.793,4.259,4.192,3.708,2.6,2.857,3.154,3.148,5.357,4.042,3.966,2.833,"LLM추정(저신뢰,미검수)","보간(앵커거리기반,완만혼합)"
J02-033,경영·행정·사무직,인사·노무 전문가,인적자원전문가,3.933,3.967,4.033,3.767,4,4.2,3.967,3.967,3.967,4.033,4.233,4.133,4.033,3.533,2.9,3.467,2.867,3.533,2.1,2.8,4.2,3.367,1.733,1.233,2.067,1.4,1.4,1.067,1.3,2,1.167,1.1,1.033,3.933,3.033,1.433,1.4,4.333,3.8,3.4,2.833,1.267,1.567,1.9,2.3,2.933,2.167,3.433,1.367,3.571,4.4,3.588,4.714,4.667,5.08,3.385,2.714,3.941,3.667,3.444,3,2.571,4.6,3,3,3,4.533,3.84,3.875,2.2,5.733,5.148,4.333,4.32,3,3.429,3.733,3.471,4,4.471,4.259,3.143,"LLM추정(저신뢰,미검수)","보간(앵커거리기반,완만혼합)"
J02-034,경영·행정·사무직,자재·구매·물류 사무원,자재·구매사무원,4.3,4.233,4,3.567,4.133,3.633,4.267,3.9,3.967,3.633,3.767,4.533,4.033,3.8,3.3,3.733,3.567,3.967,3.267,3.3,3.6,2.4,3.4,1.8,2.8,1.333,2.567,1.533,1.533,1.833,1.333,1.333,1.367,2.5,2.967,2.033,1.667,2.833,2.6,2.967,3,2.367,1,1.267,3.167,2.5,3.433,3.6,1.967,4.769,4.7,4.192,4.696,4.464,4,4.179,4,3.179,4,3.476,3,3.125,3.667,2.667,3,2.714,3.524,4,3.2,3,4.182,3.364,3.207,3.367,3.632,0,2.625,4.417,2.88,3.867,4.1,3.188,"LLM추정(저신뢰,미검수)","보간(앵커거리기반,완만혼합)"
J02-035,경영·행정·사무직,자재·구매·물류 사무원,물류사무원,3.767,3.4,3.667,2.967,3.733,3.433,3.833,3.5,3.6,3.533,3.467,3.833,3.4,3.4,3.067,3.067,2.867,3.133,2.633,2.867,3.1,1.667,2.433,1.433,3.2,1.833,1.233,1.067,1.833,2.667,1.433,1.133,1,1.733,1.433,1.267,1.167,1.867,2.067,2.067,2.067,1.133,1.3,1.233,2.767,1.733,3.033,3.133,2.933,3.87,4.034,3.667,3.846,4.111,2.647,3.842,4.167,4.192,2.824,2.5,2,2.75,3.909,2.273,2,0,2.882,2.545,3.5,2.2,2.762,2.857,2.696,2.792,2.5,2.286,2,3.448,2.632,3.75,3.8,3.815,"LLM추정(저신뢰,미검수)","보간(앵커거리기반,완만혼합)"
J02-036,경영·행정·사무직,전산자료 입력원 및 사무 보조원,전산자료입력원 및 사무보조원,2.867,2.8,3.133,1.733,2.7,2.5,3,2.633,2.833,3.033,3.133,3.533,2.933,2.1,2.1,2.3,1.633,2.967,1.633,1.2,2.333,1.033,1.4,1,2,1.1,1.033,1,1.1,1.633,1,1,1,1.433,1.067,1,1,1.3,1.5,1.567,1.133,1,1,1.033,1.133,1.033,1.867,2.167,1.033,3.1,3.433,2.6,4.333,2.773,3,2.25,0,3.04,3,2,0,2,3.438,0,0,0,1.692,2.5,0,0,2.25,2.429,2.438,2,0,0,2,2.75,2,2.826,2.714,2,"LLM추정(저신뢰,미검수)","보간(앵커거리기반,완만혼합)"
J02-037,경영·행정·사무직,정부·공공행정 전문가,정부·공공행정전문가,3.467,3.6,3.667,3.367,3.833,3.433,3.567,3.9,3.767,3.533,4.067,4.133,3.633,3.3,2.567,3.867,2.433,3.2,1.867,1.467,3.1,2.233,1.767,1.667,2.5,1.933,2,1.9,1.9,2.6,1.867,1.4,1.5,2.267,2.4,1.9,1.6,2.5,2.8,3.167,2.3,1.467,1.767,1.533,2.867,3.333,2.3,3,1.833,3.769,3.862,3.5,3.111,3.897,3.409,3.545,3.556,4.087,4.286,3.667,3.231,3.071,3.92,3.923,3,3.444,3.429,3.391,3.235,3.273,4.19,3.88,4.231,3.762,3.111,3.429,3.364,3.346,4.286,4.05,3.923,3.143,"LLM추정(저신뢰,미검수)","보간(앵커거리기반,완만혼합)"
J02-038,경영·행정·사무직,조사 전문가,조사전문가,3.8,4.083,4.1,3.717,4.367,3.65,3.8,3.75,4.2,3.85,4.283,4.467,3.367,3.367,3.183,4.483,2.2,3.883,1.95,3.333,3.733,1.833,1.333,1.15,1.95,1.2,1.833,1.1,1.167,3.25,1.133,1.15,1.133,3.067,2.5,1.35,1.15,1.717,2.317,3.35,2.783,1.283,1.35,1.317,1.45,1.867,1.867,2.967,1.233,3.667,4.153,3.118,4.981,4.407,3.5,3.286,3,4.065,3.4,3.088,2.8,2.444,4.741,2.857,2.75,3.167,4.339,3.818,3.267,2.25,4.042,4.047,4.31,4.577,3.077,3.6,3.154,3.111,3.206,3.967,4.235,2.889,"LLM추정(저신뢰,미검수)","보간(앵커거리기반,완만혼합)"
J02-039,경영·행정·사무직,조세행정 사무원,조세행정사무원,3.033,3.2,3.367,2.833,3.333,3.467,3,3.833,3.633,3.033,3.7,3.8,3.8,3.133,2.467,3.2,2.633,3.333,3.333,1.367,2.333,1.733,1,1,1.6,1.067,1.033,1.033,1.1,2.933,1,1,1.033,1.967,1.367,1.233,1.067,2,1.9,2.567,1.467,1,1.167,1,2.267,3.033,1.767,2.267,1.167,3.542,3.9,4.276,3.75,4,3.917,0,0,3.636,2.5,3,2,2.333,4.304,0,0,2,4,3.143,3.2,2,3.733,4.333,3.533,2.889,0,3.333,0,3.765,4.55,3.929,3.5,2.5,"LLM추정(저신뢰,미검수)","보간(앵커거리기반,완만혼합)"
J02-040,경영·행정·사무직,총무 사무원 및 대학 행정조교,총무사무원,3.333,3.4,3.633,3,3.9,3.7,3.333,3.4,3.3,3.533,3.767,3.933,3.733,2.833,2.867,3.2,3.067,3.7,2.9,2.133,2.533,2.8,1.767,1.3,2.433,1.467,1.4,1.3,1.8,2.733,1.633,1.367,1.433,2.4,1.9,1.767,1.667,2.467,2.567,2.567,2.267,1.533,1.6,1.6,2.567,2.733,2.7,2.7,1.9,3.667,4.433,3.517,2.667,3.16,3.259,2.421,2,3.375,2.417,2.4,1.8,1.952,3.586,2.133,2.4,2,3.375,2.4,2.529,2.176,3.375,3.667,3.333,3.409,1.933,2.133,2.312,3.2,3.615,3.885,3.692,2.19,"LLM추정(저신뢰,미검수)","보간(앵커거리기반,완만혼합)"
J02-041,경영·행정·사무직,통계 사무원,통계사무원,3.633,3.833,3.867,3.267,3.867,3.5,3.833,3.767,3.833,3.6,3.967,3.933,3.667,3.333,2.433,3,1.767,2.433,1.933,2.233,3,1.933,1.367,1.233,2.333,1.2,1.267,1.067,1.1,1.833,1.067,1.067,1.1,2.467,1.6,1.733,1.2,2.033,2.067,2.267,2,1.233,1.367,1.2,1.633,1.7,2.333,2.567,1.633,3.667,3.36,3.312,3.941,3.962,4.308,3.143,3.25,3.579,3,2.8,2.5,2.667,3.444,3,2.5,2.333,3.696,3.182,3.071,3,3.667,4.235,3.714,3.368,3.2,3.125,3.167,2.923,3.143,4.08,3.739,3.3,"LLM추정(저신뢰,미검수)","보간(앵커거리기반,완만혼합)"
J02-042,경영·행정·사무직,행사 기획자,공연·영화 및 음반기획자,3.467,3.6,3.733,3.167,3.5,3.2,3.533,3.6,3.6,3.767,3.7,3.667,3.067,3.1,3.433,3.333,2.533,2.367,2,2.567,2.7,1.967,1.733,1.1,2.633,1.233,2.733,1.033,1.6,1.767,1.033,1,1.1,2.433,1.967,1.4,1.167,2,2.533,2.933,2.8,3.833,1.6,1.633,2.533,2.567,2.5,3.533,1.433,3.259,3.207,3.4,4.16,3.346,3.053,3.455,2.5,4.182,3.333,3.6,3,2.25,2.75,2,0,2.333,3.68,2.619,2.5,2,3,3.407,3.793,3.679,4.633,2.846,2.5,3.4,3.593,3.957,4.5,2.5,"LLM추정(저신뢰,미검수)","보간(앵커거리기반,완만혼합)"
J02-043,경영·행정·사무직,행사 기획자,행사기획자,3.967,4.117,4.2,3.967,4.367,3.95,4.083,3.85,3.883,4.083,4.033,4.4,3.533,3.217,3.8,3.783,2.983,3.667,2.75,3.567,3.65,2.6,1.967,1.45,2.433,1.65,3.217,1.583,1.9,2.25,1.417,1.383,1.4,2.717,2.567,1.883,1.783,2.3,2.733,3.133,3.217,2.75,1.967,1.55,2.75,2.5,2.7,3.483,2.083,3.714,4.4,3.537,4.754,4.655,3.837,3.182,3.385,3.791,4.105,3.893,3.286,3.029,3.783,3.438,3.385,3.133,3.98,3.644,3.438,2.926,3.854,4.059,4.071,4.536,4,3.424,3.45,3.647,3.635,4.375,4.456,3.429,"LLM추정(저신뢰,미검수)","보간(앵커거리기반,완만혼합)"
J02-044,경영·행정·사무직,행사 기획자,공연·영화·음반기획자,3.467,3.6,3.733,3.167,3.5,3.2,3.533,3.6,3.6,3.767,3.7,3.667,3.067,3.1,3.433,3.333,2.533,2.367,2,2.567,2.7,1.967,1.733,1.1,2.633,1.233,2.733,1.033,1.6,1.767,1.033,1,1.1,2.433,1.967,1.4,1.167,2,2.533,2.933,2.8,3.833,1.6,1.633,2.533,2.567,2.5,3.533,1.433,3.259,3.207,3.4,4.16,3.346,3.053,3.455,2.5,4.182,3.333,3.6,3,2.25,2.75,2,0,2.333,3.68,2.619,2.5,2,3,3.407,3.793,3.679,4.633,2.846,2.5,3.4,3.593,3.957,4.5,2.5,"LLM추정(저신뢰,미검수)","보간(앵커거리기반,완만혼합)"
J02-045,경영·행정·사무직,회계 사무원,회계사무원,3.967,3.8,3.9,3.4,3.667,3.567,3.8,3.367,3.667,3.733,4.067,4.333,4.2,3.7,3.3,3.867,3.167,3.467,3.4,2.3,2.633,2.033,1.7,1.3,2.2,1.533,1.367,1.2,1.333,3.367,1.333,1.233,1.233,2,1.667,1.267,1.133,2.3,2.167,2.433,1.733,1.167,1.133,1.133,1.933,2.667,2.133,2.467,1.333,3.897,4.4,4.333,3.04,3.286,2.895,2.714,2.333,3.611,2.7,2.714,2.4,2.429,4.067,2.571,2.4,2.6,2.889,2.923,2.333,2.25,2.846,3.238,3.167,2.611,2,2.5,2.25,2.579,3.727,3.174,3.5,2.429,"LLM추정(저신뢰,미검수)","보간(앵커거리기반,완만혼합)"
J02-046,경영·행정·사무직,회계사,회계사,4.133,3.967,4.367,3.7,4,3.767,3.933,4.167,4.4,3.767,4.333,4.667,4.3,3.7,3.067,4.233,3.6,3.5,4.467,2.867,3.267,2.567,1.567,1.233,2.4,1.2,1.533,1.1,1.2,2.967,1.233,1.067,1.133,2.733,1.833,1.467,1.367,3.567,2.467,3.2,2.733,1.333,1.6,1.667,1.933,4.033,2.3,3.267,1.3,4.379,4.3,5.467,4.074,4.346,3.708,3.25,3,3.346,3,3.2,2,2.6,3.929,2.75,2,2.667,3.833,4,3.714,2.875,4.5,4.474,4.37,3.846,3,3.5,3.6,3.25,4.552,3.75,4.071,3,"LLM추정(저신뢰,미검수)","보간(앵커거리기반,완만혼합)"
J02-047,관리직(임원·부서장),건설·채굴 관리자,건설·채굴관리자,3.9,3.9,4.067,4,3.9,3.867,3.8,3.767,3.7,3.5,3.8,4.067,3.733,3.267,2.967,3.8,2.467,2.667,1.967,1.7,2.4,2.667,2.067,1.033,2.2,2.867,2.267,3.833,2.7,2.167,2.2,1.733,1.2,1.867,1.5,1.5,1.367,2.067,2.2,1.6,1.733,1.133,1.167,1.2,3.467,2.7,2.1,2.333,1.6,3.28,3.172,2.81,3.667,3.545,3.37,3.688,2,3.364,3.667,3.13,4.714,3.448,3.043,3.12,2.824,2.8,3.562,2.8,2.364,3.286,3,3.667,3.077,2.895,3.333,3.667,3.2,3.724,3.1,2.92,3.077,2.538,"LLM추정(저신뢰,미검수)","보간(앵커거리기반,완만혼합)"
J02-048,관리직(임원·부서장),경비·청소 관리자,경비·청소관리자,3.233,3.067,3.6,3.733,3.6,3.4,3.633,3.6,3.433,3.433,3.867,3.5,3.467,2.9,2.967,2.9,2.967,2.933,2.367,2.967,3.4,2.667,1.133,1.1,1.767,1.167,1.033,1.767,1.9,1.267,1.267,1.367,1.233,1.567,1.3,1.233,1.3,1.967,2.1,1.333,1.267,1.033,1.133,1.1,2.7,2.167,1.733,2.433,1.433,3.655,3.621,3.696,4.208,4.448,3.769,4,4,3.571,2.75,3,2.933,3.643,3.667,3.4,3.571,3.25,3.444,3.333,3,2.6,4.154,3.368,3,2.625,3,2.667,3.5,3.682,3.278,3.176,3.64,4.167,"LLM추정(저신뢰,미검수)","보간(앵커거리기반,완만혼합)"
J02-049,관리직(임원·부서장),경영지원 관리자,경영지원관리자,4,4,4.033,3.967,4.033,3.767,3.867,4.1,3.967,3.6,4.467,4.233,4.4,3.533,3.467,4,3.6,3.5,3.467,2.867,3.067,3.3,2.133,1.5,2.2,1.6,1.467,1.167,1.533,2.667,1.3,1.3,1.233,2.667,2,1.367,1.233,2.6,2.867,2.667,2.733,1.3,1.5,1.467,2.7,3.433,1.867,2.8,1.467,4.5,4.8,4.69,4,3.931,4.778,3.7,4.143,4.136,3.545,3.182,2.5,2.909,4.333,3.167,3.333,3.2,4.077,3.688,3.143,2.6,3.875,4.5,4.2,3.852,2.857,3.9,3.182,3.708,4.172,4.188,4.208,2.7,"LLM추정(저신뢰,미검수)",실측
J02-050,관리직(임원·부서장),교육 관리자,유치원 원장 및 원감,4.3,4.067,4.3,4.067,3.6,3.7,4.233,3.767,3.933,3.467,3.767,4.2,4.3,3.1,3.033,3.133,3.5,3.233,2.733,2.767,3.4,2.9,1,1.233,2.267,1,1.1,1.267,1.1,1.567,1,1,1.567,3.267,2.233,1.733,1.767,3.633,3.8,2.933,2.633,2.067,2.067,1.533,2.433,1.6,2.5,2.967,1.5,3.967,3.667,3.444,4.045,4.346,3.821,0,3,3,0,4,2.167,2,2.125,0,0,3.556,3.929,2.792,2.5,2.357,4.2,4.4,3.519,2.9,3.368,2.955,3.556,3.05,2.5,3.074,3.448,1.778,"LLM추정(저신뢰,미검수)","보간(앵커거리기반,완만혼합)"
J02-051,관리직(임원·부서장),교육 관리자,초등학교 교장 및 교감,3.9,4.067,4.3,4.4,4.367,4.433,4.3,4.233,4.167,4.3,4.5,4.233,4.3,3.733,3.267,3.533,3.6,3.467,2.9,2.033,3.433,3.467,1.7,1.467,2.833,1.833,1.8,1.667,1.833,2.567,1.967,1.9,2.333,3.4,2.967,2.4,2.233,3.633,4.233,3.667,2.9,2.767,3.167,2.767,3.433,3.067,2.567,3.367,1.967,4.5,4.2,4.12,4.214,4.75,4.8,4.5,4,4.269,3.611,3.733,3.429,2.579,4.583,3.529,3.333,3.5,4.167,3.679,4.2,3.136,4.621,5.067,4.483,4.214,4,4.214,3.926,4.286,4.25,4.32,4.276,3,"LLM추정(저신뢰,미검수)","보간(앵커거리기반,완만혼합)"
J02-052,관리직(임원·부서장),교육 관리자,중고등학교 교장 및 교감,4.515,4.485,4.606,4.485,4.636,4.545,4.424,4.455,4.424,4.485,4.576,4.424,4.576,4.091,3.909,3.97,3.939,4,3.364,2.848,3.697,3.697,1.97,1.879,3.364,2.303,2.303,2.152,2.121,2.97,2.424,2.364,2.394,3.909,3.364,3.273,2.939,4.576,4.303,3.697,3.333,3.182,3.545,3.03,3.909,3.545,3.242,3.606,2.303,4.515,4.848,4.061,3.516,4.424,4.562,3.278,3.059,4.312,3.583,3.333,3.333,3.333,4.607,3.955,4.045,4,4.727,4,4.125,3.094,5.606,5.212,4.545,4.182,3.935,4.485,3.968,4.303,4.091,4.061,4.364,3.375,"LLM추정(저신뢰,미검수)","보간(앵커거리기반,완만혼합)"
J02-053,관리직(임원·부서장),교육 관리자,대학교 총장 및 대학학장,4.267,4.167,4.333,4.367,4.133,4.133,4.1,4.067,3.467,4,4.067,3.9,3.9,3.667,3.4,3.533,3.367,2.867,2.767,1.833,2.5,3.067,1.5,1.467,2.533,1.7,1.5,1.367,1.333,1.867,1.533,1.5,1.6,2.7,2.367,1.5,1.5,2.633,3.233,3.033,3.2,1.733,2.2,2.033,2.367,2.467,1.967,3.1,1.367,4.214,3.759,3.885,3.133,3.522,4.154,3.375,3.5,3.5,3.545,4,3.286,3.2,3.929,3.857,4,4.125,3.667,3.667,4.143,4.333,4.167,4.4,4.308,4.704,3.909,3.833,4.188,3.154,4,4.118,3.7,3.333,"LLM추정(저신뢰,미검수)","보간(앵커거리기반,완만혼합)"
J02-054,관리직(임원·부서장),금융·보험 관리자,금융관리자,4.29,4.226,4.419,3.903,4.194,4.258,4.387,4.258,4.355,4.065,4.484,4.516,4.548,3.774,3.387,4.032,3.742,3.839,4.226,4.129,4.129,3,1.548,1.226,3.065,1.258,1.226,1.194,1.258,3.516,1.258,1.226,1.194,2,1.581,1.258,1.226,3.452,3,2.419,3.097,1.323,1.355,1.355,2.516,2.516,2.71,3.032,1.581,4.645,4.806,5.226,5.419,5.323,4.31,4.571,3.25,4.25,4.2,4.25,4,3.6,4.714,3.667,3.6,3.75,3.929,4,4,3.8,4.731,4.385,3.769,4.214,4,4.4,3.571,4.143,4.182,3.963,4.214,3.333,"LLM추정(저신뢰,미검수)","보간(앵커거리기반,완만혼합)"
J02-055,관리직(임원·부서장),금융·보험 관리자,보험관리자,4.533,4.467,4.533,4.7,4.333,4.3,4.467,4.167,4.4,4.267,4.533,4.4,4.467,3.633,3.133,3.767,3.6,3.467,3.4,4.3,4.067,3.067,1.667,1.067,2.5,1.367,1.167,1.2,1.167,2.167,1.2,1.167,1.167,3.533,2.267,1.533,2.3,3.8,3.567,2.3,2.3,1.2,1.267,1.633,2.667,3.033,2.267,3.033,1.633,4.31,4.133,4.103,5.267,5,3.893,4.571,1.5,3.652,4.5,2.75,3,2,3.684,3,4,3,3.966,3.211,3.364,2.875,4.733,4.333,3.375,3.28,2.333,4,3.182,3.636,3.808,3.955,3.75,2.769,"LLM추정(저신뢰,미검수)","보간(앵커거리기반,완만혼합)"
J02-056,관리직(임원·부서장),기업 고위임원,기업고위임원,4.433,4.167,4.433,4.567,4.4,4,4.033,3.767,3.9,3.9,4.167,4,4.267,3.733,3.967,4.2,4,3.3,3.8,3.8,3.867,3.567,3.233,1.933,2.8,2.533,2.433,1.733,2.467,2.7,1.767,1.967,1.433,3.233,2.933,1.7,1.433,2.633,3.233,2.933,3,1.967,1.9,2.3,2.8,3.167,2.333,3.533,1.9,5,4.379,4.759,4.897,4.7,4.857,4.107,3.923,4.208,3.64,4.933,3.636,3.737,4.192,3.571,3.667,3,4.222,4.167,3.636,2.444,3.96,4.586,3.778,4.826,3.8,4.071,3.682,3.815,3.9,4.143,4.517,3.5,"LLM추정(저신뢰,미검수)",실측
J02-057,관리직(임원·부서장),마케팅·광고·홍보 관리자,마케팅·광고·홍보관리자,4.433,4.067,4.467,4.367,4.333,4.033,4.333,4.033,4.233,4.4,4.4,4.2,4.1,4.1,4.233,3.733,3.4,3.267,2.867,4.2,3.833,3.233,2.533,1.467,2.667,1.667,3.133,1.8,1.533,2.6,1.433,1.333,1.267,3.333,2.7,1.9,1.4,3,3.267,3.2,3.167,2.4,2.033,1.933,2.067,2.6,2.533,3.733,1.8,4.414,4.345,4.296,5.733,4.567,4.607,4,3.333,4.478,3.429,4.385,2.556,2.417,3.885,3,3.143,2.667,4.138,3.958,3.333,2.3,4.8,4.893,4.379,4.333,3.682,3.556,3.733,3.381,3.778,4.261,4.533,2.765,"LLM추정(저신뢰,미검수)","보간(앵커거리기반,완만혼합)"
J02-058,관리직(임원·부서장),미용·여행∙숙박·스포츠 관리자,여행·호텔관리자,3.917,3.867,4.1,4.15,3.95,4,3.983,3.967,4.083,3.733,4,3.95,3.983,3.567,3.433,3.267,3.367,3.3,2.567,3.533,4,3.267,1.4,1.367,1.867,1.217,1.467,1.333,1.35,1.45,1.183,1.183,1.183,2.083,1.6,1.633,1.517,2.1,3.117,1.883,3.517,1.5,1.75,1.45,2.533,2.217,1.967,2.267,1.5,4.193,4.271,3.553,4.603,4.746,4.298,3.25,4.25,3.533,2.875,3.4,2.727,2.75,3.438,2.333,2.75,2.857,3.306,3,3.737,2.429,3.667,4.148,3.393,4.667,2.941,3.56,3.467,3.452,3.268,3.765,3.771,2.889,"LLM추정(저신뢰,미검수)","보간(앵커거리기반,완만혼합)"
J02-059,관리직(임원·부서장),법률·경찰·소방·교도 관리자,경찰·소방·교도관리자,3.722,3.8,3.944,3.911,4.089,3.967,3.711,4.011,4.067,3.522,4.1,4,3.989,3.344,2.967,3.689,2.678,3.289,2.033,1.544,3.167,2.944,1.433,1.2,2.611,1.511,1.422,1.611,1.8,1.989,1.689,1.722,1.889,3.256,2.278,2.056,2.333,3.267,3.422,2.933,2.178,1.356,1.778,1.733,4.056,3.989,2.611,2.833,1.878,3.703,3.899,3.34,3.5,4.071,4.145,3.13,3.455,3.795,3.438,3.185,3.172,3.045,3.618,3.231,3.333,3.067,4.153,3.492,3.667,3.246,4.244,4.281,3.904,3.219,2.792,3.63,3.293,4.611,4.633,4.039,3.988,3.111,"LLM추정(저신뢰,미검수)","보간(앵커거리기반,완만혼합)"
J02-060,관리직(임원·부서장),보건·의료 관리자,보건·의료관리자,3.867,4,4.2,3.967,4.067,3.933,4.167,4.1,3.967,3.867,4.4,4.1,4.267,3.7,3.367,3.733,3.167,3.133,2.667,2,3.367,3.4,1.467,1.433,2.333,1.6,1.667,1.4,1.733,1.867,1.567,1.933,2.5,3.5,2.433,1.533,3.933,3.5,3.333,2.667,2.467,1.533,1.933,2,2.733,3.3,2.2,3.067,1.5,3.821,3.679,3.654,3.588,4.571,4.4,3.857,3.833,4.053,3.273,3.385,3,2.846,4.071,3.75,3.733,4.429,4.793,3.682,3.091,5.071,4.467,4.571,4.04,3.833,3.273,3.765,3.667,3.583,4.179,4,3.857,3.375,"LLM추정(저신뢰,미검수)","보간(앵커거리기반,완만혼합)"
J02-061,관리직(임원·부서장),사회복지 관리자,사회복지관리자,3.667,3.933,4,3.933,4.033,4,4.067,3.9,4.133,3.8,4.167,4.1,4.233,3.433,3.233,3.567,3.5,3.333,3.033,2.567,3.733,3.267,1.167,1.4,1.933,1.2,1.4,1.367,1.367,2.2,1.267,1.2,1.267,3.833,3,1.433,2.3,4.167,3.5,2.5,1.633,1.367,1.367,1.933,3.233,3.167,1.8,3,1.733,3.667,3.6,3.741,3.652,4.379,4,2.25,2.714,3.267,2.6,3,2.875,2.091,3.217,2.167,2.4,2.333,4.467,3.25,2.714,2.423,4.567,4.2,3.48,2.6,2.5,2.222,3.176,3.464,3.731,3.438,3.5,3,"LLM추정(저신뢰,미검수)","보간(앵커거리기반,완만혼합)"
J02-062,관리직(임원·부서장),연구 관리자,연구관리자,3.9,3.633,3.933,3.9,3.533,3.333,3.3,3.433,3.833,3.567,3.9,4,3.633,3.4,3.433,3.833,3.1,3.2,2.367,1.8,2.3,2.9,1.7,1.2,2.267,1.867,1.667,1.167,1.467,2.833,1.8,2.033,1.733,2.4,2.633,1.6,1.333,2.6,3.033,3.033,3.467,1.267,1.767,1.7,2.167,2.733,2.067,3,1.433,4.1,4.033,3.5,3.643,3.818,4.345,4,4,4.15,4.364,3.5,5,4.5,4.286,3.643,4.5,2.833,4.19,4.048,3.889,2.6,3.8,4.321,4.345,4.8,3,4,3.923,3.632,4,3.65,3.933,3.333,"LLM추정(저신뢰,미검수)","보간(앵커거리기반,완만혼합)"
J02-063,관리직(임원·부서장),영업·판매 관리자,영업·판매관리자,4.033,4.033,4.333,4.133,4.3,4.267,4.233,4.1,4.167,4.033,4.5,3.833,3.967,3.267,3.533,3.767,3.233,3.1,3.1,4.233,4.3,2.933,2.2,1.433,2.233,1.267,1.5,1.2,1.667,1.967,1.067,1.067,1.233,2.767,1.7,1.4,1.2,2.667,2.767,1.667,2,1.2,1.2,1.233,2.533,2.267,2.3,2.633,2.2,4.231,4.133,4.111,5.167,5.067,4.125,3.55,2.778,3.478,2.25,3.75,3,2.733,3.632,3,2.5,3.5,4,3.462,3.125,3,4.409,4.25,3.154,3.222,3,3.5,2.429,3.375,3.182,4.2,3.913,3.056,"LLM추정(저신뢰,미검수)","보간(앵커거리기반,완만혼합)"
J02-064,관리직(임원·부서장),예술·디자인·방송 관리자,예술·디자인·방송관리자,3.742,3.742,4,3.613,4.194,3.839,3.806,4.129,4.097,3.548,4.065,3.871,3.968,3.387,3.419,3.419,2.903,3.258,2.774,2.839,3.065,3.129,1.806,1.387,2.613,1.774,2.935,1.419,1.806,1.935,1.516,1.355,1.226,2.839,2.484,1.613,1.387,2.613,3.226,3.161,2.516,3.581,2.516,2.226,2.677,2.806,2.613,3.516,1.742,4.148,4.179,3.885,4.125,4,4.143,3.5,2.833,4.478,4.545,4.04,3.5,3.308,3.833,3.333,3.286,3.75,4.385,4.429,3.6,2.25,4.458,4.786,4.5,3.692,4.448,4.286,3.889,3.72,3.966,4.5,4.484,3,"LLM추정(저신뢰,미검수)","보간(앵커거리기반,완만혼합)"
J02-065,관리직(임원·부서장),운송 관리자,운송관리자,3.167,3.267,3.8,3.733,3.6,3.233,3.467,3.4,3.533,3.3,3.6,3.233,3.067,2.833,2.333,2.9,3.633,2.867,3.133,2.7,2.933,3.167,1.067,1,1.567,1.1,1,1,1.567,1.967,1,1,1,1.8,1.067,1.467,1.067,2.033,2.133,1.8,1.733,1,1,1.067,2.6,2.4,1.9,2.2,3.5,4.267,3.533,3.733,3.333,3.621,3.862,1.5,0,2.583,3,0,0,3.4,2.818,0,0,0,2.944,2,2.7,3,2.952,3.091,2.895,2.529,0,0,2.5,3.696,3.591,3.235,3.174,3.667,"LLM추정(저신뢰,미검수)","보간(앵커거리기반,완만혼합)"
J02-066,관리직(임원·부서장),음식서비스 관리자,음식서비스관리자,4.033,3.933,4.1,3.9,3.9,4.067,4.033,3.9,3.833,3.9,4,4.033,3.767,3.567,3.4,3.367,3.5,2.5,2.833,3.567,4.367,2.967,1.933,1.833,1.533,1.1,1.2,1.233,1.533,2.033,1.167,1.167,1.333,3.033,1.567,1,1.1,2.367,2.667,1.567,2.3,1.167,1,1.3,2.033,1.5,2.067,1.967,1.267,4.167,3.25,3.679,4.367,5.1,3.7,3.333,3,2.733,3.667,3.333,3,2.375,2.773,2.8,3,3.143,3.357,2.923,0,2,3.13,3.346,2.714,3.632,3,0,3.714,3,3.125,3.55,3.067,3.5,"LLM추정(저신뢰,미검수)","보간(앵커거리기반,완만혼합)"
J02-067,관리직(임원·부서장),의회의원·고위공무원 및 공공단체임원,행정부고위공무원,4.5,4.067,4.133,4.267,3.933,4.033,4.1,3.933,3.767,3.967,4.167,4.1,4.233,3.433,3.6,3.733,4,3.233,2.833,1.9,3.533,3.567,1.4,1.133,2.133,1.4,1.433,1.533,1.333,1.4,1.233,1.2,1.333,3.267,2.733,1.367,1.367,2.433,2.967,2.933,2.867,1.467,1.967,2.233,3.067,3.467,1.7,3.2,1.3,5.034,4.167,4.261,3.176,4.724,4.759,3,2.667,3.722,3.556,3.2,3.333,2.444,3.125,2.571,2.4,3,4.321,3.885,2.9,3.714,4.182,4.107,4.069,3.821,2.917,3.933,3.632,3.962,4.448,3,4.241,2.75,"LLM추정(저신뢰,미검수)","보간(앵커거리기반,완만혼합)"
J02-068,관리직(임원·부서장),전기·가스·수도 관리자,전기·가스·수도관리자,3.567,3.5,3.733,3.467,3.833,3.633,3.567,3.667,3.367,3.5,3.967,3.967,3.8,3.433,2.333,3.333,2.3,2.933,2.133,1.533,2.667,2.667,1.5,1.4,2.5,2.367,1.567,1.867,2.5,2.133,2.767,2.033,1.5,1.9,1.733,1.9,1.4,1.833,2.733,2.4,2.433,1.433,1.567,1.5,2.667,2.6,2.433,2.633,1.7,3.375,3.833,3.789,3,4.182,3.444,3.556,3.625,3.276,4,3.545,3.312,3.417,3.6,3.571,4.4,3.4,2.9,3.071,3.048,3.857,4.071,3.393,3.31,3.462,3.375,3.818,3.3,3.875,3.63,3.76,3.379,3.333,"LLM추정(저신뢰,미검수)","보간(앵커거리기반,완만혼합)"
J02-069,관리직(임원·부서장),정보통신 관리자,정보통신관리자,3.867,3.467,3.9,3.667,3.8,3.433,3.467,3.567,3.567,3.767,4.1,4.067,3.633,3.433,3.767,4,3,3.267,2.5,1.6,2.7,2.4,1.6,1.133,4.067,2.867,1.8,1.267,2.233,2.167,1.733,1.3,1.2,1.8,1.667,1.467,1.233,1.967,2.5,2.033,2.467,1.267,1.4,1.333,3.467,3,3.967,3.067,1.167,4.038,4.444,3.7,3.312,4.042,3.842,3.417,2.5,5.207,4.609,3.571,2.833,3.591,4.167,3.571,2.667,2.6,3.6,3.727,3.556,2.75,3.278,4.136,3.579,3.731,2.857,3.375,3,4.357,4.458,5.033,4.538,2.6,"LLM추정(저신뢰,미검수)","보간(앵커거리기반,완만혼합)"
J02-070,관리직(임원·부서장),정부행정 관리자,정부행정관리자,3.8,3.833,4.1,4.033,3.967,3.8,3.967,3.9,3.833,3.6,3.9,4,3.733,3.2,3.367,3.567,3.5,3.3,2.633,2.033,3.3,3.167,1.333,1.2,2.167,1.533,1.533,1.567,1.5,1.867,1.667,1.433,1.5,2.567,2.5,1.767,1.5,2.633,2.567,2.8,2.5,1.5,1.733,1.8,2.933,3.233,1.9,2.9,1.5,4.367,4.267,4.04,3.579,4.067,4.033,3.125,2.75,3.857,3.6,3.455,3.455,3.455,3.588,3.5,3.7,3.6,4.043,3.545,3.714,3.6,3.957,3.87,3.857,3.72,3.333,3.917,3.714,4.16,4.2,3.765,3.964,3.2,"LLM추정(저신뢰,미검수)","보간(앵커거리기반,완만혼합)"
J02-071,관리직(임원·부서장),제조·생산 관리자,제조·생산관리자,3.333,3.5,3.967,3.5,3.767,3.333,3.5,3.5,3.8,3.6,3.667,3.933,3.4,2.833,2.7,3.2,2.333,2.633,1.8,1.9,2.233,2.067,3.7,1.2,2.133,2.233,1.867,1.133,3.1,2.267,1.667,1.6,1.167,1.7,1.667,1.267,1.167,1.9,2.4,1.833,1.633,1.267,1.1,1.2,2.667,1.933,2,2.233,1.7,3.333,3.417,2.722,3.667,3.529,3.158,3.9,3.75,3.316,4.333,3.909,2.333,3.607,3.667,3.462,2.917,2.6,3.333,3.5,3.4,2,3.267,3.9,3.538,3.077,2.75,2.333,2.333,3.154,3.846,3.55,3.722,3.273,"LLM추정(저신뢰,미검수)","보간(앵커거리기반,완만혼합)"
J02-072,금융·보험직,보험 모집인 및 투자 권유 대행인,보험대리인 및 중개인,4.1,3.933,4.067,3.6,3.733,3.933,4.4,3.833,4.033,3.6,4.167,3.8,3.867,3.3,3,3.7,3.067,3.167,3.333,4.533,4.333,2.4,1.4,1.333,2.7,1.4,1.367,1.533,1.333,2.6,1.333,1.267,1.267,3.1,2.3,1.367,1.7,3.4,2.5,2,2.1,1.333,1.267,1.5,2.4,2.8,2.633,3.1,1.333,3.68,3.893,4.069,5,4.7,4,3,1.5,3.448,4.5,3.25,3,1.833,3.846,3.5,3,2.6,3.692,3.158,3,2.769,3.75,2.962,2.632,3.048,4.25,4.5,3.833,3.091,3.36,3.964,3.517,2.75,"LLM추정(저신뢰,미검수)","보간(앵커거리기반,완만혼합)"
J02-073,금융·보험직,보험 모집인 및 투자 권유 대행인,보험모집인,4.133,4.067,3.733,3.4,3.3,4.1,4,3.733,3.6,3.833,4.067,4.067,4.2,3.633,2.8,3.467,2.667,2.767,3.2,4.133,4.1,1.867,1.333,1.2,2.167,1.1,1.133,1,1.067,2.9,1.367,1.033,1.067,2.967,2.033,1.467,2.333,3.567,2.4,2.3,1.9,1.267,1.333,1.433,2.1,2.233,3.067,3.067,1.367,3.417,3.533,3.793,4.8,4.828,3,3.5,2.5,2.857,3.5,2.333,0,2,3.833,2.667,2,2,4,3.2,3,3,4.385,3.25,3.042,2.9,2.333,2.833,2.75,3.111,3.227,3.967,3.567,2.667,"LLM추정(저신뢰,미검수)","보간(앵커거리기반,완만혼합)"
J02-074,금융·보험직,보험 심사원 및 사무원,보험인수심사원(언더라이터),3.933,3.967,4.2,3.367,3.8,3.767,3.6,4.067,4.367,4.267,4.433,4.433,4.1,3.767,3.167,3.967,2.367,3.167,2.6,3,3.633,1.8,2.033,1.333,1.8,1.433,1.333,1.267,1.3,2.167,1.3,1.267,1.567,2.533,1.933,1.567,4.467,2.567,3.1,2.833,2.467,1.267,1.267,1.233,2.1,2.967,1.767,2.433,1.333,3.565,4.148,3.565,4.542,4.75,3.6,3.867,3.286,3.667,3.375,3.286,3.4,2.429,4.278,3,3.4,4.143,4.81,3.786,3.444,3.897,4.444,4.792,4.067,4.278,3.167,3.667,3.5,3.5,4.083,4.5,4.222,3,"LLM추정(저신뢰,미검수)","보간(앵커거리기반,완만혼합)"
J02-075,금융·보험직,보험 심사원 및 사무원,보험보상사무원,3.567,3.7,3.967,3.367,3.6,3.533,3.667,3.7,3.633,3.767,3.833,3.933,3.833,3.467,3.433,3.933,2.633,3.4,2.833,2.6,3.033,1.933,1.167,1.033,2.633,1.167,1.067,1.133,1.2,2.567,1.133,1.133,1.167,2.367,1.333,1.467,2.067,2.7,2.167,2.133,1.733,1.1,1.133,1.167,2.333,2.967,2.533,2.533,1.5,3.5,4.3,3.5,3.462,4.077,4,3,1,3.852,3.667,4,3,2.75,3.962,4.5,3.333,3.667,4.105,4,3.333,3.769,3.833,3.476,3.318,3.125,3,3.667,3.333,4.053,4.25,3.571,3.76,3.125,"LLM추정(저신뢰,미검수)","보간(앵커거리기반,완만혼합)"
J02-076,금융·보험직,보험·금융상품 개발자,보험상품개발자,3.966,3.867,4.184,3.6,4.1,3.933,3.883,3.884,4.034,4.084,4.316,4.383,4,3.584,3.55,4.05,2.767,3.334,3.117,3.166,3.617,2,1.716,1.2,1.584,1.383,1.4,1.284,1.3,2.367,1.216,1.167,1.3,2.716,1.916,1.384,2.817,2.234,2.534,2.716,2.367,1.384,1.334,1.383,2.15,3,1.684,2.4,1.266,3.956,4.174,3.883,4.478,4.492,3.694,3.371,3.143,3.334,3.188,3.143,3.284,2.358,4.264,3.166,3.45,3.572,4.505,3.54,3.522,3.348,3.991,4.496,3.974,4.076,3.084,3.5,3.366,3.516,3.952,4.25,4.086,3,"LLM추정(저신뢰,미검수)","보간(앵커거리기반,완만혼합)"
J02-077,금융·보험직,보험·금융상품 개발자,금융상품개발자,4,3.767,4.167,3.833,4.4,4.1,4.167,3.7,3.7,3.9,4.2,4.333,3.9,3.4,3.933,4.133,3.167,3.5,3.633,3.333,3.6,2.2,1.4,1.067,1.367,1.333,1.467,1.3,1.3,2.567,1.133,1.067,1.033,2.9,1.9,1.2,1.167,1.9,1.967,2.6,2.267,1.5,1.4,1.533,2.2,3.033,1.6,2.367,1.2,4.346,4.2,4.2,4.414,4.233,3.789,2.875,3,3,3,3,3.167,2.286,4.25,3.333,3.5,3,4.2,3.294,3.6,2.8,3.538,4.2,3.88,3.875,3,3.333,3.231,3.533,3.821,4,3.95,3,"LLM추정(저신뢰,미검수)","보간(앵커거리기반,완만혼합)"
J02-078,금융·보험직,손해사정사,손해사정사,3.867,3.7,3.933,3.7,4,3.967,3.733,3.933,3.933,3.767,3.967,4.133,4.133,3.433,3.3,4.033,2.9,3.4,2.667,2.5,3.667,2.333,1.567,1.233,2.233,1.367,1.4,1.567,1.533,2.367,1.433,1.433,1.633,3.1,1.933,1.533,2.8,3.5,2.6,2.633,2.267,1.3,1.467,1.667,2.567,3.267,2.067,2.567,1.6,3.759,4.133,3.917,3.458,4.133,3.583,3.111,3,3.773,3.5,3.556,3.25,2.1,4.192,3.444,3.333,3,4,3.353,3.364,3.208,4.5,4.074,3.75,3.458,2.875,3.625,4.1,3.615,4.067,4.182,4.069,2.583,"LLM추정(저신뢰,미검수)","보간(앵커거리기반,완만혼합)"
J02-079,금융·보험직,수금원 및 신용 추심원,신용추심원,4.167,4.1,4.333,3.767,3.9,3.867,3.933,4.1,4.367,3.933,4.167,4.167,4.167,3.733,3.433,3.9,2.467,3.1,3.067,3.2,3.5,1.733,1.3,1.267,1.933,1.267,1.133,1.3,1.333,1.767,1.267,1.067,1.133,3.867,2.033,1.567,1.4,3.4,2.267,2.033,1.4,1.067,1.133,1.3,2.233,2.667,1.633,2.567,1.333,3.542,3.893,3.897,4.192,4.714,3.538,4,2.8,4.417,4.25,3.5,2.5,3.2,4.385,7,5,6,4.821,3.778,3.364,2.714,4.708,4.133,4.125,3.875,5,4,3.4,3.562,4.625,3.167,4.1,3.833,"LLM추정(저신뢰,미검수)","보간(앵커거리기반,완만혼합)"
J02-080,금융·보험직,은행 사무원,은행사무원,4.333,4.167,4.233,3.5,4.2,3.833,3.767,4.133,4.133,3.933,4.367,4.7,4.433,3.533,3.167,4.1,3.1,3.333,4.167,3.3,4.2,1.7,1.2,1.1,2.3,1.2,1.133,1.1,1.033,2.867,1.033,1.033,1.033,2.467,1.233,1.033,1.033,3.3,2,2.033,2.133,1.1,1.033,1.067,2.533,2.933,1.767,2.967,1.167,4.37,4.1,4.967,3.828,4.633,3.067,2,1,4.05,3.667,2.5,3.5,1,4.478,2,3,3,3.222,2.8,4,3,4.464,3.095,3.474,3.182,2.333,4,2.5,3.8,4.045,3.167,3.929,2,"LLM추정(저신뢰,미검수)","보간(앵커거리기반,완만혼합)"
J02-081,금융·보험직,자산 운용가,자산운용가,4.467,4.333,4.267,4.233,4.467,4.167,4.2,4.2,4.067,4.067,4.467,4.4,4.567,4.067,3.967,4.233,3.567,3.767,4.3,3.6,3.933,2.3,1,1,1.5,1.3,1.133,1.067,1.033,3.067,1,1,1.033,2.1,1.267,1.033,1.1,2.933,2.033,2.067,2.633,1,1.1,1.1,2.2,1.8,1.433,2.567,1.167,4.679,4.8,5.3,4.333,4.667,3.619,0,0,3.444,3.75,3,3,4,4.433,0,0,4,3.8,2.667,1,2.667,5.222,2.85,3.033,4.35,0,3.5,3,3.941,3.615,2.833,3.957,2.6,"LLM추정(저신뢰,미검수)","보간(앵커거리기반,완만혼합)"
J02-082,금융·보험직,증권 사무원,증권사무원,4.167,4.567,4.4,3.867,3.933,4.267,4.1,4.3,4.467,4.267,4.5,4.5,4.6,4.067,3.133,3.933,2.633,3.5,3.933,3.833,4.2,2.433,1.167,1.1,2.233,1.267,1.167,1.167,1.533,2.267,1.1,1.133,1.033,2.533,1.633,1.267,1.167,3.733,2.8,2.4,2.833,1.133,1.167,1.267,2.8,2.167,2.467,2.7,1.133,3.5,4.3,4.433,5.069,5.367,3.773,2.667,4,3.944,3,3,3,2.4,3.5,3,3,2,3.5,3.1,2.5,2.75,4.867,3.667,3.7,3.68,2.333,3.333,3.2,3.654,3.273,3.609,3.731,2.333,"LLM추정(저신뢰,미검수)","보간(앵커거리기반,완만혼합)"
J02-083,금융·보험직,증권·외환 딜러,증권·외환딜러,4.445,4.489,4.322,4.156,4.211,4.211,4.211,4.278,4.267,4.2,4.467,4.478,4.556,4.122,3.711,4.155,3.189,3.533,4.067,3.633,3.978,2.367,1.233,1.144,1.911,1.378,1.222,1.178,1.278,2.922,1.211,1.178,1.1,2.467,1.567,1.244,1.211,3.244,2.422,2.022,2.711,1.144,1.233,1.267,2.3,1.9,1.9,2.833,1.244,4.171,4.567,4.989,4.64,5.103,3.834,3.208,3.75,3.752,3.398,3,3.267,3.267,4.333,3.25,3,3.067,3.818,3.225,2.25,2.843,4.943,3.379,3.478,4.203,2.75,3.389,3.033,4.032,3.729,3.338,3.958,2.681,"LLM추정(저신뢰,미검수)","보간(앵커거리기반,완만혼합)"
J02-084,금융·보험직,출납창구 사무원,출납창구사무원,4.1,4.133,4.5,3.733,4.233,4.3,4.3,4.3,4.3,4.067,4.433,4.567,4.467,3.567,3.4,3.767,2.733,3.167,3.367,3.633,3.9,2.567,1.367,1.067,2.167,1.133,1.233,1.167,1.5,3.033,1.3,1.167,1.133,3.1,1.967,1.367,1.467,3.133,2.533,2.5,2.233,1.2,1.233,1.3,3.133,2.9,2.5,2.8,1.667,3.519,3.655,3.767,4.167,4.467,3.364,3.5,2.5,3.778,3.333,2.5,2.25,2.75,4.25,2.833,2.667,3,3.714,3.5,3.286,3.111,3.964,3.708,3.522,3.28,3.5,3.4,2,3.577,3.68,4.25,3.846,2.923,"LLM추정(저신뢰,미검수)","보간(앵커거리기반,완만혼합)"
J02-085,금융·보험직,투자·신용 분석가,투자분석가,4.7,4.567,4.3,4.367,4.233,4.2,4.333,4.333,4.267,4.267,4.433,4.533,4.5,4.233,4.033,4.3,3.367,3.333,3.967,3.467,3.8,2.367,1.533,1.333,2,1.567,1.367,1.3,1.267,3.433,1.533,1.4,1.233,2.767,1.8,1.433,1.367,3.067,2.433,1.6,2.667,1.3,1.433,1.433,1.9,1.733,1.8,3.233,1.433,4.333,4.6,5.233,4.517,5.276,4.111,3.75,3.5,3.867,3.444,3,3.8,3.4,5.067,3.5,3,3.2,4.154,3.909,3.25,3.111,4.739,3.619,3.7,4.579,3.167,3.333,2.9,4.5,4.3,3.571,4.185,3.111,"LLM추정(저신뢰,미검수)","보간(앵커거리기반,완만혼합)"
J02-086,금융·보험직,투자·신용 분석가,신용분석가,4.333,4.233,4.167,3.9,4.067,3.933,4.167,4.233,4.267,3.933,4.3,4.267,4.4,3.733,3.467,4.033,3.433,3.333,3.867,3.7,4,2.567,1.667,1.567,2.4,1.6,1.667,1.5,1.567,3.333,1.6,1.433,1.333,2.767,2.2,1.767,1.6,3.2,2.467,2.067,2.7,1.567,1.633,1.833,3,2.5,2.3,3,1.833,4.586,4.433,5.033,5,4.967,3.87,3.909,3.778,3.792,3.9,4.444,4.429,3.3,4.571,4.111,3.571,3.333,4.304,3.5,3.714,2.75,4.64,3.783,3.5,3.643,3.667,3.3,3.235,4.773,4.15,4.35,4.64,3.733,"LLM추정(저신뢰,미검수)","보간(앵커거리기반,완만혼합)"
J03-001,경찰·소방·교도직,경찰관 및 수사관,경찰관,3.5,4.133,4.1,3.7,4.2,4,4,4.1,4.133,3.933,4.167,3.833,4.033,3.467,3.3,3.6,2.2,3.1,1.967,1.467,3.067,2.167,1.067,1.067,2.667,1.333,1.367,1.2,1.533,1.933,1.4,1.3,1.433,3.233,2.267,2.4,2.233,3.367,3,2.633,2.133,1.433,2,1.533,3.633,4.067,2.5,2.767,2.167,3.261,3.367,2.85,3.375,4.321,3.294,2,4,3.481,2.571,3,2,2.385,3.278,3.5,2.286,2.5,4.241,2.905,3.524,2.909,4.1,3.8,3.577,3.609,2.556,3.824,2.909,4.567,4.9,3.857,3.821,3.263,"LLM추정(저신뢰,미검수)","보간(앵커거리기반,완만혼합)"
J03-002,경찰·소방·교도직,경찰관 및 수사관,해양경찰관,3.8,3.9,4.133,4.033,4.333,4.3,4.033,4.267,4.3,3.933,4.2,3.833,4.233,3.167,3.033,3.6,1.867,3.2,1.933,1.333,3.167,1.9,1,1,2.7,1.8,1.067,1.033,2.667,1.967,1.9,1.5,1.7,2.2,2.133,3.2,2.467,2.067,3.367,2.333,2.533,1,1.7,1.433,4.267,4.267,3.267,2.367,2.7,3.062,3.69,3.143,2.667,4.769,3.833,0,0,3.615,3.538,2,1,3.55,3.8,3.533,3.4,3,4.133,3.667,4.111,2.857,4.2,4.138,3.35,3.64,0,3.385,3.125,4.667,4.433,4.367,3.696,3.222,"LLM추정(저신뢰,미검수)","보간(앵커거리기반,완만혼합)"
J03-003,경찰·소방·교도직,교도관 및 소년원학교 교사,교도관,3.333,3.9,3.567,2.867,3.8,3.6,3.867,3.833,4.033,3.033,3.867,4.1,3.833,3.1,2.433,3.233,2.5,3.533,2.133,1.533,2.9,2.267,1.533,1.367,2.533,1.4,1.4,1.3,1.5,2.133,1.367,1.333,1.8,3.5,2.4,1.5,2.2,3.733,3.333,2.733,1.967,1.367,1.367,2.1,3.833,4.233,2.667,2.9,1.6,3.304,3.733,3.167,3.444,3.571,3.421,3.222,2.75,3.962,4.167,3.333,2.833,2.909,4.176,2.875,3.286,3.364,4.111,3.55,3.2,2.571,4.143,3.929,3.808,3.05,3.25,3.5,3.529,4,4.379,4,3.808,3.182,"LLM추정(저신뢰,미검수)","보간(앵커거리기반,완만혼합)"
J03-004,경찰·소방·교도직,소방관,소방관,3.8,3.933,4.033,3.633,4.3,3.933,4.1,4.3,4.333,3.6,4.233,4.033,4.067,3.267,2.933,3.333,2.267,2.833,1.7,1.233,3.2,1.833,1.1,1.067,2.267,2,1.2,1.933,2.967,1.867,2.3,2.933,1.9,2.833,1.833,2.633,2.967,2.467,3.033,2.433,2.133,1.067,1.567,1.2,3.9,3.267,3,2.567,2.367,3.174,3.241,2.938,2,4.667,2.765,3,1.5,3.48,3.286,3,3.615,3.207,3.55,3.8,3.321,2.6,3.92,2.611,3.44,3.536,3.818,4.071,3.739,3.261,3,4.091,3,4.433,3.759,4.143,3.792,3.083,"LLM추정(저신뢰,미검수)",실측
J03-005,교육직,기술·기능계 강사,기술·기능계강사,3.233,3.8,3.633,2.733,3,3.533,3.067,3.767,3.567,2.767,3.533,3.1,2.867,2.5,2.767,3.167,1.5,1.833,1.5,1.833,2.367,1.433,1.367,1.367,1.833,1.467,1.867,1,2.333,1.833,1.267,1.3,1.1,2,1.367,1.1,1.167,2.2,3.267,1.767,1.8,1.567,1.2,1,1.533,1.4,1.467,2,1.167,3.364,3.294,3.1,4.1,3.842,4.333,4.25,3,3.188,3.444,4.167,0,3.722,3.583,3.375,2.875,3,3.714,3.6,3,1.8,3.778,3.7,3.143,3.4,4.333,3.5,0,2.818,2.778,3.545,3.769,3.333,"LLM추정(저신뢰,미검수)","보간(앵커거리기반,완만혼합)"
J03-006,교육직,기타 교사,보조교사,3.8,3.7,3.9,3.233,4.167,4.133,3.633,3.833,3.733,3.333,3.867,4.133,3.6,3.367,2.967,3.4,1.633,2.633,1.467,1.467,2.267,1.5,1.1,1.267,2.267,1.433,1.267,1.133,1.533,2.4,1.833,1.7,1.567,2.767,1.733,1.233,1.1,2.7,3.267,2.167,2.4,1.167,1.2,1.533,2.1,1.767,2.067,2.767,1.133,2.308,2.862,2.583,2.9,2.48,2.545,2,1.875,3.04,2.8,2.143,2,2.727,3.16,3.615,3.077,3.1,3.37,3,2.286,3,3.5,4.138,2.56,3.65,2.4,2.667,3.778,3.211,2.529,3.625,3.536,2.5,"LLM추정(저신뢰,미검수)","보간(앵커거리기반,완만혼합)"
J03-007,교육직,대학 교수,대학교수,4.367,4,4.233,3.967,3.9,3.867,3.5,4.233,3.833,3.733,4.1,4,4.2,3.933,3.567,3.9,2.433,2.733,2,1.633,1.9,1.933,1.733,1.4,2.5,2.3,2.467,1.467,2.033,2.667,2.367,1.867,1.833,3,2.367,1.5,1.2,2.933,4.1,3.4,3.767,2.3,1.667,1.733,1.867,1.8,2,2.767,1.233,4.15,4.08,4.154,3.455,3.643,4.143,4.778,4.6,4.7,5.231,5.286,5.6,4.5,5.412,5.071,5,4.231,4.179,4.15,3.778,3,4.739,5.345,4.414,5.276,5.5,4.455,3.846,3.929,4.25,4.188,4.208,3.75,"LLM추정(저신뢰,미검수)","보간(앵커거리기반,완만혼합)"
J03-008,교육직,대학 시간강사,대학시간강사,4.067,3.767,3.9,3.567,3.6,3.933,3.7,3.7,3.9,3.4,3.8,3.667,3.9,3.867,3.067,3.433,1.833,2.667,1.9,1.567,2.1,1.6,1.2,1.067,2.033,1.533,1.267,1.067,1.2,1.567,1.3,1.133,1.3,2.833,2.667,1.433,1.267,3,3.833,2.867,2.833,1.8,1.833,1.833,1.3,1.7,1.8,2.6,1.167,3.714,3.593,4,3.3,4,3.3,3,3.5,3.812,3.444,3.6,2.5,3,3.909,4.25,4,3.333,4.208,4,3.222,2.75,4.6,5.214,4.077,4.08,5.222,4.231,3.917,3.75,4,3.214,3.739,2.667,"LLM추정(저신뢰,미검수)","보간(앵커거리기반,완만혼합)"
J03-009,교육직,문리·어학 강사,문리학원강사,4.567,4.4,4.267,4,4.2,4.4,4.267,4.3,4.367,4.267,4.5,4.333,4.3,2.8,2,3.733,1.567,2.067,1.8,1.5,2.8,1.267,1.1,1.2,2.333,1.067,1.133,1.033,1.133,3.433,2.367,2.133,2.033,3.033,2.133,2.033,1.167,3.033,3.433,2.9,3.033,1.333,2.067,1.5,2.033,2.1,2.467,2.533,1.133,3,2.773,2.579,2.8,3.433,3.2,2.5,2.4,3.56,2.5,2.25,2,2,4.667,3.524,3.368,3.158,3.667,3.368,3.688,1.8,4.069,4.433,3.786,4.292,2.667,3.421,2.818,3.474,3.261,3.913,4,2,"LLM추정(저신뢰,미검수)","보간(앵커거리기반,완만혼합)"
J03-010,교육직,문리·어학 강사,외국어강사,4.133,4.233,4.2,3.8,3.9,4.2,4.1,4.033,4.067,4.067,4.233,4.433,4.067,2.833,1.9,3.4,1.367,2.433,1.167,1.867,2.633,1.2,1,1,2.633,1,1,1,1.033,1.967,1,1,1.3,3.033,1.6,1.233,1.033,3.067,3.733,2.433,4.5,1.167,1.5,1.233,1.867,1.667,2.5,2.8,1.133,2.8,2.967,2.5,3,3.6,2.5,0,0,4.227,0,0,0,2,4.312,0,0,4,4.1,3.3,3.4,3,4.2,4.7,3.571,5.6,2.4,3.273,3.4,3.467,3.538,3.964,4.111,3,"LLM추정(저신뢰,미검수)","보간(앵커거리기반,완만혼합)"
J03-011,교육직,예능 강사,예능강사,3.933,3.9,3.8,3.633,3.433,3.6,3.6,3.633,3.9,3.233,3.667,3.267,3,3.333,2.333,2.633,2.1,1.933,1.8,2.167,3.6,1.267,1,1,1.1,1,1.933,1,1,1.2,1.033,1.033,1.133,3.933,1.533,1,1.067,4.167,4.3,1.3,1.167,3.533,1.1,1.467,1.367,1.1,1.333,3,1,2.857,2.727,2.688,3.263,3.586,3.4,0,0,2,0,3.5,0,0,2.2,3,3,3.333,4,2.909,0,2,4.3,4.367,2.857,2.6,4.133,3.5,2.364,2.833,2.5,3,3.44,0,"LLM추정(저신뢰,미검수)","보간(앵커거리기반,완만혼합)"
J03-012,교육직,유치원 교사,유치원교사,3.8,3.967,4.267,3.367,3.967,4.067,4.067,4.067,3.9,3.667,4.033,3.767,4.133,2.8,2.833,3.3,1.733,3,1.533,1.467,2.867,1.4,1,1.067,2.267,1.067,1.333,1,1.167,1.7,1.333,1.233,1.767,3.4,2.633,1.733,1.8,3.5,3.867,2.967,3.067,2.767,2.233,1.567,2.433,1.667,2.067,2.667,1.467,3.625,3.483,3.714,4,3.87,2.571,0,2,3.217,3,3,0,1.8,2.941,2.714,3.2,2.643,3.7,3.115,2.812,2.467,3.897,4.233,3.429,3.393,3.259,3.048,2.909,3.381,2.583,3.667,3.269,2.125,"LLM추정(저신뢰,미검수)","보간(앵커거리기반,완만혼합)"
J03-013,교육직,장학관·연구관 및 교육 전문가,교재·교구 및 이러닝교육전문가,3.667,3.9,4.1,3.567,4.3,4.033,3.867,3.9,3.7,3.967,4.233,4.533,3.8,3.533,3.767,3.867,2.733,3.367,2.5,2.7,3.2,2.733,2.9,1.767,3.367,2.467,3.1,1.667,1.9,2.233,1.6,1.6,1.533,2.333,2,1.633,1.467,2.167,3.5,3.567,2.433,2.233,2.033,2.1,1.9,2.3,2.533,3.2,1.8,3.423,4.1,3.583,3.826,3.926,4,3.75,3.375,4.615,4.222,4.24,4.125,3.909,3.95,3.667,3.625,3.143,3.905,4.235,4.25,2.75,3.611,4.769,4.857,3.609,3.533,3.933,3.267,3.583,3.632,4.476,4.5,3.2,"LLM추정(저신뢰,미검수)","보간(앵커거리기반,완만혼합)"
J03-014,교육직,중·고등학교 교사,중·고등학교교사,3.867,4.067,4.3,4.133,4.333,4.367,4.267,4.133,4.067,3.733,4.267,4.233,4.167,3.9,3.1,3.7,2.433,3.333,1.8,1.067,2.067,1.967,1.033,1.1,2.533,1.1,1.367,1.133,1.3,2.667,1.733,1.6,1.9,3.767,3,2.133,1.767,3.9,4.267,3.433,2.9,2.367,2.767,2.467,2.967,2.333,2.2,3.167,1.333,3.65,3.724,3.438,2,3.562,4.154,2,2.667,3.76,2.333,3.25,3,2.2,4.636,3.5,3.7,3.5,4.643,3.963,4.267,2.714,4.833,5,4.5,3.852,3.238,4.292,4.048,3.731,3.579,3.826,3.933,2.5,"LLM추정(저신뢰,미검수)","보간(앵커거리기반,완만혼합)"
J03-015,교육직,초등학교 교사,초등학교교사,4.1,4.467,4.367,4.467,4.2,4.367,4.233,4.4,4.467,3.933,4.5,4.367,4.5,3.733,3.067,3.367,2.333,3.2,1.567,1.3,2.367,1.867,1.167,1.233,2.333,1.3,1.3,1,1.467,3.667,2.767,2.6,3.1,4.167,3.167,2.933,2,4.233,4.633,4.1,3.5,3.033,3.6,2.333,2.967,2.4,2.4,3.433,1.533,3.25,3.767,2.538,2.222,3.565,3.188,1.8,1.714,3.609,2.375,2.875,0,2.154,4.833,3.917,3.8,3.931,4.667,3.69,3.962,2.5,5.333,5.567,4.667,4.6,3.933,4.6,3.154,3.286,3.083,4,4.2,2.5,"LLM추정(저신뢰,미검수)","보간(앵커거리기반,완만혼합)"
J03-016,교육직,컴퓨터 강사,컴퓨터강사,3.533,3.4,3.533,3.167,3.5,3.5,3.267,3.467,3.667,3.333,3.333,3.267,3.267,2.767,2.767,3.533,1.733,2.833,2.2,1.567,3,1.467,1,1,3.767,1.633,1.3,1,1.167,1.567,1.167,1,1,1.9,1,1,1.033,2.3,3.967,2.7,2.733,1.033,1,1,1.033,1.033,3.1,3.067,1,2.471,3.367,3.444,2.538,3.69,2.6,0,0,4.933,3.5,3,0,2.8,2.533,1.8,0,0,3,0,0,2,2.913,4.667,3.483,3.276,2,0,0,1,2,4.269,3.793,0,"LLM추정(저신뢰,미검수)","보간(앵커거리기반,완만혼합)"
J03-017,교육직,특수교육 교사,특수교육교사,4.033,4.2,4.067,3.6,3.967,4.033,4,3.6,4.067,3.633,3.9,3.933,3.933,3.633,2.967,3.267,2.067,3.033,1.767,1.333,2.667,1.7,1.1,1.167,2.6,1.3,2.033,1,2,2.4,1.733,1.633,1.8,3.8,3.067,1.967,1.8,3.767,4.033,3.4,2.3,2.1,2.433,2,2.9,2.267,2.233,3.167,1.1,3.455,3.833,3.267,2.429,3.875,3.429,2,1.8,2.966,2.6,3.882,0,2.294,3.826,2.667,3.143,2.941,4.633,3.414,3.2,2.706,4.533,4.933,4.033,3.56,3.75,3.84,3.333,3.417,3.1,3.5,4.071,2.5,"LLM추정(저신뢰,미검수)","보간(앵커거리기반,완만혼합)"
J03-018,교육직,학습지·교육교구 방문강사,학습지·교육교구방문강사,3.633,4.067,4.067,3.7,3.633,3.6,3.833,4,4.333,4.2,4.067,3.833,4.1,3.767,2.733,2.8,2.033,2.033,1.733,3.4,3.567,1.467,1.133,1.133,1.567,1.1,1.167,1.033,1.1,3.633,2.5,2.233,2.467,2.8,2.4,2.767,1.333,3,3.767,3.9,3.5,1.8,3.033,1.467,1.467,1.867,1.633,2.433,1.267,3.45,3.353,3.231,3.966,3.9,4,6,6,3.625,3.5,3,2,2,4.733,3.56,3.429,3.417,3.5,3,3.321,2.429,3.414,4.1,4.333,3.933,2.35,4.207,3.111,2.875,2.81,3.667,2.9,3,"LLM추정(저신뢰,미검수)","보간(앵커거리기반,완만혼합)"
J03-019,군인,부사관,부사관,3.833,3.967,3.933,3.7,3.567,3.467,3.6,3.767,3.867,3.233,3.7,3.8,3.767,3.1,2.733,2.867,1.8,2.733,1.6,1.067,1.233,2,1.167,1.1,2.033,1.3,1.133,1.167,2.067,2,1.5,1.5,1.4,2.833,2,2.267,2,2.933,3.633,2.333,1.8,1.067,1.533,1.3,3.467,2.5,2.7,2.467,1.733,3.333,2.929,2.455,3.5,3.4,2.895,3,3.5,3.1,2.625,3,2.25,2.895,2.682,3.083,2.909,3.143,3.63,3,3.136,2.35,3.607,4.207,3,2.833,3,3.6,2.875,3.3,3.071,3.655,3.417,2.933,"LLM추정(저신뢰,미검수)","보간(앵커거리기반,완만혼합)"
J03-020,군인,위관급 장교,위관급 장교,4,3.9,4.2,4.033,3.833,3.6,3.433,4.033,3.867,3.467,3.767,4.2,3.8,3.233,2.933,3.333,2.333,2.9,1.5,1.2,1.5,2.633,1.2,1,2.6,1.767,1.133,1.167,1.6,2.133,1.7,1.433,1.333,2.967,2.367,2.633,1.933,3.133,3.8,2.833,2.667,1.3,2.067,1.533,3.6,2.733,2.633,2.567,1.733,3.667,3.7,3.5,4,3.875,3.44,2.75,0,3.84,3.286,3,2.6,2.818,3.25,3.062,3.111,3.333,3.552,3.667,3.739,2.583,3.767,4.2,3.467,3.633,3.167,3.882,3.154,3.767,3.241,3.733,3.556,3.5,"LLM추정(저신뢰,미검수)","보간(앵커거리기반,완만혼합)"
J03-021,법률직,법률 사무원,법률사무원,3.806,3.742,3.968,3.645,3.935,3.742,3.742,3.71,3.71,3.71,4.226,4.452,4.452,3.613,3.258,3.677,3.161,3.71,2.806,2.871,3.581,2.258,1.065,1.065,2.419,1.548,1.484,1.258,1.484,2.355,1.613,1.677,1.355,3.194,2.129,1.613,1.452,3.71,2.452,2.677,2.323,1.581,1.645,1.742,2.645,3.968,2.161,2.839,1.677,3.828,4.29,3.778,3.207,3.968,3.333,2.5,2,3.64,2.214,3,2.286,2.308,3.409,2.462,2.923,2.4,3.786,3.263,2.833,2.364,4.414,3.5,3.696,3.115,3.1,2.846,3.8,3.385,4.516,3.6,3.577,2.5,"LLM추정(저신뢰,미검수)","보간(앵커거리기반,완만혼합)"
J03-022,법률직,법무사 및 집행관,법무사 및 집행관,4.267,4.233,4.433,3.933,3.9,4.167,4.3,3.967,4.367,4.233,4.267,4.333,4.233,3.8,3.567,3.933,3.533,3.7,3.4,3.5,3.9,3.1,1.567,1.5,2.133,1.667,1.567,1.467,1.733,2.167,1.467,1.567,1.6,3.3,2.233,1.833,1.533,3.567,2.6,2.9,2.467,1.7,1.9,2.133,2.333,4.433,2.6,2.867,1.767,4.333,4.567,4.1,4.32,4.233,3.733,2.333,1.5,3.278,2.455,3,2,2.5,3.053,2.8,2.625,3,4.667,4,3.833,3.25,5,3.889,4.08,3.16,3.7,3.615,3.786,3.667,5.067,3.708,3.458,3.2,"LLM추정(저신뢰,미검수)","보간(앵커거리기반,완만혼합)"
J03-023,법률직,변리사,변리사,4.5,4.467,4.667,3.933,3.933,3.767,3.967,4,4.2,4.1,4.367,4.6,4.2,4.233,3.7,4.267,3.433,3.233,2.933,2.7,3.467,2.533,2.2,1.4,2.6,2.3,1.5,1.3,2,2.033,2.033,1.733,1.767,2.6,1.667,1.267,1.533,3.1,2.467,2.867,3.733,1.467,1.3,1.233,2.667,4.167,2.133,3.167,1.233,4.464,4.852,4.074,4.304,4.852,4.095,3.043,2.4,3.5,3.857,2.818,2.222,2.857,3,2.667,3,2.75,4.364,3.182,2.25,2.467,4.357,4.143,4.269,5.1,2.154,2.75,2,3.25,5.5,3.85,4.233,2.167,"LLM추정(저신뢰,미검수)","보간(앵커거리기반,완만혼합)"
J03-024,법률직,변호사,변호사,4.067,4.233,4.4,4.133,4.2,4.1,3.867,3.9,4.2,3.933,4.667,4.5,4.267,3.667,3.467,4.167,2.767,3.2,2.6,2.767,3.467,2.467,1.067,1.067,2.167,1.267,1.433,1.133,1.4,1.867,1.1,1.267,1.3,3.533,2.1,1.633,1.433,3.8,2.333,3.133,2.4,1.467,1.733,1.933,2.433,4.667,2.167,2.933,1.433,4.476,4.25,4.316,4.474,4.962,4.556,3,1,3.619,2.333,2.857,2,2.625,4.083,3.333,2.6,2.286,4.889,4.923,4.375,2.7,5.6,4.75,4.696,4.05,3.857,4.5,4.455,4.111,6.276,4,4.7,2.875,"LLM추정(저신뢰,미검수)","보간(앵커거리기반,완만혼합)"
J03-025,법률직,판사 및 검사,판사,3.533,3.433,4.2,2.967,3.3,3.567,3.033,4.067,3.967,3.067,3.867,4.467,4.033,4.233,2.6,3.8,1.767,2.467,1.6,1.033,1.667,1.533,1,1.067,2.067,1.167,1.2,1.2,1.167,1.633,1.2,1.167,1.567,3.5,3.367,1.467,1.4,2.933,1.867,4.367,2.667,1.267,2.933,2.767,2.8,4.933,1.367,2.533,1.233,3.25,3.37,3.083,2,3.071,2.846,0,3,3.81,2.6,2.667,2.167,2,3.727,3,2.8,3.25,4.31,4.107,3.4,2.455,3.889,3.688,4.833,4.5,2.25,4.32,3.731,4,6.933,3.455,3.76,2.286,"LLM추정(저신뢰,미검수)","보간(앵커거리기반,완만혼합)"
J03-026,법률직,판사 및 검사,검사,4.267,4.3,4.533,4.167,4.167,4.033,4.3,4.367,4.267,3.933,4.4,4.333,4.5,3.967,3.1,4.4,2.633,3.233,2.733,1.2,2.4,2.733,1.3,1.333,2.133,1.633,1.267,1.333,1.4,1.8,1.467,1.467,1.933,3.7,2.633,1.867,2.133,3.333,2.667,3.733,2.8,1.433,2.3,2.333,2.933,4.967,2.133,3.067,1.6,3.615,4.1,4.524,2.8,3.462,4.391,2.429,2.714,4.056,3.462,3.2,2.714,2.667,4,3,2.909,3.15,4.833,4.217,3.588,2.636,4.067,3.615,4.586,4.379,3.2,3.88,3.6,3.667,6.667,4,4.207,2.917,"LLM추정(저신뢰,미검수)","보간(앵커거리기반,완만혼합)"
J03-027,사회복지·종교직,기타 사회복지 종사원,생활지도원,3.167,3.4,3.467,2.567,3.433,4.267,3.667,3.267,3.467,3.033,3.333,3.067,3.133,2.4,2.133,1.967,1.4,1.667,1.367,1.433,3.033,1.3,1,1,1.467,1.2,1.2,1,1.433,1.433,1.067,1.067,1.267,3.4,1.867,1.233,1.733,3.033,2.8,1.8,1.333,1.5,1.4,1.5,1.767,1.633,1.667,2.6,1.267,2.4,2.867,2.25,2.111,3.607,2.125,0,0,3,2.5,2.2,0,2.545,3.909,2.5,3,2.857,4.138,2.375,2.286,3.077,3.75,3.286,3.375,3.125,2.182,2.111,2.154,3.143,3.214,4.25,3.48,2.714,"LLM추정(저신뢰,미검수)","보간(앵커거리기반,완만혼합)"
J03-028,사회복지·종교직,보육교사,보육교사,4.033,4.033,4,3.4,3.967,4.067,4.233,4.2,4.3,3.867,4.3,4.033,4.167,3.5,3.133,3.3,1.667,2.7,1.633,1.533,2.333,1.467,1.2,1.2,2.067,1.2,2.233,1.133,1.467,2.033,1.667,1.467,1.9,3.3,2.167,1.633,2.167,3,3.3,3.167,1.9,1.867,1.633,1.667,3.1,2.033,2,2.367,1.2,2.2,2.448,2.214,2.545,3.211,3.286,1.667,1.6,2.6,1.6,2.789,1,1.833,2.632,2.75,2.4,2.222,3.333,2.882,2.571,2.083,3.731,3.63,3.1,2.316,2.647,2.429,2.692,2.963,2.636,3.261,3.28,1.6,"LLM추정(저신뢰,미검수)","보간(앵커거리기반,완만혼합)"
J03-029,사회복지·종교직,사회복지사,사회복지사,4.167,4.233,4.5,3.8,4.233,4.367,4.333,4.333,4.033,4.033,4.333,4.3,4.4,3.333,3.467,3.733,2.833,3.5,2.733,2.4,3.467,2.967,1.1,1,2.633,1.267,1.2,1.1,1.4,2.333,1.533,1.533,1.7,3.7,2.967,1.867,2.5,4,3.3,2.667,1.833,1.633,1.733,1.633,3,2.867,2.6,3.267,1.7,3.519,4.367,3.24,3.947,4.577,3.917,2,0,3.826,2.286,2.167,2,2.3,3.261,2.6,2.545,2.312,4.464,3.625,3.667,2.667,4.345,3.964,3.385,2.765,2.727,3.667,2.286,3.4,3.448,4.261,4.111,2.4,"LLM추정(저신뢰,미검수)","보간(앵커거리기반,완만혼합)"
J03-030,사회복지·종교직,상담 전문가,심리상담전문가,4.1,4.167,4.333,3.733,4.2,4.5,4.1,4.267,4.333,4.1,4.5,4.133,4.4,3.767,3.533,3.967,2.467,2.7,2.033,2.167,3.567,2.3,1.4,1.133,1.967,1.233,1.433,1.1,1.133,1.733,1.267,1.233,1.5,4.733,2.867,1.467,2.2,4.933,3.767,2.5,2.033,1.8,1.367,2.833,2.433,2.467,1.633,2.767,1.233,3.217,3.179,2.762,4,4.704,3.421,4.6,2.25,3.412,3.5,2.778,2,2,4.077,3,3,2.231,5.667,3.125,2.7,2.5,6.067,4.679,3.583,3.286,3.714,3,4.12,3.524,3.667,3.188,3.679,2.4,"LLM추정(저신뢰,미검수)","보간(앵커거리기반,완만혼합)"
J03-031,사회복지·종교직,시민단체 활동가,사회단체활동가,4.267,4.2,4.3,4.333,4.5,4.533,4.4,4.167,4.067,4.1,4.367,4.3,4.4,4.033,3.433,3.533,3.067,3.267,2.8,2.6,3.167,2.833,1.5,1.433,2.233,1.233,1.567,1.233,1.367,2,1.3,1.267,1.5,3.233,2.533,2.033,1.567,3.2,3.233,2.9,2.6,1.767,2.133,2.133,2.433,2.7,2.6,3.367,1.4,3.964,4.207,4,3.958,4.231,4,4.4,4,3.474,3.667,3.5,3,2.833,3.933,3,3.25,2.667,4.296,3.75,3.786,3,4.321,4.259,4.125,3.667,3.727,4.067,4.231,3.5,3.692,3.913,3.821,2.714,"LLM추정(저신뢰,미검수)","보간(앵커거리기반,완만혼합)"
J03-032,사회복지·종교직,직업상담사,직업상담사,4.367,3.8,3.9,4.033,4.1,4.267,4.1,3.967,3.767,3.8,3.767,4.167,3.967,3.7,3.133,3.633,2.933,3.133,1.933,2.567,3.967,2.967,1.167,1.067,2.833,1.467,1.433,1.1,2.5,1.633,1.133,1.267,1.2,4.067,2.433,1.4,1.867,4.567,3.567,2.833,2.767,1.433,1.433,1.533,2.233,2.333,2.7,3.567,1.367,3.593,3.767,3.188,3.636,4.567,4.375,2,2,3.88,3,2.889,2,2.955,3.643,2.333,2.714,2.167,4.567,3.364,2.75,2.421,5.633,4.276,3.792,3.759,2.417,2.455,2.833,3.143,2.821,3.68,4.034,2.5,"LLM추정(저신뢰,미검수)","보간(앵커거리기반,완만혼합)"
J03-033,사회복지·종교직,청소년 지도사,청소년지도사,4.1,4.067,4.467,4.033,3.967,3.867,4.067,4.167,4,4.067,4.167,3.967,4.033,3.633,3.633,3.733,2.4,3.033,2.333,2.233,2.667,2.067,1.367,1.3,2.3,1.633,1.667,1.233,1.7,2.2,1.7,1.333,1.6,3.533,2.9,2.067,1.933,3.833,3.733,2.9,2.5,1.867,2.1,2.033,2.367,2,2.333,2.867,1.233,3.538,3.567,3.375,3.611,3.37,3.611,4,4,3.462,3.071,3.615,3.2,2.562,3.304,2.733,3.125,3.067,4.4,3.586,3,2.778,4.633,4.867,3.933,3.483,3.158,3.429,3.136,3.579,3.3,3.593,3.828,2,"LLM추정(저신뢰,미검수)","보간(앵커거리기반,완만혼합)"
J04-001,농림어업직,가축 사육 종사원,가축사육종사원,3.633,3.633,3.867,2.833,3.7,3.267,3,3.133,3.4,3.2,3.7,3.533,4.067,3.3,3,2.933,2.333,1.867,2.067,2.5,2.533,1.733,1.833,3.233,1.6,1.2,1.067,1.167,2.133,1.967,1.6,1.167,2.8,1.467,1.167,1.433,1.3,1.2,1.6,1.5,1.167,1.067,1.033,1.067,2.1,1.8,1.633,1.867,1.5,2.708,2.6,3.25,3.167,3.625,2.933,3.143,3.586,2.583,2.2,3,2.333,2.95,3.056,2.714,3,3.364,2.9,1.75,3,3.4,2.6,2.923,2.286,2.5,3,2,1.5,3.333,2.706,2.857,3.118,2.7,앵커/LLM_approved,"보간(앵커거리기반,완만혼합)"
J04-002,농림어업직,곡식작물 재배원,곡식작물재배원,2.933,3.067,2.9,1.7,2.633,2.267,2.2,2.533,2.6,2.267,2.833,2.733,3.1,2.067,1.9,1.867,1.867,1.1,1.933,1.767,1.967,1,1.333,3.733,1,1,1,1,2.567,1.2,1.667,2.233,3.167,1.233,1.1,1.2,1,1,1.033,1,1,1,1,1,1.033,1,1.067,1.267,1,2.478,2,2.905,2.632,2.636,0,2.3,3.433,0,0,0,0,2.8,2.333,2.75,2.769,3.207,2.333,2.333,2.333,0,0,2,0,0,0,0,0,2,0,2,2.375,0,앵커/LLM_approved,실측
J04-003,농림어업직,과수작물 재배원,과수작물재배원,4.2,4.1,4.033,2.433,3.333,2.767,2.733,3.067,3.433,3.067,3.667,3.833,3.667,2.767,2.633,2.433,1.933,1.3,1.933,2.3,2.233,1.067,1.5,3.4,1.167,1.1,1,1,2.567,1.633,1.367,1.267,3,1.167,1.033,1.5,1.1,1.033,1.267,1.233,1,1,1,1,1.167,1.133,1.267,1.933,1.7,3,2.625,3.235,3.429,3.824,3,3.375,4.28,3,3.5,0,0,3.45,3.286,3.286,3,3.519,3,2,3.4,3,3,3,2.8,0,0,0,0,2.4,2.5,2.833,2.941,2.786,앵커/LLM_approved,"보간(앵커거리기반,완만혼합)"
J04-004,농림어업직,낙농 종사원,낙농종사원,3.8,3.733,4.067,2.6,3.333,3.2,3.1,3.267,3.433,3.533,3.8,4.133,4.033,3.167,2.933,3.067,2.467,1.5,2.5,1.767,1.7,1.2,1.7,3.667,1.533,1.033,1,1.467,2.433,1.433,1.767,1.767,3.567,1.3,1.7,1.167,1.933,1.5,1.7,1.2,1.333,1,1,1.067,2.3,2.2,1.933,1.333,1.467,3.778,2.385,3.789,3.727,3.364,3.25,3.091,4.036,3.25,2,0,3.429,3.9,4,2.941,2.882,3.931,2.857,2.571,2.75,2.765,2.5,2.625,3,3,0,0,2,3.5,3.368,3,3.4,2.889,앵커/LLM_approved,"보간(앵커거리기반,완만혼합)"
J04-005,농림어업직,양식원,양식원,4,3.9,4.1,3.633,4.167,3.933,3.967,3.567,3.567,3.5,3.8,4.033,3.7,3.233,3.3,3.3,3.2,1.733,2.033,3.133,2.5,2.033,1.367,4.033,1.3,1.133,1,1,3.133,1.433,2.367,1.133,3.933,1.267,1.133,2.6,1.167,1.267,2.133,1.133,1.1,1,1.033,1,2.133,1.5,1.333,1.1,2.133,4.2,3,3.5,4.571,3.7,3.733,3,4.759,2.833,3.333,0,0,3.577,3.75,3.421,3.333,4.107,3.286,2.667,3.706,2.6,3.2,4.067,1.75,1.333,0,1,0,3.615,2.5,3,3,3.389,앵커/LLM_approved,"보간(앵커거리기반,완만혼합)"
J04-006,농림어업직,어부 및 해녀,어부 및 해녀,4.2,3.8,3.833,2.967,3.5,3.367,3.167,3.167,3.267,3.033,3.4,3.867,3.367,2.967,2.067,2.133,2.5,1.133,1.633,2.3,2.333,1.167,1.4,2.867,1.433,1.067,1,1,2.7,1,2.1,1.067,3.5,1.1,1.067,3.133,1.067,1,1,1,1,1,1,1,1.667,1.3,1.967,1.067,2.067,3.45,2.333,3,3.474,3.19,3.5,3,4.056,2.429,1,0,0,3.522,0,3.133,4,3.6,2.333,3,3.56,2,0,0,0,0,0,0,0,3.2,2.571,3.5,2,4,앵커/LLM_approved,실측
J04-007,농림어업직,원예작물 재배원,육묘 및 화훼작물재배자,3.267,4,3.833,2.467,2.567,2.733,3.233,3.433,3.6,3.167,3.833,4.333,3.833,2.7,2.267,2.3,1.767,1.733,1.767,3.033,3.233,1.167,1.433,2.167,1.333,1.033,1.1,1,1.733,1.533,1.233,1.167,2.167,1.1,1,1.3,1.233,1.2,1.1,1.467,1.133,1.067,1.133,1,1.333,1.2,1.433,1.2,1.3,2.421,2.158,2.524,4.04,3.926,2.333,3.222,4.286,2.4,2,3,0,2.625,2.267,3,2.4,3.867,3,0,3.333,2.75,3,3.5,2.333,2,2,4,0,4,3.333,2.7,2.4,3.5,앵커/LLM_approved,"보간(앵커거리기반,완만혼합)"
J04-008,농림어업직,조경원,조경원,3.533,3.1,3.333,2.733,3.1,3.067,2.967,3.067,3.2,3.1,3.2,3.8,3.033,2.833,2.667,2.8,1.8,1.7,1.6,2.233,2.5,1.533,1.567,1.533,1.667,1.667,1.867,1.733,1.767,1.367,1.833,1.333,2.6,1.7,1.5,1.667,1.5,1.8,1.9,1.433,1.367,1.467,1.433,1.267,1.933,1.5,1.667,2,1.833,3.308,3.214,4,3.895,3.818,3.333,3.2,3.667,3.167,3.818,3.867,2.867,2.529,4,3.214,3.286,3.909,3.545,3,3.6,3.25,4,4,3.667,3.429,4.167,4.6,3.5,4.333,3.75,3.154,3.857,3.769,앵커/LLM_approved,실측
J04-009,농림어업직,조림∙산림경영인 및 벌목원,조림·산림경영인 및 벌목원,3.4,3.167,3.333,2.8,3.533,3.1,3.333,2.9,3.167,2.8,3.3,3.733,3.033,2.533,2.1,2.733,1.967,1.933,1.467,1.567,1.533,1.6,1.633,1.7,1.6,1.3,1,1,3.7,2.133,2.467,1.4,2.3,2.2,1.367,1.7,1.6,1.667,1.833,1,1.033,1,1,1,3.167,1.7,1.467,1.433,3.633,3,3.25,3,3,2.7,2.727,3.111,3.364,2.6,2.8,0,0,3.833,3.438,3,3,3.412,3.235,2.571,3.077,3,2.455,3,0,2,0,0,0,4.15,3.4,2.727,2.375,3.1,앵커/LLM_approved,실측
J04-010,농림어업직,채소·특용작물 재배원,채소·특용작물재배원,3.5,3.7,3.867,2.733,3.667,3.1,2.967,3,3.5,3.1,3.5,3.667,3.367,3.067,2.667,2.6,2.233,1.467,1.767,2.167,2.267,1.3,1.267,3.8,1.233,1.1,1.033,1.067,2.767,1.4,2.033,1.8,2.533,1.3,1.067,1.6,1.1,1.233,1.433,1.167,1.033,1,1.067,1,1.633,1.2,1.2,1.433,1.867,2.905,3.111,3.467,3.5,3.381,3.75,2.833,3.833,3.333,3.5,4,4,3.36,3.4,3.167,3.083,3.182,2.625,3,2.8,3,3,3.5,3.25,4,0,3,0,3.077,2.25,4,3.222,3.533,앵커/LLM_approved,"보간(앵커거리기반,완만혼합)"
J05-001,경호·경비직,경비원(건물 관리원),경비원,3,3.4,3.233,2.367,3.233,3,3.333,3.2,2.967,2.933,3.133,3.7,2.867,2.333,2.233,2.633,1.367,1.3,1.133,1.167,1.967,1.333,1.233,1.067,1.833,1.867,1,2.667,2.467,1.367,1.833,1.533,1,1.2,1.167,1,1.067,1.3,1.5,1,1.133,1.067,1,1.067,2.467,1.467,1.733,1.467,1.1,3.25,2.714,4,3.5,3.05,4,3,3.5,3.312,3.438,0,4,3.72,2.3,3.615,3.455,0,3.4,3,0,3.5,2.375,3.667,0,2,3.5,0,3,3.636,2.667,3,2.571,4,"LLM추정(저신뢰,미검수)","보간(앵커거리기반,완만혼합)"
J05-002,경호·경비직,경호원,경호원,3.533,4,3.933,2.833,3.633,3.767,3.533,3.967,3.6,3.5,3.867,3.933,3.633,2.833,2.3,3.133,1.133,1.033,1,1.133,3.2,1,1,1,1.167,1,1,1.033,1.1,1,1.033,1,1.267,2.133,1.967,1.767,1.733,1.6,2.1,1.067,1.733,1,1.067,1.167,4.367,2.033,2.5,1.7,1.567,3.333,2,0,3.333,3.75,0,0,0,3,0,0,2,2,0,3,0,4.25,3.706,3.6,4.091,3.7,3.091,4.231,3.5,3.385,0,3,3.667,5.167,2.967,3.241,2.444,3.5,"LLM추정(저신뢰,미검수)","보간(앵커거리기반,완만혼합)"
J05-003,경호·경비직,시설·특수 경비원,시설·특수경비원,3,3.133,3.4,2.5,2.767,2.533,3.267,3.1,3.2,2.9,3.4,3.067,3.133,2.433,2.2,2.433,1.767,1.867,1.633,1.433,2.9,1.133,1.267,1,1.667,1.333,1,1,1.033,1.633,1,1,1,1.867,1.8,1,1.367,1.4,1.567,1.4,1.533,1,1,1,3.433,1.367,1.767,1.867,1.067,3.083,3.7,3.3,2.6,3.708,2,2.143,0,3.3,2,0,0,2,2.818,0,0,0,2.579,3.8,0,2.571,2.333,2.778,2.1,2.6,0,0,0,3.9,1.9,2.867,3,2,"LLM추정(저신뢰,미검수)","보간(앵커거리기반,완만혼합)"
J05-004,경호·경비직,청원경찰,청원경찰,3,3.4,4.333,2.167,3.367,3.167,3.367,3.767,3.767,2.633,4.2,3.667,3.567,2.367,1.733,2,1.433,1.767,1.233,1.033,3.033,1.333,1,1,1.633,1.067,1,1,1.4,1.167,1.1,1.067,1,1.533,1.233,1.233,1.467,1.367,1.733,1.233,1.267,1.033,1.033,1.1,3.933,2.3,2.167,1.633,1.433,2.571,2.833,3,3,3.821,3.4,0,0,3.8,4,0,0,3.125,3.25,3.333,4,0,3.6,3.25,3.2,2.583,3.25,4.1,3.8,3.4,3,3,3,4.655,4,3.44,3.333,3,"LLM추정(저신뢰,미검수)","보간(앵커거리기반,완만혼합)"
J05-005,돌봄 서비스직(간병·육아),요양 보호사 및 간병인,요양보호사 및 간병인,2.867,3.767,3.5,2.5,3.667,4.033,3.533,3.567,3.833,3.067,3.633,3.467,3.5,2.967,2.067,2.133,1.067,1.033,1.1,1.133,3.233,1.067,1.033,1,1.067,1,1,1,1.1,1.167,1.033,1.067,1.833,3.233,2.267,1.133,2.833,2.6,1.933,1.2,1.133,1.067,1.1,1.233,2.7,1.9,1.767,2,1.067,2.5,4,2,2.667,3.464,2,3,0,2.5,0,0,0,2,2.4,2,2,2.263,3.414,2.5,2.5,2.5,2.92,2.333,2.5,2.25,1,2,2,2.731,2.2,3.111,2.722,2.5,"LLM추정(저신뢰,미검수)","보간(앵커거리기반,완만혼합)"
J05-006,돌봄 서비스직(간병·육아),육아 도우미,육아도우미,3.133,3.633,3.367,2.533,3.067,3.7,3.567,3.467,3.667,3.333,3.433,3.467,3.4,3.033,2,2.333,1,1,1,1.367,2.8,1.133,1,1,1,1,1,1,1,1,1,1,1,2.5,1.267,1,1.233,1.633,1.467,1.5,1.1,1.133,1,1,2.4,1,1.4,2.3,1,0,0,0,3.5,2.893,2,0,0,0,0,0,0,0,0,0,0,0,3.45,2.571,0,1.571,2.7,3.125,3,2.333,4,0,0,2.826,0,2,2.609,0,"LLM추정(저신뢰,미검수)","보간(앵커거리기반,완만혼합)"
J05-007,미용·예식 서비스직,결혼상담원 및 웨딩플래너,웨딩플래너,4.1,4.033,4.167,3.667,4,4.2,4.033,3.867,4.333,3.667,4.2,4.533,4.167,3.533,3.433,3.667,1.967,2.367,2.1,3.767,4.4,2.033,1.167,1,1.267,1.1,2.533,1.1,1.067,1.7,1,1,1,2.9,1.367,1.167,1.233,3.433,2.3,1.733,1.967,2.1,1.1,1.2,1.667,1.567,2.167,2.833,1.333,3.095,3.286,3.941,4.567,5.133,3.733,3.5,0,3.6,2.667,3.75,4,2,4.308,0,0,0,3.929,3.4,5,1.714,3.9,5.25,3.571,4.176,4.312,3,3.667,2.846,3.846,3.25,3.3,3.5,"LLM추정(저신뢰,미검수)","보간(앵커거리기반,완만혼합)"
J05-008,미용·예식 서비스직,메이크업 아티스트 및 분장사,메이크업아티스트 및 뷰티매니저,3.833,3.6,3.933,3.233,3.467,3.967,3.967,3.967,3.9,3.933,3.7,4.1,3.4,3.6,3.467,3.133,1.7,1.6,1.467,3,4,1.867,1.233,1.1,1.233,1.1,1.833,1.1,1.367,1.1,1.133,1.3,1.2,2.567,1.4,1.133,1.233,2.733,1.767,1.5,1.5,2.433,1.3,1.2,1.433,1.367,1.567,2.367,1.167,2.923,2.417,2.545,4.241,4.933,4.333,3,5,3,5,3.818,5,2.857,5,4,2.667,3.25,3.909,2.714,4,3,3.552,3.75,3.75,3.1,3.565,3,3.25,3.625,3.667,3.3,4.158,3.5,"LLM추정(저신뢰,미검수)","보간(앵커거리기반,완만혼합)"
J05-009,미용·예식 서비스직,메이크업 아티스트 및 분장사,분장사,3.433,3.433,3.467,3.2,3.533,3.5,3.333,3.4,3.967,3.533,3.6,3.867,3.1,3.267,3,2.667,1.567,1.533,1.733,2.167,3.667,1.933,1,1,2.1,1,3.367,1,1.067,1.367,1,1.133,1.033,2.533,1,1,1.3,2.5,2.167,1.067,2.1,3.2,1.1,1.033,1,1,2.033,2.933,1.1,3,2.7,2.867,3.05,4.929,3,0,0,3.588,0,4.704,0,2.5,2.571,0,3.333,3,3.231,0,0,3.5,4.556,3.438,4,3.333,4.067,2.5,2,0,0,3.167,3.63,3,"LLM추정(저신뢰,미검수)","보간(앵커거리기반,완만혼합)"
J05-010,미용·예식 서비스직,미용사,미용사,4.033,3.833,3.9,3.367,3.533,3.933,3.667,3.9,3.867,3.967,3.967,4.267,3.267,3.2,3.3,2.9,2.5,1.733,1.9,3.433,4.2,2.867,1.667,1.267,1.367,1.267,2.367,1.533,2.367,1.567,1.3,1.667,1.233,3.267,1.933,1.367,1.333,2.7,2.8,1.8,1.733,2.533,1.433,1.4,1.7,1.633,1.867,1.967,1.4,3,3,2.789,3.964,4.333,3.542,3.083,3,2.778,3.8,3.412,3.125,2.8,2.636,3,3.182,2.167,3.821,3.417,2.857,2.375,4.143,3.92,3.286,2.933,3.318,2.556,2.8,3.083,3,3.474,3.4,3.25,"LLM추정(저신뢰,미검수)","보간(앵커거리기반,완만혼합)"
J05-011,미용·예식 서비스직,반려동물 미용 및 관리 종사원,반려동물미용사,3.367,3.867,3.5,2.533,3.167,3.467,3,3.567,3.967,3.833,3.733,4.633,3.767,3.667,2.667,2.6,1.667,1.467,1.4,2.667,3.7,1.7,1,1.6,1.133,1,1.833,1,2.467,1.133,1.233,1.1,3.333,2.633,1.267,1,2.067,2.267,1.933,1.1,1,1.533,1,1.033,1.8,1.133,1.367,2.133,1,3.111,2.6,2.8,3.448,4.267,2.556,0,2.6,3.333,0,3.059,0,2.6,3,3,2.333,3.357,3.667,3.333,0,2.941,3.462,2.812,3,0,2.933,0,3,2.682,2.25,3,3.208,0,"LLM추정(저신뢰,미검수)","보간(앵커거리기반,완만혼합)"
J05-012,미용·예식 서비스직,반려동물 미용 및 관리 종사원,수의사보조원,3.133,3.6,3.5,2,3.433,3.667,3.2,3.367,3.633,3.067,3.567,3.833,3.5,2.133,1.567,2.367,1.167,2.167,1.233,1.7,3.467,1,1,1,1.3,1,1,1,1.333,1.433,1.3,1.533,3.867,2.8,1.533,1,2.833,2.433,1.533,1.633,1.433,1,1,1.1,1.533,1.133,1.567,1.7,1,2.6,2.692,3,2.933,3.6,0,0,0,2.857,0,0,0,2,2.769,2.111,2.929,3.793,3.345,2.667,0,2.864,3.12,2.867,2.588,2.917,0,0,3,2.5,2.75,3.4,2.667,0,"LLM추정(저신뢰,미검수)","보간(앵커거리기반,완만혼합)"
J05-013,미용·예식 서비스직,이용사,이용사,3.633,4.067,3.433,2.7,3,3.1,3.3,3.7,4.067,3.133,3.2,4.1,3.033,2.967,2.633,2.5,1.967,1.4,1.7,2.267,2.9,2.067,1.267,1,1.2,1.467,1.967,1.133,2.267,1.667,1.1,1.1,1.1,2.133,1.933,1.133,1.1,2.133,1.8,1.533,1.1,1.467,1,1.1,2,1.667,1.567,1.967,1.333,3.286,2.857,2.769,3.19,3.619,3.308,2.333,0,2,2.75,3.267,2,2.87,2.312,4,3,4,3.533,3.727,2.5,2.333,3.467,3.5,2.833,2,3.571,0,4,2.81,2.5,2,2.579,3,"LLM추정(저신뢰,미검수)","보간(앵커거리기반,완만혼합)"
J05-014,미용·예식 서비스직,장례 지도사 및 장례 상담원,장례지도사 및 장례상담원,3.133,3.8,3.467,3.3,3.7,4.133,3.533,3.933,4.267,3.5,4,4.233,3.5,3.1,2.167,2.633,1.733,1.867,1.1,2.567,3.933,1.167,1.6,1.1,1.367,1.733,1.433,1.467,1.933,1.533,1.367,1.967,2.5,3.3,1.733,2,2.533,3,2.267,1.367,1.5,1.267,1.9,2.333,2.3,1.867,1.867,2.367,2.3,3.714,2.952,3,4.8,4.4,4,3.9,2.667,2.778,4,3.364,3.25,3.3,3.545,2.8,3.947,3.955,4.2,3.429,4.688,2.885,3.75,4.737,2.636,2.786,2.4,4.2,4.318,3.632,3.333,3.667,3,3.85,"LLM추정(저신뢰,미검수)","보간(앵커거리기반,완만혼합)"
J05-015,미용·예식 서비스직,피부 및 체형 관리사,피부 및 체형관리사,4.033,4.033,4,3.867,3.933,4.433,4.1,4.167,4.133,4.033,4.3,4.367,4.2,3.767,3.2,2.833,2.333,1.8,1.9,3.067,3.867,1.967,1.267,1.067,1.267,1.133,1.1,1.067,1.4,1.3,1.1,1.4,1.233,2.867,1.6,1.033,1.9,3.1,2.133,1.433,1.367,1.4,1.067,1.3,1.733,1.733,1.467,2.067,1.1,3.053,3.385,3.333,4,3.5,3.462,2.75,1.5,3.2,3,2.5,2,1.889,3.167,2.333,3.429,2.6,3.783,2.091,2,2.375,3.37,3.706,2.625,2.444,3,1,3.2,2.615,2.667,3.4,3.444,2,"LLM추정(저신뢰,미검수)","보간(앵커거리기반,완만혼합)"
J05-016,미용·예식 서비스직,피부 및 체형 관리사,네일아티스트,3.8,3.933,3.833,3.067,3.5,3.967,3.4,3.9,4.1,3.8,3.967,4.5,3.667,3.467,3.367,2.733,2.433,1.633,2.067,3.2,4.067,2.2,1.4,1,1.133,1.2,3.3,1.033,1.533,1.267,1.167,1.433,1.2,2.967,1.533,1,1.367,2.5,1.967,1.367,1.467,2.367,1,1.133,1.5,1.433,1.633,1.933,1.1,3.238,3,3.368,4.276,4.5,3.15,2.125,0,2.25,3.667,4,1,2.833,4.2,3.667,3.222,2.667,3.75,3.364,0,2.5,3.913,4,3.143,2.583,3.455,0,3,3,3.6,3.538,3.333,2.333,"LLM추정(저신뢰,미검수)","보간(앵커거리기반,완만혼합)"
J05-017,미용·예식 서비스직,혼례 종사원,혼례종사원,2.967,3.5,3.533,2.5,3.567,3.667,3.233,3.267,3.633,3.333,3.267,3.833,3.233,2.533,1.9,2.067,1.3,1.567,1.367,2.067,3.8,1.7,1,1,1.033,1,1.167,1,1.2,1.167,1,1,1.133,2.3,1.6,1,1,1.967,2.033,1.233,1.3,1.367,1.133,1.133,1.267,1.033,1.9,1.8,1.033,2.778,3,2.909,3.556,4.233,3.417,0,0,2,0,2.75,0,2,3.2,0,0,4,3.273,2.6,0,0,3.05,3.25,3,2.778,2.857,2.667,2.25,2.714,2,3,2.7,2,"LLM추정(저신뢰,미검수)","보간(앵커거리기반,완만혼합)"
J05-018,여행·숙박·오락 서비스직,선박·열차 객실승무원,선박객실승무원,3.567,4,3.8,3.3,4.067,4.1,3.933,4.2,4.367,3.833,3.867,4.033,3.733,3.433,3.067,3.3,1.6,1.667,1.467,2.533,4.2,1.433,1.133,1.067,1.7,1.133,1.2,1.1,1.433,1.967,1.5,1.133,1.2,2.933,1.7,2.7,2.533,2.2,3.033,2.267,3.433,1.133,1.4,1.467,3.5,1.667,2.333,2.333,3.233,2.769,2.929,2.6,3.577,5.267,3,2.333,4,3.2,2.667,2.333,3.5,2.444,2.87,2.143,2.25,2.833,3.793,2.643,3.64,2.741,2.88,4.4,2.552,4.567,2.5,2.444,2.636,4.25,3.154,3.31,3.231,3.786,"LLM추정(저신뢰,미검수)","보간(앵커거리기반,완만혼합)"
J05-019,여행·숙박·오락 서비스직,선박·열차 객실승무원,열차객실승무원,3.967,4.333,4.167,3.6,4.3,4.133,4.3,4.033,4.3,4.2,4.133,4,3.8,3.567,3.233,3.633,1.767,2.333,1.8,2.7,3.933,1.933,1.333,1.033,2.167,1.6,2,1.633,1.967,2.433,1.333,1.133,1.6,2.633,2.633,3.1,2.367,2.367,2.667,2.567,3.533,1.9,2.067,1.8,3,2.233,2.4,2.867,2.7,2.318,3.4,2.5,3.964,5.448,2.652,1.5,3,2.828,2.353,3.05,2.278,2.667,3.48,2.444,2.333,2.615,3.786,3.759,4.103,3.414,3.321,3.714,3.828,4.733,3.045,3.375,2.238,4.138,2.964,3.448,3.931,3.033,"LLM추정(저신뢰,미검수)","보간(앵커거리기반,완만혼합)"
J05-020,여행·숙박·오락 서비스직,숙박시설 서비스원,숙박시설서비스원,3.133,3.533,3.733,3.4,3.7,3.8,3.7,3.4,3.767,3.833,3.767,4,3.867,3.133,2.933,3.433,1.633,1.967,1.667,2.5,3.867,1.733,1.267,1.2,1.933,1.233,1.2,1.133,1.267,1.933,1.367,1.233,1.167,2.267,1.8,1.667,1.733,2.033,2.8,2.5,3.067,1.367,1.9,1.367,2.767,2.1,2.233,2.6,1.733,3.214,3.368,2.923,3.458,4.233,3.071,2.714,3.4,3.409,3,3.6,2.75,2.667,3.722,2.375,2.833,2,3.87,3.125,3.067,2.158,3.316,3.733,3.125,3.867,2.8,3.765,3,3.519,3.042,3.808,3.25,2.842,"LLM추정(저신뢰,미검수)","보간(앵커거리기반,완만혼합)"
J05-021,여행·숙박·오락 서비스직,여행 사무원,여행사무원,3.167,3.433,3.433,3.067,3.1,3.333,3.333,3.633,3.667,3.267,3.633,4.1,3.433,2.9,2.733,2.767,1.867,2.767,2.167,3.233,3.4,1.7,1,1,1.7,1,1,1,1.033,1.533,1,1,1,1.367,1.2,2.1,1.067,1.433,1.467,1.533,2.633,1.333,1.333,1.033,1.267,1.233,1.967,2.033,1.933,3.733,3.759,3.391,4.433,4.724,3.917,0,0,3.6,0,0,0,2,2.667,0,0,0,2.714,2.667,3.882,1.5,3,3.7,3.4,3.929,2.714,3.167,3,3.333,3.75,3.455,3.261,2.95,"LLM추정(저신뢰,미검수)","보간(앵커거리기반,완만혼합)"
J05-022,여행·숙박·오락 서비스직,여행 안내원 및 해설사,자연 및 문화해설사,3.9,3.833,4,3.6,4.067,4.233,3.833,4.267,3.833,4,4.1,3.533,4.133,3.933,3.433,3.667,1.333,1.767,1.167,1.267,3.733,1.333,1.033,1,1.3,1.067,1.067,1,1.067,1.167,1.167,1.1,1.567,3.067,3.1,2.267,1.5,2,2.2,3.067,2.333,2.233,4.033,1.933,2.933,1.9,2.1,2.633,1.233,2.625,3.071,2.6,3,5.138,3.75,3,0,3.333,2.5,5,0,2,3.75,2,2.333,2.692,4.074,4.231,4.053,2.636,4.333,4.176,4.214,3.348,3.588,4.967,3.556,3.5,3.643,3.714,3.769,2.5,"LLM추정(저신뢰,미검수)","보간(앵커거리기반,완만혼합)"
J05-023,여행·숙박·오락 서비스직,여행 안내원 및 해설사,여행안내원,3.767,3.8,3.817,3.867,3.783,3.833,3.817,3.8,3.983,3.783,4,3.967,3.767,3.35,3.2,3.267,1.733,1.7,1.583,2.733,3.867,1.333,1.083,1.067,1.4,1.1,1.183,1.117,1.217,1.367,1.15,1.1,1.4,2.383,2.65,3.05,1.583,2.267,2.45,2.217,3.2,2.05,3.45,1.95,2.367,1.75,2.333,2.683,1.733,3.636,3.185,3.619,4.111,4.35,3.286,4,4,3.611,4,4.286,3.667,4,4.056,2.8,3.5,3.267,3.895,4.15,4.038,2.333,3.163,4.189,3.758,4.246,3.143,4.193,4.308,3.595,3.429,3.462,3.352,2.92,"LLM추정(저신뢰,미검수)","보간(앵커거리기반,완만혼합)"
J05-024,여행·숙박·오락 서비스직,여행상품 개발자,여행상품개발자,3.2,3.667,3.467,2.9,3.533,3.8,3.967,3.833,3.933,3.7,3.767,4.367,3.367,2.967,2.8,2.8,2.3,3.3,2.7,3.2,4.167,2.467,2.2,1.633,2.7,1.467,1.933,1.3,1.5,2.6,1.367,1.3,1.333,3.033,2.067,3.3,1.7,3.6,2.767,2.733,2.9,1.767,2.367,1.767,2.633,2.433,2.567,3.033,2.167,3.542,4.31,3.63,4.571,5.433,4.304,3.684,2.909,4,3.5,3.353,3.4,2.7,4.174,2.857,3.6,3.167,4.12,3.5,4.379,2.5,5.308,4.296,4.148,4.241,3.143,3.375,3.071,3.429,3.76,4.5,4.172,3.471,"LLM추정(저신뢰,미검수)","보간(앵커거리기반,완만혼합)"
J05-025,여행·숙박·오락 서비스직,오락시설 서비스원,오락시설서비스원,3.133,3.533,3.733,3.4,3.7,3.8,3.7,3.4,3.767,3.833,3.767,4,3.867,3.133,2.933,3.433,1.633,1.967,1.667,2.5,3.867,1.733,1.267,1.2,1.933,1.233,1.2,1.133,1.267,1.933,1.367,1.233,1.167,2.267,1.8,1.667,1.733,2.033,2.8,2.5,3.067,1.367,1.9,1.367,2.767,2.1,2.233,2.6,1.733,3.214,3.368,2.923,3.458,4.233,3.071,2.714,3.4,3.409,3,3.6,2.75,2.667,3.722,2.375,2.833,2,3.87,3.125,3.067,2.158,3.316,3.733,3.125,3.867,2.8,3.765,3,3.519,3.042,3.808,3.25,2.842,"LLM추정(저신뢰,미검수)","보간(앵커거리기반,완만혼합)"
J05-026,여행·숙박·오락 서비스직,항공기 객실승무원,항공기객실승무원,3.3,4.033,3.7,3.767,4.4,4.5,4.267,4.333,4.3,4.033,3.967,3.767,3.433,3.167,2.533,2.7,1.9,1.867,1.5,1.8,3.8,2.2,1.4,1.333,1.733,1.4,1.2,1.067,1.433,1.4,1.267,1.167,1.3,2.967,2.2,2.067,2.4,2.433,2.767,2.367,3.467,1.4,1.433,1.367,3.633,2.433,2.033,2.567,2.1,2.235,2.882,2.636,2.812,5,3.579,2.4,2,3.286,3.143,2.2,4,2.5,3.143,2.429,2.667,2.125,4.577,3.882,3.45,3.364,3.864,3.917,3.696,4.857,2.556,2.778,1.9,4.138,3.304,4.105,3.846,3.095,"LLM추정(저신뢰,미검수)","보간(앵커거리기반,완만혼합)"
J05-027,음식 서비스직,바텐더,바텐터,4.3,4.2,4.133,4,4.167,4.4,4.2,4.167,4.333,4.333,4.1,3.767,3.367,3.1,2.833,3.133,1.267,1.1,1.367,3.633,4.233,1.3,1.233,1.167,1.033,1.1,1.167,1,1.233,1.067,1.033,2.9,1.167,3.467,1.4,1.033,1,3.2,2.733,1.333,2.9,2.133,1.267,2.233,1.4,1.167,1.167,3.033,1,4,3.5,3.833,5.308,5.333,4.5,4.333,3,2,6,4.5,0,3,2.5,3,4.476,3.333,4.556,4,3,0,4.64,4.619,4.2,4.32,3.941,3,4.222,3.375,3,3.5,4.16,0,"LLM추정(저신뢰,미검수)","보간(앵커거리기반,완만혼합)"
J05-028,음식 서비스직,양식 조리사,양식조리사,3.867,4,4.033,3.633,3.733,3.9,3.833,4.067,4.2,3.967,4.033,3.833,3.9,3.467,2.667,2.167,2.5,1.5,2.2,2.533,3.4,2.067,2.267,1.8,1.3,1.7,1.633,1.067,2.1,1.567,1.2,1.5,1.4,2,1.467,1.467,1.7,2.2,2.633,1.3,1.967,1.167,1.1,1.133,1.9,2.167,2.167,2.4,1.667,3.5,2.643,3,3.786,4.414,3.391,2.929,3.158,2.444,2.737,2.733,2,3,3,2.333,2.917,2.273,3.348,2.538,3.364,2.562,3.038,3.885,2.556,2.708,2.2,2.667,2.5,3.158,3.08,3.321,3.259,2.647,"LLM추정(저신뢰,미검수)","보간(앵커거리기반,완만혼합)"
J05-029,음식 서비스직,음료 조리사,음료조리사,3.1,3.167,3.067,2.667,2.933,2.867,3,3.1,3.1,3.033,2.833,3.167,3,2.7,2.533,2.567,1.667,1.233,1.433,2.4,3.133,1.067,2.267,1.033,1.067,1,1,1,1.9,1,1,1.033,1,1.033,1,1,1,1.1,1.367,1,1.6,1,1,1,1.167,1,1.4,1.833,1,2.533,2,2.636,3.174,3.821,2,2.917,2,2,0,0,0,2.682,0,0,2,0,3,0,0,0,2,2.375,0,2.056,0,0,0,2.2,0,2,2.381,0,"LLM추정(저신뢰,미검수)","보간(앵커거리기반,완만혼합)"
J05-030,음식 서비스직,음식 배달원,음식배달원,3.033,3.333,3.267,2.333,2.867,3.5,3.067,3.233,3.533,3.167,2.933,2.833,2.767,2.367,2.067,2.033,1.3,1.1,1.067,1.733,2.967,1,1.133,1.2,1.033,1,1,1.167,1.367,2,1,1,1,1.6,1.1,1.167,1,1.233,1.033,1.267,1.2,1,1,1,1.7,1.733,2.067,2.067,2.333,3.143,2,2.5,2.938,3.889,0,3.5,3,2,0,0,2.75,2.5,3.333,0,0,0,3.667,3,2,0,2.667,3,3.5,3,0,0,0,3.538,2.941,3.478,3.571,3.222,"LLM추정(저신뢰,미검수)","보간(앵커거리기반,완만혼합)"
J05-031,음식 서비스직,일식 조리사,일식조리사,3.3,3.167,3.2,2.367,3.1,2.933,2.833,2.633,2.867,2.8,3.067,2.767,2.733,2.233,2.333,2.833,1.133,1,1,1.467,2.4,1,1.233,1.4,1,1,1,1,1.033,1.033,1,1,1,1.133,1,1,1,1,1,1.067,1.033,1,1,1,1.467,1.167,1,1.167,1.067,2,0,0,4,4.059,0,3,3.375,0,0,0,0,2,3,0,0,0,3,0,0,0,0,0,3,2,0,0,0,3.3,2.2,0,2,2,"LLM추정(저신뢰,미검수)","보간(앵커거리기반,완만혼합)"
J05-032,음식 서비스직,주방 보조원,주방보조원,3.3,3.733,3.367,2.4,3.867,3.5,3.533,3.167,3.3,3.4,3.667,3.667,2.933,2.7,2.267,2.233,1.2,1.067,1.133,1.3,2.733,1.167,1.5,1.633,1.033,1,1,1.167,1.567,1.167,1,1.033,1.133,1.5,1.033,1.167,1.1,1.267,1.133,1,1,1,1,1,1.167,1,1.033,1.3,1,2.6,2.5,3,2.625,3.895,1.6,4.8,2.667,2,0,0,2,2.357,3,0,3,2,3.25,2,2,2,3,2.667,0,0,0,0,0,2,0,2,3.167,0,"LLM추정(저신뢰,미검수)","보간(앵커거리기반,완만혼합)"
J05-033,음식 서비스직,주방장 및 요리 연구가,주방장,4.5,4.367,4.5,4.433,4,3.933,3.9,4.067,4.2,3.9,4.133,4.4,4.1,3.233,3.167,2.967,2.167,1.6,1.8,2.567,3.6,2.067,2.033,2.367,1.567,1.467,1.5,1.167,1.633,1.7,1.2,1.5,1.6,2.4,2.233,1.233,1.367,2.133,2.6,1.267,1.633,1.433,1.267,1.6,3.233,2.1,1.667,2.067,1.633,3.455,2.929,3.25,3.63,4.345,3.6,3.211,3.818,2.929,3,3,2.667,3,3.235,2,2.923,3.071,3.652,3.75,3.167,2.571,3.409,3.5,3,3.385,3,3,3.091,4.071,3.273,3.917,3.286,2.929,"LLM추정(저신뢰,미검수)","보간(앵커거리기반,완만혼합)"
J05-034,음식 서비스직,중식 조리사,중식조리사,3.774,3.323,3.677,3,3.548,3.742,3.419,3.226,3.71,3.452,3.452,3.903,3.29,3.323,3.323,2.871,1.387,1.129,1.484,1.774,3.548,1.839,1.323,1.452,1.065,1,1,1,1.419,1,1,1,1.194,2.226,1.097,1.097,1,1.419,1.452,1.097,1.032,1.032,1,1,1.581,1.161,1.258,1.258,1.258,3.5,3.333,3.444,4.182,4.067,2.684,2.714,2.8,4,0,0,0,2.8,0,0,0,3.25,2.826,3.5,3.5,0,3.125,3.111,3.5,2,3,0,0,3.556,2.667,3.333,3.2,3.5,"LLM추정(저신뢰,미검수)","보간(앵커거리기반,완만혼합)"
J05-035,음식 서비스직,패스트푸드 준비원,패스트푸드준비원,3.333,3.8,3.833,3.2,3.9,4,3.633,3.767,3.833,3.6,3.867,4.1,3.9,2.867,2.7,2.733,1.833,1.967,1.6,2.667,3.867,1.467,2.567,2.233,1.367,1.333,1.1,1,1.667,1.7,1.133,1.2,1.133,1.7,1.633,1.067,1.3,1.933,2.433,1.367,1.633,1.067,1.133,1.1,2.267,1.233,1.633,2.3,1.367,2.875,3,3.091,4.136,4.3,3,3.826,4.438,2.818,3.125,3,0,2.667,3.188,2.5,2.5,2.5,3.462,3.182,3,2.875,4.231,3.895,3.375,3.267,2.5,2.75,3.5,4.059,3,3.462,4.167,3,"LLM추정(저신뢰,미검수)","보간(앵커거리기반,완만혼합)"
J05-036,음식 서비스직,한식 조리사,한식조리사,3.233,3.733,3.733,3.2,3.533,3.6,3.667,4.033,3.867,3.8,3.733,3.633,3.833,3.233,2.9,2.633,1.567,1.5,1.433,1.533,3.067,2.233,2.067,2.4,1.067,1,1.1,1.233,1.4,1.9,1.2,1.033,1.1,2.467,2,1.433,1.633,1.467,1.567,1.133,1.233,1.133,1,1.1,1.933,1.367,1.367,2.167,1.133,2.364,2,2.7,2.6,3.379,2.647,2.263,2.762,3,0,1.5,2.286,2.2,2.812,2.167,1,2.333,2.591,3.571,2.083,2.077,2.625,3.333,2.667,3.5,2,0,2,2.882,2.444,2,3.375,2,"LLM추정(저신뢰,미검수)","보간(앵커거리기반,완만혼합)"
J05-037,음식 서비스직,홀서빙원,홀서빙원,3.233,3.4,3.467,2.6,3.733,3.967,3.867,3.633,3.967,3.5,3.5,3.467,3.367,2.967,2.2,2.567,1.533,1.533,1.5,2.767,3.9,1.333,1.433,1.367,1.1,1.167,1.1,1.033,1.333,1.3,1.2,1.167,1.333,2.233,1.467,1.167,1.367,1.667,2,1.533,2.733,1.067,1.133,1.067,1.367,1.6,1.533,1.733,1.267,2.727,2.5,2.636,3.577,4.448,2.25,2.4,3.167,2.333,2,2.333,2,2.333,2.75,2,2.2,3.143,3.2,2.7,2.2,2.3,3.5,3.6,2.5,3.333,2,2,2,2.6,3.4,2.909,2.857,1.833,"LLM추정(저신뢰,미검수)","보간(앵커거리기반,완만혼합)"
J05-038,청소 및 기타 개인서비스직,가사 도우미,가사관리사,3.967,3.967,4.133,2.3,4.033,4.2,3.467,4.2,4.3,4.067,4.233,4.133,4,3.633,2.133,2.067,1.667,1,1,1,2.9,1,1,1.333,1,1,1.067,1,1.267,1.333,1.333,1.4,1.433,1.767,1.067,1,1.467,1.467,1.033,1.367,1.033,1.033,1.1,1.033,1.5,1.867,2.333,2.033,1.367,5,0,0,0,3.667,0,0,3,0,0,5,0,2.333,4,3,3,2.923,3.095,2,0,2.786,3.1,3,3,2,2,2.333,2,3.2,3.312,2.867,2.567,2,"LLM추정(저신뢰,미검수)","보간(앵커거리기반,완만혼합)"
J05-039,청소 및 기타 개인서비스직,검표원,검표원,3.267,3.8,3.767,2.8,3.867,4,3.767,3.7,3.833,3.633,3.8,3.4,3.567,2.833,2.533,2.767,1.6,1.967,1.533,1.9,3.7,1.633,1.133,1.033,1.4,1,1.033,1,1.433,1.6,1,1.033,1.133,2.3,1.533,1.3,1.3,2.033,2.233,1.7,1.8,1,1.333,1.067,2.233,1.7,1.767,2.1,1.067,2.5,2.842,2.385,3.857,4.172,3.222,3.5,1,2.556,0,2,0,2.429,3.455,0,2,2,3.632,2.5,2.625,1.875,3.35,3.4,3.188,2.611,0,2.875,2,2.9,2.5,3.286,3.381,2,"LLM추정(저신뢰,미검수)","보간(앵커거리기반,완만혼합)"
J05-040,청소 및 기타 개인서비스직,계기 검침원 및 가스 점검원,계기검침원 및 가스점검원,3.6,3.3,3.867,2.9,3.667,3.6,3.567,3.467,3.433,3.4,4.1,4.3,4,3.433,2.7,3.267,1.567,2.367,1.433,1.433,3.2,1.8,1.067,1.033,2.333,1.633,1.067,1.633,2.533,2.333,1.8,1.5,1.067,2.167,1.233,1.7,1.1,1.933,2.233,2.233,1.867,1.067,1.2,1.233,2.6,2.4,2.333,2.567,1.6,2,2.667,2,3.25,3.483,2.222,4,3,3.208,1.933,2,2.533,2.926,2.778,1.789,1.308,4,3.235,2.8,2.071,2,3.571,2.44,2.5,2.048,2,2.2,2.2,2.962,2.852,3.375,3.192,1.588,"LLM추정(저신뢰,미검수)","보간(앵커거리기반,완만혼합)"
J05-041,청소 및 기타 개인서비스직,배관 세정원 및 방역원,방역원,3.167,3.233,3.233,2.6,3,3.167,3.2,3.167,3.267,3.167,3.067,3.2,3.067,3.033,2.433,2.5,1.933,2.3,1.833,2.267,3.333,1.933,1.667,1.533,1.6,1.667,1.5,1.4,2.767,1.7,1.733,1.967,2.333,1.867,2.067,1.933,1.967,1.867,1.967,1.7,1.6,1.433,1.467,1.433,2.567,1.967,2.233,2.333,2.233,3.846,3.304,3.75,3.667,3.966,3.8,3.5,3.091,3.273,3.778,4,2.7,3.207,4.444,3.286,3.929,3.261,3.188,3.588,3.667,2.647,4.154,3.467,3.273,4.429,4.167,4.4,4.6,3.667,3.167,3.579,3.045,3.2,"LLM추정(저신뢰,미검수)","보간(앵커거리기반,완만혼합)"
J05-042,청소 및 기타 개인서비스직,세탁원(다림질원),세탁원(다림질원),3.933,4.167,4.3,2,3.233,4,3.467,4,3.867,3.333,4.167,4.767,4.1,3.333,2.8,2.5,2,1.233,1.4,2.367,3.733,1.233,1.7,1,1.067,1.067,1.333,1,2.567,1.167,1.167,1.6,1.033,2.1,1.167,1,1.033,1.5,1.167,1.033,1.133,1.033,1,1.033,1.933,1.333,1.133,1.7,1.233,3.111,2.5,2.5,3,4.033,3,3.455,0,3.5,3,3.333,0,3.077,2.75,2.5,3.636,2,3.471,3,0,2,3.143,2.5,4,2.333,2,0,2,3.167,3,3,2.75,3.8,"LLM추정(저신뢰,미검수)","보간(앵커거리기반,완만혼합)"
J05-043,청소 및 기타 개인서비스직,주차 관리·안내원,주차관리·안내원,2.7,3.233,3.467,2.033,2.867,2.8,2.667,3.067,3.467,3.033,2.767,2.767,2.8,2.6,1.933,1.667,1.433,1.3,1.567,1.267,3.3,1.467,1.067,1.033,1.367,1.167,1.1,1.167,1.767,1.5,1.267,1.067,1.033,1.6,1.233,1.2,1.3,1.367,1.533,1.667,1.167,1.067,1.067,1.1,2.8,1.7,1.567,1.667,1.6,2.818,3.2,2.375,2.25,3.7,3.833,2.5,4,2.556,3.75,3.667,4.333,2.579,2.923,2.625,3.5,4,2.429,2.8,2.6,2.833,3.286,3.3,2.833,2.6,3,3,4,3.808,3,2.875,3.154,2.786,"LLM추정(저신뢰,미검수)","보간(앵커거리기반,완만혼합)"
J05-044,청소 및 기타 개인서비스직,청소원,청소원,1.833,2.933,2.933,1.2,2.6,2.4,2.567,2.633,3.2,2.5,2.833,3.7,2.567,1.967,1.1,1.133,1.067,1.167,1,1.033,2.167,1.033,1,1,1.033,1,1,1,2,1.167,1,1.067,1,1.067,1.067,1,1,1,1.1,1.333,1.033,1,1,1,1.033,1.067,1.3,1.3,1,2,2.2,0,3,3.882,3,0,0,3,0,0,0,3.143,2,0,2,0,3,2.5,0,0,0,3,2,2,0,0,0,2,2.5,2.222,2.111,0,"LLM추정(저신뢰,미검수)","보간(앵커거리기반,완만혼합)"
J05-045,청소 및 기타 개인서비스직,환경미화원 및 재활용품 수거원,환경미화원 및 재활용품수거원,2.933,3.033,3.167,2.2,3.333,2.7,3.033,3.033,3.467,2.967,3.067,3.433,3.233,2.633,1.833,1.5,1.133,1.067,1.067,1,1.567,1.067,1,1,1.033,1.067,1,1,1.433,1.067,1,1,1,1.067,1.067,1.167,1.1,1.033,1.233,1.067,1,1,1,1,1.667,1.133,1.133,1.167,1.067,1.75,2,1.5,0,2.9,1.5,0,0,2,4,0,0,2.667,2,0,0,0,4,3.5,3,1.667,3,3.2,2,0,0,0,0,3.625,2.667,2,2.6,1,"LLM추정(저신뢰,미검수)","보간(앵커거리기반,완만혼합)"
J06-001,보건·의료직,간호사,보건교사,3.625,3.594,4.125,3.781,3.938,4.25,3.844,3.844,4.031,3.906,4.281,4.156,4,3.844,2.969,3.438,2.531,3.281,2.062,1.656,3.094,1.531,1.531,1.406,2.781,1.5,1.625,1.312,1.594,1.969,1.625,1.812,3.344,3.781,2.656,1.469,4.594,4.031,3.938,2.781,2.281,1.719,1.656,2.094,3.312,2.344,2.438,3.062,1.531,3.286,3.781,3.263,3.385,4.179,3.364,3.5,3.833,4,3.25,3.5,2.5,2.364,3.895,3.818,3.667,4.4,5,4,3.222,5.219,4.812,4.806,4.036,3.476,3.333,3.833,4.188,3.897,3.458,3.957,3.933,3.333,LLM추정,"보간(앵커거리기반,완만혼합)"
J06-002,보건·의료직,간호사,간호사,3.686,3.72,3.997,3.472,3.913,4.106,3.781,3.793,3.944,3.802,4.038,4.108,3.945,3.315,2.779,3.279,1.933,2.538,1.676,1.474,3.109,1.544,1.199,1.18,2.172,1.333,1.242,1.204,1.731,1.834,1.52,1.615,2.515,3.005,2.119,1.534,4.054,2.988,2.779,2.149,1.994,1.24,1.263,1.409,3.026,2.226,2.39,2.687,1.477,2.714,3.464,2.793,2.651,4.06,3.169,3.75,3.278,3.361,2.708,2.5,2.611,2.573,3.271,3.339,3.396,3.786,4.087,3.241,3.111,4.54,3.857,3.752,3.48,2.808,3.333,3.666,3.427,3.838,3.413,3.759,3.673,2.944,원본앵커,실측
J06-003,보건·의료직,간호조무사,간호조무사,3.633,3.967,3.967,3.267,3.933,3.967,4,3.867,4.1,3.9,3.967,4.3,4.267,3.133,2.667,2.8,1.467,2.2,1.433,1.467,3.467,1.333,1.067,1.1,1.967,1.133,1.067,1.033,1.633,2.167,1.467,1.6,2.1,2.667,1.833,1.233,3.767,2.333,2.067,1.933,2.067,1,1,1.133,2.267,1.667,2.3,2.667,1.333,2.167,3.174,2.417,2.818,3.8,3.5,4,3,2.833,2,2,2,2.467,2.808,3.2,3.077,3.8,3.607,2.857,3,3.9,3.24,2.95,2.905,2.348,0,0,2.667,3.273,3.364,3.111,3.267,2,LLM추정,"보간(앵커거리기반,완만혼합)"
J06-004,보건·의료직,기타 치료·재활사 및 의료기사,언어치료사,4.233,4.4,4.467,3.6,4.067,4.3,4,3.9,4.033,3.833,4.433,4.433,4.4,3.267,3.433,4.1,2.133,2.833,2.033,1.933,3.8,2.1,1.9,1.733,2.333,1.7,1.767,1.7,2,2.133,1.967,1.767,1.8,4.1,2.633,1.9,2.9,4.3,3.9,3.967,2.267,2.233,2.2,2.267,2.433,2.333,2.133,3.067,1.667,3.647,4,3.333,3.571,4.167,4.273,4,4.571,3.474,4.1,4.444,3.625,3.583,3.529,3.2,3.545,2.812,4.6,4.048,3.833,2.846,5.033,4.655,4.429,3.45,3.625,3.647,3.588,3.444,3.611,3.444,3.731,3,LLM추정,"보간(앵커거리기반,완만혼합)"
J06-005,보건·의료직,기타 치료·재활사 및 의료기사,청능사,3.967,3.967,4,3.233,3.467,3.867,3.467,3.6,3.6,3.633,3.967,4.1,3.967,3.333,2.9,3.533,2.4,2.9,2.167,2.9,3.733,1.967,2.467,1.4,2.933,2.2,1.867,1.567,2.633,1.567,1.5,1.333,1.567,3.3,2.233,1.333,3.433,4.1,3,2.333,2.167,1.433,1.4,1.5,1.767,1.667,2.167,3,1.3,3.545,3.897,3.476,4.261,4.3,3.562,4.062,2.714,3.759,3.667,3.2,2.778,3.32,3,2.8,3,2.727,3.828,3.158,3,3.517,4.897,4.115,3.45,3.4,3.286,3.3,2.9,3.077,3.214,3.476,3.815,2.556,LLM추정,"보간(앵커거리기반,완만혼합)"
J06-006,보건·의료직,기타 치료·재활사 및 의료기사,놀이치료사,3.829,3.943,3.829,2.914,3.6,4.057,3.8,4.029,3.743,3.714,3.943,4,3.943,2.8,2.714,3.343,1.343,2.2,1.371,1.486,3.229,1.086,1.029,1.057,1.771,1.086,1.229,1.029,1.114,1.571,1.2,1.057,1.457,4.171,2.6,1.2,1.971,4,3.114,2.2,1.657,2.4,1.829,2.057,1.743,1.457,1.543,2.486,1.057,2.6,2.862,2.455,2.818,4.2,4,2,2,3.15,2,2.286,2,3,2.312,2,2,3,4.4,3.462,2.167,2.435,4.6,4.52,3,2.381,3.714,3,3.412,2.857,2.889,2.353,3.138,2,LLM추정,"보간(앵커거리기반,완만혼합)"
J06-007,보건·의료직,기타 치료·재활사 및 의료기사,예술치료사,3.433,3.333,3.633,2.767,3.233,3.733,3.3,3.267,3.467,3.633,3.467,3.567,3.2,2.8,2.8,3,1.467,1.767,1.4,1.467,2.533,1.2,1.1,1,1.633,1.067,2.267,1.1,1.233,1.067,1.067,1.1,1.8,3.533,2.6,1.367,1.3,3.667,3.2,2.133,2.133,3.533,1.767,2.4,2,1.033,1.067,2.4,1,2.909,3.467,2.75,2.778,4.647,3.667,2.5,0,3.5,3,4.188,5,3,2.5,3,5,4.182,4.679,4.421,2.444,2.667,4.7,5,3.824,3.526,4.4,3.071,3.737,3.5,2,2.5,3.458,0,LLM추정,"보간(앵커거리기반,완만혼합)"
J06-008,보건·의료직,물리 및 작업 치료사,물리치료사,3.933,4.233,4.133,3.2,4.233,4.167,4.067,4.3,4.2,3.867,4.133,3.9,3.9,3.2,2.767,3.167,1.333,2,1.333,1.6,3.4,1.767,1.033,1,1.767,1.567,1.033,1,2.5,1.4,2.367,1.733,2,3.233,2,1.1,3.967,3.167,3.167,1.833,2.167,1,1.033,1.267,2.667,2.267,1.633,2.533,1.167,2.375,2.75,2.375,2.385,3.692,2.857,3,0,2.75,2.667,2,0,2.538,2.5,3.05,2.692,2.722,3.793,3.133,5,3.667,3.75,3.571,2.611,2.95,0,5,2.333,3,3,3.214,3.5,3.667,LLM추정,"보간(앵커거리기반,완만혼합)"
J06-009,보건·의료직,물리 및 작업 치료사,작업치료사,3.633,4.3,4.133,3.033,4.167,4.267,3.433,3.733,3.8,3.2,4,4.1,3.567,3.1,2.333,2.767,1.567,2.567,1.433,1.567,3.433,1.433,1.033,1,1.8,1.533,1,1.033,2.133,1.433,1.567,1.533,2.3,3.433,1.8,1.133,3.867,3.367,2.867,1.633,1.667,1.267,1.2,1.6,2.667,2.1,1.567,2.6,1.367,2.333,2.929,2.571,2.455,3.929,2.75,2,0,2.929,2.4,0,2,2.81,2.727,2,2,2.952,3.833,2.692,1.5,3.7,4,3.783,3,2.444,2,1.833,2,3.263,2.947,3.385,3.375,2.2,LLM추정,"보간(앵커거리기반,완만혼합)"
J06-010,보건·의료직,방사선사,방사선사,3.667,3.6,3.9,3,3.9,4.1,3.533,3.7,3.833,3.5,4.133,4.2,3.833,3.033,2.9,3.533,1.4,2.367,1.233,1.3,3.5,1.633,1.033,1,3,1.667,1.233,1.067,2.967,1.533,2.433,1.8,2.8,2.467,1.767,1.167,3.967,2.467,2.5,1.833,2.667,1.133,1.3,1.233,2,2.067,1.967,2.367,1.167,2.5,3.607,3,2.625,4.069,2.286,3,0,3.963,3.429,3,4,3.571,3.643,3.478,2.895,3.955,3.577,2.722,2,4.2,4,4.136,3.474,4.179,2.5,2.571,2.167,3.368,3.368,3.857,3.731,2,LLM추정,"보간(앵커거리기반,완만혼합)"
J06-011,보건·의료직,수의사,수의사,4.367,3.933,4.267,3.6,3.9,4.133,3.9,4.233,4.267,3.933,4.467,4.567,4.2,3.467,2.833,3.667,3,2.6,2.667,2.733,3.767,2.433,1.3,1.5,2.267,1.4,1.3,1.1,2.133,1.767,1.2,1.6,4.433,3.133,1.867,1.133,3.067,2.967,2.7,2.1,2.7,1.133,1.3,1.2,1.833,2.133,1.967,2.433,1.233,3.607,3.207,3.609,3.407,4.345,3.609,3.2,2.857,3.36,3.286,3.4,2.667,3.2,3.214,2.5,3.636,5.333,4,3.4,3,5.706,4.696,4.091,3.429,3.667,3.333,3.25,2.833,3.5,3.474,3.238,3.346,2.833,LLM추정,"보간(앵커거리기반,완만혼합)"
J06-012,보건·의료직,안경사,안경사,3.567,3.6,3.833,3.367,3.733,3.867,3.6,3.6,3.633,3.767,3.9,4.4,3.9,3.133,3.167,3.3,2.833,2.333,2.533,3.467,3.767,2.333,3.067,1.1,1.933,2.233,2.167,1.2,2.433,2.167,1.833,1.567,1.1,2.967,1.633,1.1,2.133,3.133,2.2,2,2.067,1.667,1.333,1.267,1.767,1.9,1.767,2.1,1.467,3.478,3.273,3.55,4.577,4.286,3.389,4.12,5,3.176,3.933,3.438,2.75,3.5,3.889,3.818,3.4,5,4.318,3.3,6,3.571,4.217,3.733,3.692,3.188,3,3.4,3.4,3.545,3.278,3.692,3.647,3,LLM추정,"보간(앵커거리기반,완만혼합)"
J06-013,보건·의료직,안마사,안마사,3.2,3.967,3.4,2.5,3.133,4.1,2.967,3.733,3.933,3,3.967,3.567,3.667,2.967,2.7,2.4,1.467,1.533,1.667,2.067,3.333,1.5,1.167,1.167,1.167,1.3,1.167,1.167,1.533,1.2,1.2,1.133,1.5,2.6,1.267,1.267,2.3,2.4,1.933,1.167,1.267,1.2,1.2,1.367,1.567,1.733,1.467,1.7,1.167,4.143,2.75,4,4.625,4.429,4.5,4.5,5.5,5.5,4,5,5,3.2,4,4,4,2.714,3.789,3,4.333,2.87,3.143,3.059,4,3.167,4.5,5,3.6,2.214,2.867,3.667,3.364,5,LLM추정,"보간(앵커거리기반,완만혼합)"
J06-014,보건·의료직,약사 및 한약사,약사,3.833,3.533,3.733,2.7,3.2,3.367,3.167,3.1,3.1,3.067,3.4,4.2,3.8,2.933,2.067,2.833,2.3,2.467,1.9,2.067,3.1,1.333,1.433,1.033,1.467,1.2,1.033,1,1.2,1.833,1.333,3.033,2.6,1.6,1.867,1.167,3.933,2.967,1.767,1.633,2.467,1.033,1.067,1.1,2.033,1.667,1.567,1.567,1.1,3.2,3.107,2.684,2.652,3.567,3.5,2.75,2,2.583,1.833,1,0,1.333,3.125,2.286,3.692,4.15,3.083,2.812,3,4.367,3.556,2.733,3.091,3.591,2,3,2.333,3,3.364,2.692,2.786,2,LLM추정,"보간(앵커거리기반,완만혼합)"
J06-015,보건·의료직,약사 및 한약사,한약사,4.033,3.9,4.3,3.5,3.833,3.967,3.833,4.267,4.1,3.933,4.367,4.2,4.133,3.367,3.233,3.733,2.333,2.267,2.733,3.033,3.867,2.7,2.5,2.133,1.9,1.767,1.667,1.067,1.567,1.833,1.8,2.4,2.667,3.367,1.9,1.467,4.133,3.667,2.567,2.367,2.367,1.367,1.6,1.4,2.9,3.167,1.933,2.867,1.9,3.762,3.36,3.769,4.034,4.6,4.048,3.864,3.529,3.105,3.533,3.545,2.5,3.077,3.846,3.375,3.696,3.64,4.286,3.867,3.4,4.966,4.967,3.76,3.474,4.111,2.6,3.5,3.5,3.63,4.143,4,3.464,3.105,LLM추정,"보간(앵커거리기반,완만혼합)"
J06-016,보건·의료직,영양사,영양사,3.9,3.833,4.233,4.1,4.3,4.133,3.967,3.7,3.6,3.867,4.067,4.2,3.667,3.367,2.933,3.3,2.7,3.3,2.467,2,2.967,2.3,2.333,2.233,2.6,1.367,1.367,1,1.467,2.4,1.5,1.867,2.033,2.7,1.767,1.367,2.033,2.267,2.867,2.033,1.633,1.233,1.1,1.233,2.3,2.267,1.967,2.467,1.633,3.48,3.9,3.174,3.333,3.636,3.75,2.882,2.737,3.615,2.625,2.667,0,2.091,3.682,2.857,2.6,2.611,3.773,2.733,2.667,2.733,3.75,3.958,3.333,2.462,3,2.5,2,3.353,3.273,3.737,3.583,2.818,LLM추정,"보간(앵커거리기반,완만혼합)"
J06-017,보건·의료직,응급구조사,응급구조사,3.8,3.6,3.9,3.367,3.867,4.1,3.5,3.667,3.7,3.6,3.867,3.867,3.567,2.967,2.7,3.6,1.8,2.133,1.533,1.3,2.767,1.767,1,1.033,1.767,1.367,1.033,1.267,1.967,1.367,1.467,1.433,2.1,2.567,1.867,1.9,3.8,2.6,2.333,1.733,1.633,1,1.133,1,3.5,2.667,2.433,2.333,1.567,2.688,3.438,2.7,1.75,4.2,2.643,0,3,3.25,2.875,2,3.333,2.889,3.111,3,3.444,3.158,3.655,2.867,3.111,4.5,3.52,3.5,3.5,2.6,0,3.5,0,4.345,3.417,4.208,3.818,3.5,원본앵커,실측
J06-018,보건·의료직,의무기록사,보건의료정보관리사,3.467,3.267,3.9,2.9,3.733,3.733,3.4,3.533,3.5,3.333,3.8,3.933,3.767,2.933,2.667,3.6,2,3.8,1.933,1.533,2.733,1.8,1.233,1,3,1.233,1.3,1.033,1.2,2.567,1.267,1.233,1.367,1.967,1.367,1.133,3.467,2.433,2.3,2.033,2.267,1.333,1.233,1.367,2.633,2.1,2.1,2.4,1.2,3,4.9,3.25,3.3,4.217,2.933,3.429,0,4.296,2.667,2,2,2.167,4.409,3.25,3,3.167,3.647,2.333,1.25,3.367,4.333,4.091,3.714,3.72,3.143,3,3.714,3.778,3.652,4.211,4.273,2,LLM추정,"보간(앵커거리기반,완만혼합)"
J06-019,보건·의료직,일반 의사,일반의사,3.667,4.033,4.1,3.433,3.5,3.8,3.4,3.633,3.967,3.4,3.967,4.3,3.933,3.133,2.7,3.2,2.167,2.033,1.867,1.867,3.467,2.2,1.233,1,1.9,1.667,1.033,1.033,1.967,1.633,1.6,2.3,2.867,3.3,1.833,1.033,4.867,3.333,2.3,1.733,2.867,1.033,1.033,1.4,2.3,2.267,1.933,2.533,1.067,2.667,2.44,2.444,2.714,3.862,3.167,2.2,0,3.786,3.083,2,1,2.833,4,3.167,4,3.692,3.8,3.333,3,5.633,4.033,3.941,2.6,3.667,2,3,2.875,3.5,3.19,2.85,3.375,2,LLM추정,"보간(앵커거리기반,완만혼합)"
J06-020,보건·의료직,임상병리사,임상병리사,3.467,3.4,4.033,2.633,3.833,3.533,3.033,3.267,3.333,3.4,4.067,4.3,3.667,2.833,2.5,3.967,1.5,2.567,1.333,1.367,2.667,1.433,1.2,1.1,2.7,1.533,1.233,1.067,2.9,2.133,2.433,3.067,3.233,1.733,1.267,1.067,3.967,1.933,2.233,1.7,3.167,1.167,1.2,1.133,1.967,1.833,1.733,2.133,1.1,2.571,3.517,2.9,3,3.48,2.8,2.4,1.667,4.04,3.455,2.714,2,3.815,3.905,3.625,4.133,4.115,3.267,2.833,4,4.133,3.562,4,3.059,3.767,3.2,3.5,1.75,3.429,3,3.75,3.727,3,LLM추정,"보간(앵커거리기반,완만혼합)"
J06-021,보건·의료직,임상심리사,임상심리사,3.9,4.167,4.167,3.267,3.967,4.4,4.1,4.467,4.367,4.067,4.433,3.933,4.1,3.733,3.233,4.267,1.9,2.6,1.8,1.767,3.367,1.9,1.167,1.067,2.4,1.133,1.233,1.133,1.6,1.933,1.233,1.3,2.067,4.9,3.6,1.267,2.967,4.9,3.967,3.567,2.433,1.733,1.633,2.667,2.767,2.467,2.033,3.2,1.333,3.412,3.923,3.267,3.154,4.296,3.222,3.333,1,3.792,4,3.4,3.5,2.769,4.188,2.167,2.833,3.353,6.167,4.321,3.5,3,6.167,5.172,4.138,3.731,3.267,3.357,4.174,3.8,3.565,3.421,4.214,2.429,LLM추정,"보간(앵커거리기반,완만혼합)"
J06-022,보건·의료직,재활공학 기사,재활공학기사,3.867,3.767,3.9,3.033,3.8,3.967,3.5,3.5,3.7,3.867,4.133,4.4,3.9,3.7,3.2,3.6,2.167,2.5,2.033,3.067,3.133,1.9,3.3,1.1,2.4,3.4,2.9,1.067,3.3,2.033,2.167,2.133,1.533,2.533,2.067,1.167,3.3,2.933,2.567,1.767,1.833,1.4,1.3,1.633,2.3,1.9,1.8,2.2,2.3,3.263,3.077,2.778,3.826,4,3.077,3.92,3,3.368,4.25,3.909,4,3.75,3.5,3.529,3.6,3.333,3.833,3.769,2.667,3.148,3.609,3.857,3.636,3.059,2.75,2.857,3.833,2.905,2.929,3.538,3.1,3.375,LLM추정,"보간(앵커거리기반,완만혼합)"
J06-023,보건·의료직,전문 의사,내과의사,3.9,3.633,4,3.567,3.467,3.767,3.633,3.767,3.633,3.133,4,4.233,4.067,3.233,2.5,3.4,1.967,2.267,1.867,1.6,3.6,2.433,1,1,2.233,1.1,1,1,1.7,1.7,1.067,1.5,3.233,2.933,2.133,1.033,4.767,2.9,2.333,2,3.7,1.1,1.033,1.8,2.667,2.367,1.633,2.5,1.033,3.375,2.893,3.467,3.273,3.967,3.591,0,0,2.815,3,0,0,2.062,3.25,1.5,2.308,4.4,3.88,3.529,2,5.7,4.08,3.25,3,4.714,2,2,3.143,3.28,3.24,3.133,3.074,1,원본앵커,실측
J06-024,보건·의료직,전문 의사,외과의사,4.5,4.367,4.3,3.967,4.333,4.1,3.833,3.833,4.267,4.067,4.267,4.533,4.133,3.7,2.8,3.9,2.1,2.433,1.8,2.033,3.4,2.333,1.3,1.167,2.5,1.633,1.133,1.033,2,1.7,1.833,2,2.867,3.3,1.633,1.2,4.933,3.5,3.067,1.533,3.7,1.133,1.067,1.367,2.233,2.267,1.733,2.6,1,2.792,3.379,4.062,3.6,4.345,3.952,2,1.6,4.286,3.214,2.5,2,3.706,4.273,3.929,4.176,4.957,4.5,2.933,2.4,6.367,4.833,4,2.875,5,2,2,2.714,3.55,3.85,4.067,4.08,0,LLM추정,"보간(앵커거리기반,완만혼합)"
J06-025,보건·의료직,전문 의사,성형외과의사,4.233,4.033,4.467,3.933,4,4.233,4.033,4.033,4.167,4.167,4.267,4.6,4.233,4,3.767,3.967,1.867,2.1,1.567,2.6,3.133,2.167,1,1.1,2.3,1.4,1.967,1.167,2.4,1.4,1.267,1.367,2.133,3.167,1.9,1.1,4.367,3.3,2.7,1.6,3.1,1.867,1.133,1.733,2.633,2.533,1.733,2.5,1.2,4.077,2.875,4.091,3.909,4.138,4.059,0,3.5,3.269,2.833,4.4,4,2.963,3.5,2.8,3.714,3.706,4.036,4,4.5,5.821,4.167,4.182,3.125,3.929,4.4,4,3.909,3.692,3.208,3.267,3.231,3.333,LLM추정,"보간(앵커거리기반,완만혼합)"
J06-026,보건·의료직,전문 의사,산부인과의사,4.267,4.2,4.367,3.867,4.2,4.2,4.033,4.3,4.267,3.7,4.333,4.367,4.167,3.8,3.367,4.2,2.133,2.467,1.733,1.733,3.8,2.2,1.1,1.033,2.3,1.1,1.133,1.033,2.367,1.9,1.3,1.633,3.933,3.2,2.867,1.2,4.9,3.367,3.067,2.467,4,1.1,1.167,1.633,2.167,2.667,1.467,2.467,1,3.947,3.852,4.583,4.333,4.7,4.421,3,5,3.52,3,5,3,3.381,4,3.833,4.6,5.267,4.8,4.667,3.333,6.467,5.12,4.483,3.731,5.333,4,3.5,3.842,3.882,3.931,3.333,3.76,0,LLM추정,"보간(앵커거리기반,완만혼합)"
J06-027,보건·의료직,전문 의사,이비인후과의사,4.133,4.067,4.3,3.9,3.9,4.1,3.967,3.833,4.1,3.633,4.033,4.067,4.033,3.667,3.3,4.033,2,2.4,2,2.267,3.367,2.4,1.133,1.167,2.4,1.133,1.133,1.233,1.8,1.733,1.433,1.467,2.1,2.8,2.133,1.133,4.7,3.167,2.8,1.8,3.333,1.333,1.333,1.4,2.533,2.3,1.6,2.4,1.333,3.75,3.033,3.667,3.882,3.931,4.056,3.333,2.75,3.48,3.25,3.667,3.25,3,3,2.6,2.929,3.938,3.714,4.071,2.667,5.8,4.167,3.815,3.2,4.448,4,3.333,3.333,3.81,3.318,3.067,3.192,3.6,LLM추정,"보간(앵커거리기반,완만혼합)"
J06-028,보건·의료직,전문 의사,안과의사,4.367,4.2,4.467,4,4.133,4.133,3.867,4.167,4.167,4.067,4.3,4.5,4.233,3.867,3.433,4.267,2.4,2.467,2.433,2.7,3.767,2.367,1.033,1.067,2.767,1.533,1.267,1.067,1.933,1.633,1.567,1.6,2.667,2.733,1.867,1.133,4.767,3.433,3.067,2.033,3.4,1.1,1.133,1.6,2.433,2.133,1.8,2.6,1.133,3.769,3.724,3.923,4.04,5,4.5,3,1,3.7,2.917,2.2,1,3,3.833,3.25,3.5,4.81,4.609,4.417,3.667,6.133,5.16,4.643,3.688,4.793,3.5,2.5,4.571,4.05,3.522,3.294,3.692,2.667,LLM추정,"보간(앵커거리기반,완만혼합)"
J06-029,보건·의료직,전문 의사,정신과의사,4.633,4.433,4.633,4.1,4.267,4.433,4.167,4.533,4.567,4.333,4.733,4.633,4.267,3.7,2.633,4.3,1.767,2.4,1.633,1.467,3.767,1.767,1.1,1.033,2.2,1.067,1.033,1,1.233,1.533,1.3,1.767,2.8,4.4,2.567,1.233,4.5,4.433,3.133,2.167,3.1,1.5,1.233,2.967,3.167,2.467,1.167,2.233,1.033,3.545,3.259,3.8,4.167,4.4,4.308,5,5,3.381,4,3,0,2.6,4,3.571,3.833,5.235,5.6,4.25,4.2,5.759,5.7,4.64,3.364,4.1,4.167,4.6,5.105,4.48,3.783,3.6,3.435,3,LLM추정,"보간(앵커거리기반,완만혼합)"
J06-030,보건·의료직,전문 의사,소아청소년과의사,4.533,4.567,4.733,4.067,4.267,4.4,3.9,4.1,4.133,3.8,4.467,4.9,4.6,3.867,3.6,4.133,2.267,2,1.933,1.933,3.433,2.4,1.133,1.167,2.1,1.4,1.133,1.033,1.767,2.067,1.7,1.733,2.333,3.567,2,1.167,4.733,3.767,3.433,2.067,2.7,1.133,1,1.433,2.867,2.567,1.9,3.1,1.1,3,2.808,2.455,2.684,4.167,3.2,1,1.6,3.632,2.8,1.25,2,3.214,3.471,4.111,4.333,4.4,4.414,2.789,3.5,5.567,4.767,4.107,3,4.647,2.5,0,2.875,3.538,3.522,2.8,3.893,1.667,LLM추정,"보간(앵커거리기반,완만혼합)"
J06-031,보건·의료직,전문 의사,방사선과의사,4.433,4.233,4.233,3.967,3.767,4.2,3.867,4.067,4.433,4.133,4.267,4.3,3.933,3.267,3.2,4.267,2.2,2.567,1.533,1.867,3.467,2.2,1.233,1.367,3.633,2.067,1.2,1.2,3.233,2.8,3.333,2.2,3.167,3.133,2.167,1.233,4.933,3.333,3.533,2.167,3.867,1.2,1.1,1.733,2.233,2.267,2.5,3.067,1.133,3.565,3.414,3.667,3.857,4.429,4.125,3.333,4,4.5,3.812,3.667,5,4.52,4.148,4.034,4,4.909,4.76,3.632,2.571,5.967,4.533,4.567,3.783,5.033,2.833,3.667,3.091,3.833,3.895,3.593,3.8,2.667,LLM추정,"보간(앵커거리기반,완만혼합)"
J06-032,보건·의료직,전문 의사,마취병리과의사,4.067,4.167,4.3,3.7,4.067,4.1,3.533,4,4,3.633,4.1,4.567,3.933,3.5,2.9,3.867,1.9,2.2,1.833,1.933,3.4,2.233,1.2,1,2.367,1.7,1.333,1.133,1.867,2.033,1.8,2.467,3.367,3.6,2.433,1.3,4.833,3.567,3.2,2.567,3.267,1.433,1.4,2,2.433,2.433,2,2.867,1.2,3.053,3.409,3.294,2.938,3.793,3.263,2,0,3.958,3.067,2.5,2,2.737,4,3.588,4.12,4.926,5.167,4,2.778,5.967,4.9,5.036,4,4.963,3.636,3.1,3.632,3.889,3.591,3.684,4.269,2.667,LLM추정,"보간(앵커거리기반,완만혼합)"
J06-033,보건·의료직,전문 의사,비뇨기과의사,4.433,4.333,4.4,4.133,4.2,4.267,3.933,4.4,4.467,4.3,4.333,4.367,3.967,3.6,3.467,3.967,2.833,2.767,2.6,2.833,3.5,2.567,1.5,1.2,2.167,1.633,1.2,1.033,1.833,1.933,1.8,2.2,2.867,2.767,1.733,1.233,4.433,3.133,3.2,2.1,3.267,1.267,1.2,1.3,2.1,2.233,2,2.567,1.133,3.643,3.586,3.448,3.923,4.467,3.778,3.3,2.75,3.333,3.133,4.167,1,3.167,4,3.875,4.056,4.56,4.083,3.286,4,6,4.704,3.967,3.208,4.92,3.429,4.4,3.5,3.208,3.5,3.545,3.607,1.75,LLM추정,"보간(앵커거리기반,완만혼합)"
J06-034,보건·의료직,전문 의사,피부과의사,4.167,4.1,4.167,3.767,4.233,4.367,4.2,3.933,4.2,3.933,4.2,4.8,4.267,3.667,3.667,4.3,2.267,2.4,1.933,2,3.3,2.567,1.333,1.033,2.067,1.533,1.533,1.133,1.767,1.433,1.4,1.9,2.533,3,2.167,1.067,4.733,3.167,2.767,2.167,3.233,1.567,1.1,1.567,2.433,2.333,1.467,2.467,1.167,4.429,3.143,3.467,4.133,4.138,3.952,3.2,3,3.19,2.455,3.25,2,2.444,4,4,3.562,4.222,4.037,3.562,5,6.1,4.222,4.304,3.292,4.033,3.4,2.667,3.2,3.6,3.409,3.273,3.222,1.667,LLM추정,"보간(앵커거리기반,완만혼합)"
J06-035,보건·의료직,전문 의사,가정의학과의사,4.133,4.2,4.3,3.867,3.867,4.2,3.767,4.133,4.2,3.933,4.1,4.133,3.967,3.567,2.933,3.7,2.467,2.9,2.1,2.2,3.167,2.6,1.233,1.167,2.133,1.3,1.1,1.033,1.533,1.7,1.8,1.967,3.6,2.933,1.9,1.233,4.833,3.133,2.8,2.033,4.133,1.333,1.233,1.333,1.7,2.367,2.033,2.367,1.233,3.875,4,4.333,3.826,4.72,4.391,3.571,1.8,4.053,2.889,4,1,3.545,4.143,4,4.333,5.296,4.952,3.714,3.286,6.267,5.24,4.32,3.435,5.667,3.667,3.167,3.429,3.4,4.333,3.667,4,2.833,LLM추정,"보간(앵커거리기반,완만혼합)"
J06-036,보건·의료직,치과 의사,치과의사,4.4,4.233,4.233,3.533,3.833,4.233,3.567,4.3,3.633,3.633,4.233,4.567,4.433,4.067,3.667,3.533,1.9,2.933,2.033,1.933,3.133,2.167,1.3,1.133,2.3,1.4,1.633,1.1,2.267,1.267,1.133,1.433,3.067,2.533,1.8,1.233,4.633,3.4,3.033,1.9,3.233,1.233,1.233,1.433,2.633,2.2,1.233,2.233,1.1,4.636,4.071,3.733,4.545,4.115,4.067,3,2.667,3.565,3.857,3.455,3.333,3.35,3.8,3,3.083,4.619,4,4.083,4,5.633,5.08,4.52,3.467,4.786,3,4.75,3.857,4.75,4.1,3,3.429,2.667,LLM추정,"보간(앵커거리기반,완만혼합)"
J06-037,보건·의료직,치과기공사,치과기공사,3.4,3.3,3.367,2.767,3.1,3.133,3.133,3.267,3.4,2.867,3.133,4.067,2.9,3.133,2.933,3,2.1,2.333,1.667,2.067,2.467,1.733,3.2,1.667,2.867,2.7,2.633,1.667,2.8,2.167,2.033,2.367,1.767,1.8,1.733,1.533,2.467,2.033,2.1,1.9,2.133,1.5,1.533,1.567,2.033,1.933,2.033,2.033,1.7,3.235,3.24,3.071,3.25,3.208,2.625,4.034,4,3.567,3.962,3.52,3.4,3.821,3.167,2.609,3.16,3.4,3,3.417,3.222,3.783,3,3.35,3,3.474,2.727,2.545,3,3.105,3,3.174,3.286,2.667,원본앵커,실측
J06-038,보건·의료직,치과위생사,치과위생사,3.548,3.613,3.645,2.516,3.742,4.129,3.774,3.677,3.839,3.387,3.71,4.387,3.581,3.419,1.677,2.516,1.355,2.548,1.548,1.645,3.677,1.581,1.226,1.097,2.065,1.29,1.226,1.129,2.194,1.323,1.387,1.419,1.742,2.452,1.355,1.129,3.839,2.774,2.065,1.452,2.032,1.129,1.129,1.194,2.258,1.806,1.677,1.613,1.161,2,3.56,3.636,4.3,3.935,2.5,4,5,3.647,2.333,2.75,3.5,2.762,2.875,3.429,3.375,3.364,2.88,1.889,2.333,3.967,3.37,3.294,2.636,2.714,2,2.333,1.667,3.15,2.5,3.75,3.167,1.2,LLM추정,"보간(앵커거리기반,완만혼합)"
J06-039,보건·의료직,한의사,한의사,3.933,3.933,4.2,3.8,3.667,3.8,3.667,3.7,3.567,3.6,4.167,4.333,4.1,3.267,2.967,3.1,2.333,2.4,2.167,2.467,3.1,2.467,1.5,1.667,1.933,1.267,1.3,1.2,1.533,2.1,1.567,1.367,2.367,2.9,2.233,1.433,4.167,2.833,2.333,1.767,2.133,1.267,1.5,1.867,2.333,2.133,1.767,2.267,1.267,2.88,2.6,2.87,3.208,3.815,3.625,2.9,3.308,3.053,2.429,2.143,1.6,2.5,2.696,2.083,2.375,3.611,3.8,3.05,2.625,4.8,3.958,3.455,2.944,2.913,1.857,3.2,2.875,3.476,3.045,2.588,2.76,2.6,LLM추정,"보간(앵커거리기반,완만혼합)"
J07-001,금속·재료 설치·정비·생산직(판금·단조·주조·용접·도장 등),광석·석제품 생산기계 조작원,광석·석제품생산기계조작원,3.4,3.667,3.633,2.733,3.2,3.1,3.133,3.367,3.633,3.267,3.3,4.233,3.4,2.667,2.5,2.633,1.433,1.3,1.133,1.333,1.8,1.167,3,1,1.167,2.333,2.233,1.833,3.1,1.633,1.2,1,1.033,1.467,1.467,1.067,1,1.267,1.5,1.333,1.167,1.533,1.2,1.2,1.733,1.133,1.2,1.167,1.233,3,2.5,2.667,3.75,3.25,3,3.444,0,2,3,3.261,3.385,3.31,2.692,2.25,0,3,3.25,3.286,2,0,4.667,3.429,2.5,2.25,3.222,3.667,2.75,2.917,2,2,2.75,2,"LLM추정(저신뢰,미검수)","보간(앵커거리기반,완만혼합)"
J07-002,금속·재료 설치·정비·생산직(판금·단조·주조·용접·도장 등),금속가공 기계 조작원,금속가공기계조작원,3.467,3.233,3.833,3.033,3.6,3.433,3.433,3.5,3.633,3.267,3.8,3.767,3.467,3.4,2.767,3,1.6,1.933,1.233,1.333,1.667,1.4,3.067,1.033,2.033,2.467,1.367,1.067,3.6,2.033,1.767,1.467,1.033,1.967,1.433,1.133,1.3,1.667,2.233,1.467,1.533,1.033,1,1,3.133,1.533,2.167,1.967,1.233,2.615,3.176,2.429,2.556,3.083,2.857,3.714,4,3.588,3.565,3.375,2.5,4.1,3.611,2.846,3.714,2,3.529,2.75,2.667,2.167,3.636,3.765,3.667,2.833,2,0,0,3.379,3.625,3.474,3.412,2.8,"LLM추정(저신뢰,미검수)","보간(앵커거리기반,완만혼합)"
J07-003,금속·재료 설치·정비·생산직(판금·단조·주조·용접·도장 등),금속가공 제어장치 조작원,금속가공제어장치조작원,4,3.6,4,3.2,3.7,3.7,3.667,3.9,3.733,4.033,4.2,4,3.8,3.4,3.367,3.6,1.767,1.967,1.3,1.4,2.4,1.733,3.433,1.133,2.5,2.767,1.1,1.1,4,1.867,1.267,2.433,1,1.433,1.4,1,1.033,1.367,2.233,1.5,1.4,1.067,1,1.033,3.033,1.2,1.9,2.233,1.167,3.357,2.789,3.8,4,3.824,3.8,4.138,3,3.5,4.048,3,3,4.1,3.125,2.4,3.467,0,3.375,3,0,3,3.5,3.941,2.909,2.571,3,0,3,3.679,3.6,3.471,3.455,3.333,"LLM추정(저신뢰,미검수)","보간(앵커거리기반,완만혼합)"
J07-004,금속·재료 설치·정비·생산직(판금·단조·주조·용접·도장 등),단조원,단조원(단조기조작원),3.467,3.833,3.667,2.767,3.3,3.3,3.2,3.4,3.667,3.3,3.533,4.033,3.333,2.9,2.567,3.167,1.433,1.767,1.133,1.333,1.7,1.567,3.333,1,1.767,3,1.633,1.033,3.767,2.2,1.867,1.733,1.033,1.433,1.3,1.2,1.167,1.267,2.067,1.367,1.433,1,1,1.033,3,1.467,1.2,1.3,1.133,2.889,2.941,3,2.714,2.75,3.091,3.72,0,3.071,3.783,2.615,2,3.867,3.045,3.538,4,2,3.111,3.333,2.6,2.667,2.8,3.143,3.5,2.455,0,0,2,3.276,2.818,2,3.167,3.25,"LLM추정(저신뢰,미검수)","보간(앵커거리기반,완만혼합)"
J07-005,금속·재료 설치·정비·생산직(판금·단조·주조·용접·도장 등),도금·금속분무기 조작원,도금·금속분무기조작원,2.9,3.4,3.533,2.267,3.1,2.533,2.6,3.1,3.333,2.833,3.2,3.9,2.567,2.6,2.067,2.6,1.2,1.4,1.1,1.267,1.7,1.133,3.433,1.1,1.7,2.167,1.3,1,3.5,2,2.6,2.833,1,1.133,1.033,1,1.067,1.033,1.633,1.267,1.5,1,1,1,2.433,1.333,1.167,1.4,1.033,3.5,4,3,5,3.556,3.333,3.75,3.5,3.25,3.167,3.167,0,3.867,2.75,2.963,3.296,0,4.667,3,0,2.5,2,3.727,3.6,3.091,0,0,0,2.957,3.4,3,3.1,3,"LLM추정(저신뢰,미검수)","보간(앵커거리기반,완만혼합)"
J07-006,금속·재료 설치·정비·생산직(판금·단조·주조·용접·도장 등),도장원(도장기조작원),도장원(도장기조작원),3.033,3.533,3.233,2.6,3.2,3.2,2.767,3.067,3.567,3.167,3,3.9,3.133,2.567,2.567,2.967,1.433,1.067,1.067,1.1,2.267,1,2.867,1.067,1.367,2.4,1.133,1,2.867,1.367,1.433,2.167,1.133,1.3,1.167,1,1,1.233,1.667,1.033,1.1,1.133,1,1.067,2.667,1.1,1.067,1.1,1.067,2.778,1,3,3,3.438,0,3.308,4,1.818,3,3.5,0,2.867,2.857,3.857,3.211,3.667,3,3,0,0,3.5,3.273,4,2,3,0,2.5,2.875,2.667,2.5,2,1.5,"LLM추정(저신뢰,미검수)","보간(앵커거리기반,완만혼합)"
J07-007,금속·재료 설치·정비·생산직(판금·단조·주조·용접·도장 등),시멘트·광물제품 생산기계 조작원,시멘트·광물제품생산기계조작원,3,3.167,3.267,2.333,3.033,3.1,3.033,3.3,3.667,3.033,3,3.5,3.033,2.7,2.1,2.567,1.267,1.233,1.1,1.133,1.233,1.1,3.1,1.067,1.6,1.9,1,1.433,3.167,1.767,1.033,1.8,1.067,1.167,1.2,1,1,1,1.667,1.333,1.233,1.033,1,1.033,2.633,1.633,1.4,1.7,1.133,2,2.833,2,2.333,2.5,2.333,3.071,2,2,2.316,0,3.667,3.296,2.375,2,3,2,2.667,3.333,0,0,0,3.167,2.375,2,2,0,2,3.273,2.833,2.4,3.455,3,"LLM추정(저신뢰,미검수)","보간(앵커거리기반,완만혼합)"
J07-008,금속·재료 설치·정비·생산직(판금·단조·주조·용접·도장 등),용접원,용접원(용접기조작원),3.967,4,4.1,3.3,3.9,3.567,3.3,3.4,3.433,3.167,3.167,4.167,3.867,3.433,2.867,3.333,2.033,2,1.967,1.867,2.3,1.533,3.567,1.567,2.433,3.2,2.733,2.5,4.3,2.533,2.6,2.367,1.833,2.133,1.667,1.467,1.4,1.567,2.133,1.4,1.467,1.467,1,1.5,3.567,1.8,2.067,2.167,2.033,3.235,2.842,3.312,2.778,2.6,2.214,4.625,4.143,3.421,4.217,3.75,3.381,4.8,3.148,3,3.15,2.733,2.714,2.294,2,2.875,2.4,3,2.4,2.077,2.214,0,2.154,3.9,2.4,3.905,3.316,3.188,"LLM추정(저신뢰,미검수)","보간(앵커거리기반,완만혼합)"
J07-009,금속·재료 설치·정비·생산직(판금·단조·주조·용접·도장 등),유리·유리제품 생산기계 조작원,유리·유리제품생산기계조작원,3.067,3.233,3.4,2.2,3.167,2.9,2.967,3.033,3.3,2.567,3.267,3.9,3.2,2.5,2.267,2.833,1.467,1.467,1.233,1.5,1.9,1.2,2.933,1.333,1.433,1.733,1.533,1.167,3.233,1.833,1.567,1.667,1.2,1.2,1.167,1.2,1.2,1.3,1.467,1.367,1.3,1.1,1.1,1.167,2.967,1.267,1.3,1.4,1.4,2.727,2.909,3.2,3,3.143,3.5,3.286,3,2.9,2.812,2.571,3,3.367,2.833,2.5,3,2.2,2,2.25,3,2.8,3.143,2.5,3.143,2.75,2.333,2.333,2.5,3.346,2.857,3.429,2.667,2.875,"LLM추정(저신뢰,미검수)","보간(앵커거리기반,완만혼합)"
J07-010,금속·재료 설치·정비·생산직(판금·단조·주조·용접·도장 등),점토제품 생산기계 조작원,점토제품생산기계조작원,3.967,3.767,4,3.267,3.7,3.533,3.533,3.667,3.6,3.433,3.667,4,3.633,3.367,3.067,3.3,1.7,1.867,1.3,1.633,1.967,1.267,3.867,1.067,1.667,1.933,2.9,1.2,3.267,1.6,2.4,1.8,1.033,1.6,1.333,1,1.067,1.4,2.6,1.433,1.767,2.267,1.3,1.167,2.067,1.3,1.233,1.833,1.333,3.154,3,3.333,3.333,3.533,3.6,3.833,3,3.077,3.875,3.875,2.75,3.929,3.077,3.304,3,3,3.083,2.75,0,2.5,3.429,3.714,2.889,2.467,4.083,2.625,2.4,3.438,4,3.2,3.071,2.833,"LLM추정(저신뢰,미검수)","보간(앵커거리기반,완만혼합)"
J07-011,금속·재료 설치·정비·생산직(판금·단조·주조·용접·도장 등),제관원,제관원(제관기조작원),3.267,3.433,3.367,3,3.3,3.267,3.333,3.167,3.467,3.133,3.4,3.767,3.3,2.9,2.767,3.033,1.867,1.9,1.6,1.733,2,1.933,2.9,1.3,1.933,2.6,1.9,1.467,3.633,2.167,1.8,1.6,1.333,1.967,1.4,1.533,1.567,1.7,2.233,1.9,1.767,1.3,1.267,1.3,2.833,1.9,2.033,2.033,1.8,3.077,2.933,3.167,4,3.857,3.231,3.154,3.2,2.824,3.261,2.778,3,3.828,3.3,3.133,2.75,2.833,3.8,3.375,2.727,2.9,3.75,3.474,3.923,3.417,3,3.333,3.333,3.321,3.462,3.529,3.556,2.867,"LLM추정(저신뢰,미검수)","보간(앵커거리기반,완만혼합)"
J07-012,금속·재료 설치·정비·생산직(판금·단조·주조·용접·도장 등),주조원,주조원(주조기조작원),3.033,3.3,3.333,2.167,3.267,2.8,2.867,3.333,3.8,2.9,3.067,3.833,3.267,2.2,1.9,2.2,1.333,1.467,1.333,1.3,1.267,1.367,2.967,1.167,1.467,2.1,1.5,1.167,2.667,1.333,1.267,1.5,1.1,1.1,1.167,1.167,1.2,1.167,1.367,1.167,1.167,1.033,1.1,1.1,2.2,1.233,1.167,1.267,1.2,2.8,3,3.333,5,4.667,4,3,5,2.636,2.55,2.636,3.667,2.63,2.714,3.4,3,3.5,4.5,3.667,3,3.333,4,2.857,3.667,3.333,2,4,3.5,2.667,2.6,3.333,3.4,3.667,"LLM추정(저신뢰,미검수)","보간(앵커거리기반,완만혼합)"
J07-013,금속·재료 설치·정비·생산직(판금·단조·주조·용접·도장 등),판금원,판금원(판금기조작원),3.6,4,4.033,3.033,3.933,3.9,3.5,3.933,4.067,3.833,4.233,4.133,3.767,3.4,3.133,3.4,1.467,1.667,1.233,1.7,3.233,1.5,2.633,1.133,1.933,2.6,1.867,1.133,3.633,2.033,1.033,1.1,1,1.367,1.033,1,1.067,1.433,1.667,1.067,1.233,1,1,1,2.533,1.2,2,1.8,2.333,3.111,3.182,3,3.2,4.28,3.75,3.286,3,3.05,3.423,3.071,3.25,4.621,3.333,3,2.5,0,3.571,2,0,2,3,3.583,3,2.333,0,0,0,3.4,2.8,3.889,3.929,4,"LLM추정(저신뢰,미검수)","보간(앵커거리기반,완만혼합)"
J07-014,기계 설치·정비·생산직,건설·광업 기계 설치·정비원,건설·광업기계설치·정비원,3.1,3.033,3.367,2.5,3.533,2.967,3.067,3.167,2.933,2.867,3.567,4.1,3.133,2.867,2.167,3.033,1.233,1.233,1.167,1.433,2.633,1.4,1.433,1,1.5,2.7,1.2,1.2,4.067,1.633,1.667,1.133,1,1.1,1,1,1,1.233,1.4,1.133,1.3,1,1,1,2.567,1.467,1.267,1.433,1.7,2.5,2.833,3.333,2.3,3.208,3.143,4.167,0,2.636,4,3,1.833,4.8,3.143,3.455,2.25,0,2,0,0,0,1.833,2.5,3.333,2.25,0,0,0,3.13,2.6,2.75,2.818,2.786,"LLM추정(저신뢰,미검수)","보간(앵커거리기반,완만혼합)"
J07-015,기계 설치·정비·생산직,공업기계 설치·정비원,공업기계설치 및 정비원,4.133,4.033,4.2,3.6,4,3.8,3.233,3.633,3.467,3.567,3.333,4.233,3.8,3.567,3.533,4,1.867,1.667,2,2.033,2.567,1.6,3.667,1.533,3.167,3.667,2.567,1.967,4.5,2.033,1.933,2.033,1.633,1.6,1.633,1.433,1.267,1.6,1.867,1.233,1.633,1.467,1.433,1.433,3.033,1.2,2.9,2.8,2,3,3,3.4,3.389,3.4,2.615,4.8,3.25,3.897,4.815,3.542,3.067,5.633,3.111,2.875,3.188,2.5,2.312,2.467,2.083,2.667,2.571,2.65,2.167,2.357,2.25,2.083,2,4.037,2,3.679,3.517,2.941,"LLM추정(저신뢰,미검수)","보간(앵커거리기반,완만혼합)"
J07-016,기계 설치·정비·생산직,금속 공작기계 조작원,금속공작기계조작원,3.167,3.333,3.367,2.8,3.533,3.467,2.933,3.533,3.367,3.033,3.7,3.867,3.6,3.2,2.7,3.2,1.9,2.067,1.7,1.733,2.1,1.867,2.967,1.267,2.3,2.633,1.9,1.367,3.4,2.2,1.567,1.533,1.233,1.5,1.467,1.267,1.4,1.6,2.2,1.6,1.6,1.167,1.2,1.2,3.033,1.667,1.933,1.833,1.567,3.5,3.688,3.667,4.1,3.375,3.429,3.68,3.4,3.19,3.696,3.462,3,3.967,3.7,3.556,3.091,3.25,3.5,3.143,3.2,2.444,3.3,3.5,2.923,2.643,2.5,2.75,3.5,3.31,3.25,3.765,2.889,2.75,"LLM추정(저신뢰,미검수)","보간(앵커거리기반,완만혼합)"
J07-017,기계 설치·정비·생산직,금형원,금형원,3.433,3.633,3.667,3.1,3.4,3.133,2.9,3.567,3.7,3.233,3.233,4.233,3.233,3,2.4,2.633,1.733,1.667,1.2,1.167,1.2,1.233,3.5,1,1.833,2.9,1.467,1,3.9,1.567,1.1,1,1,1.1,1,1,1,1.233,2.4,1.433,1,1,1,1,2.933,1.033,1.533,1.5,1.033,2.688,2.667,3.25,2.25,3.4,3.25,4.2,0,2.292,3.4,3.5,0,4.4,2.357,3,0,0,3,0,0,0,3.25,4,2,0,0,0,0,3.593,2,2.188,2.133,1,"LLM추정(저신뢰,미검수)","보간(앵커거리기반,완만혼합)"
J07-018,기계 설치·정비·생산직,냉·난방 설비 조작원,냉·난방설비조작원,3.267,2.967,3.4,2.7,3.5,3.1,3.033,3.167,3,3.067,3.6,3.8,3.233,3.133,2.333,3.2,1.733,2.033,1.633,1.3,2.5,1.667,1.4,1.3,2.467,2.6,1.533,2.6,3.767,2.1,2.5,2.133,1.4,1.733,1.7,1.433,1.467,1.833,2.467,1.867,1.7,1.2,1.3,1.267,3.333,2.3,2.1,1.867,1.367,3.077,3.211,3.364,2.286,3.857,2.786,3.25,3.333,3.583,4.091,3.364,3.696,4.367,3.571,3.852,3.85,3.714,3.727,3.364,3.375,3.625,4.167,3.619,3.429,3.4,3.2,3.5,3.5,4,3.409,4.25,3.786,3.571,"LLM추정(저신뢰,미검수)","보간(앵커거리기반,완만혼합)"
J07-019,기계 설치·정비·생산직,냉동·냉장·공조기 설치·정비원,냉동·냉장·공조기설치·정비원,3.633,3.467,3.7,2.867,3.4,3.4,3.167,3.667,3.667,3.333,4.033,4.033,3.933,3.1,2.767,3.333,1.567,2.233,1.467,1.867,2.767,1.567,2,1.067,2.467,2.833,1.3,2.3,3.667,2.433,2.5,1.733,1.1,1.6,1.467,1.133,1.4,1.667,2.8,1.867,1.5,1.033,1,1.033,3.467,2.233,2.467,2.167,1.333,2.727,3.435,2.545,3.188,3.52,3.5,3.636,4,3.52,4.318,4.4,4.056,4.167,3.462,3.577,3.333,2.333,3.25,2.7,2.75,2.25,3.2,3.5,3,2.667,2,0,3,3.897,3.5,3.593,3.5,2.571,"LLM추정(저신뢰,미검수)","보간(앵커거리기반,완만혼합)"
J07-020,기계 설치·정비·생산직,농업용 및 기타 기계장비 설치·정비원,농업용 및 기타기계장비설치 및 정비원,3.867,3.833,3.967,3.5,3.933,3.9,3.733,3.667,3.733,3.7,4.067,4,3.6,3.533,3.533,3.767,2.433,2.367,2.2,2.4,3.6,2.033,2.3,1.333,2.733,2.667,1.667,1.233,4.033,1.833,2.3,1.9,1.233,2.2,1.667,1.667,1.333,2.3,2.6,1.7,2,1.167,1.2,1.167,3.033,1.833,2.033,1.967,2.467,3.55,2.955,3.412,3.714,4.214,2.75,3.3,3,3.32,3.958,3.5,3.333,5.033,3.533,4,3.188,2.6,3.588,2.8,3.333,2,3.75,3.714,3.364,3,1.333,2,2.25,3.519,3.357,3.25,3.15,3.167,"LLM추정(저신뢰,미검수)","보간(앵커거리기반,완만혼합)"
J07-021,기계 설치·정비·생산직,물품이동장비 설치·정비원,크레인 및 지게차설치 및 정비원,3.967,3.833,4.267,3.233,3.833,3.667,3.5,3.8,3.667,3.7,3.9,4.267,3.833,3.433,2.767,3.133,1.7,1.433,1.667,1.7,2.333,1.7,1.667,1.433,1.967,2.867,1.433,1.433,4.267,1.767,1.467,1.2,1.2,1.333,1.4,1.333,1.3,1.5,2.167,1.533,1.533,1.233,1.2,1.233,3,1.733,1.733,1.7,2.2,4.6,3.143,4.4,4,3.955,3.615,3.889,4.2,3.5,4.083,3.333,4,4.867,3.4,3.182,2.6,3,2.571,2,2.857,2,3.111,3.9,2.917,2.692,2.8,3,2.75,3.593,3.467,3.333,3.9,3.3,"LLM추정(저신뢰,미검수)","보간(앵커거리기반,완만혼합)"
J07-022,기계 설치·정비·생산직,보일러 설치·정비원,보일러설치·정비원,4.033,3.9,4.067,2.933,3.567,3.8,3.367,3.7,3.8,3.567,4.167,4.233,3.933,3.467,3.1,3.367,2.933,2.2,2.167,3.333,3.933,1.933,1.867,1.1,2.333,2.6,1.833,2.133,3.467,1.867,2.033,1.867,1.2,2,1.633,1.2,1.1,1.633,2.433,1.133,1.4,1.033,1.067,1.233,3.2,2.3,2.133,2.133,1.9,3.909,3.286,3.368,4.12,4.357,2.947,3.923,4,3.381,3.64,3.692,3.421,4.067,2.889,2.947,3.2,3,3.529,2.667,3,3.5,3.182,3.714,3.333,2.727,4,3,3.5,3.607,3.391,3.474,3.368,4,"LLM추정(저신뢰,미검수)","보간(앵커거리기반,완만혼합)"
J07-023,기계 설치·정비·생산직,선박 정비원,선박정비원,4.133,4.033,3.9,3.333,3.833,3.533,3.867,3.733,3.733,3.533,3.767,4.333,3.767,3.933,3.433,3.433,2.067,2.033,1.733,1.6,2.2,1.833,2.233,1.133,2.633,3.4,2.067,1.667,3.867,1.967,2.3,2.033,1.233,1.5,1.733,2.1,1.167,1.5,1.567,1.167,1.633,1.3,1.5,1.5,2.967,1.867,2.433,2.067,3.067,4.071,3.6,3.545,4.286,3.706,2.733,4.2,3,3.762,4.276,3.625,3.1,4.667,3.588,3.409,3.647,3.667,3,3.154,3.824,3.667,3.375,3.167,2.75,3.231,3,2.889,3.5,4.125,2.722,4.15,3.267,3.769,"LLM추정(저신뢰,미검수)","보간(앵커거리기반,완만혼합)"
J07-024,기계 설치·정비·생산직,승강기 설치·정비원,승강기설치·정비원,4.3,4.2,4.433,3.5,4.2,3.633,3.533,3.8,3.933,3.6,3.9,4.3,3.9,3.833,2.633,3,2.133,1.833,1.933,2.6,3.3,1.667,2.367,1,2.8,3.033,1.267,1.633,4.1,2.267,2.367,1.033,1.033,1.4,1.133,1.233,1.067,1.6,2.767,1.933,2.1,1,1,1.033,4.1,2.6,2.333,2.1,1.667,4.053,2.941,4.133,4.353,4.875,2.812,3.125,0,3.517,4.345,3.2,2.4,4.833,3.304,3.524,2,2,3.333,2,2.75,1,2.867,3.652,3.533,3.429,0,0,1,5.1,3.32,3.348,3.611,2.5,"LLM추정(저신뢰,미검수)","보간(앵커거리기반,완만혼합)"
J07-025,기계 설치·정비·생산직,오토바이정비원,오토바이정비원,3.333,3.833,4.067,2.833,2.933,3.067,3.233,3.633,3.7,3.1,3.933,4.2,3.7,3.167,2.5,2.567,2.367,1.967,1.967,2.633,3.433,1.633,1.433,1.067,1.933,1.667,1.3,1.367,3.133,1.633,1.267,1.133,1.067,1.6,1.267,1.267,1.067,1.4,1.6,1.6,1.433,1.1,1.133,1.067,1.7,1.433,2.033,1.633,1.933,2.833,2.462,3,3.357,4.067,2.357,2.182,2.5,2.474,2.571,2,2.444,3.655,2.4,2,3,2.5,2.385,2,2,2,2.875,2.571,2.235,2.182,1.667,2.25,3,3.214,2.3,2.917,2.5,2.875,"LLM추정(저신뢰,미검수)","보간(앵커거리기반,완만혼합)"
J07-026,기계 설치·정비·생산직,운송장비 조립원,선박조립원,3.567,3.6,3.667,2.533,3.4,3.133,3.233,3.433,3.333,3.2,3.267,3.833,3.3,3,2.4,3,1.3,1.133,1.033,1,1.267,1.067,2.167,1,1.367,2.2,1.167,1,3.3,1.2,1.667,1.1,1,1.1,1.033,1,1,1.033,1.3,1,1.167,1,1,1,2,1.267,1.233,1.033,1.733,3,2.75,3,0,2.5,2.5,3.833,0,2.9,3.565,2.6,0,4.267,2.6,3.833,3.5,0,3.5,2,0,0,3,3.2,0,3.25,0,0,0,3.556,3.143,2.667,3,3.889,"LLM추정(저신뢰,미검수)","보간(앵커거리기반,완만혼합)"
J07-027,기계 설치·정비·생산직,일반기계 조립원,일반기계조립원,3.233,3.333,3.417,2.7,3.25,3.1,3.017,3.167,3.333,3.133,3.3,3.983,3.133,2.717,2.667,2.8,1.267,1.583,1.15,1.383,1.75,1.367,3.25,1.083,1.75,2.767,1.417,1.033,3.767,1.95,1.867,1.367,1.117,1.333,1.25,1.133,1.083,1.233,1.683,1.217,1.467,1.133,1.083,1.083,3,1.4,1.633,1.467,1.333,3.5,2.857,3.4,3.8,3.778,3,3.84,2.667,3.31,3.735,2.471,1,4.2,3.528,3,2.938,2.8,3.308,2.1,2,2,3.4,3.4,3.25,2.692,2.5,2.667,2.25,3.392,3.235,3.607,3.118,2.231,"LLM추정(저신뢰,미검수)","보간(앵커거리기반,완만혼합)"
J07-028,기계 설치·정비·생산직,자동조립라인·산업용로봇 조작원,자동조립라인·산업용 로봇조작원,3.3,3.4,3.367,2.667,3.367,3.433,3.367,3.5,3.6,2.7,3.5,3.767,3.233,3.133,2.133,2.933,1.233,1.3,1,1,1.1,1.3,3.167,1,2.067,2.8,1.2,1,3.9,1.9,1.433,1.567,1,1.367,1.333,1,1,1.1,2.067,1.067,1.467,1,1,1.033,2.733,1.033,1.567,1.533,1.6,3.167,2.429,0,0,2,3,3.84,0,3.3,4.304,3,0,4.414,3.444,4.4,3.636,0,3.375,3,0,0,2.667,3.263,2,2.818,0,0,3,3.682,2,3.091,3,3.75,"LLM추정(저신뢰,미검수)","보간(앵커거리기반,완만혼합)"
J07-029,기계 설치·정비·생산직,자동차 부품 조립원,자동차부품조립·검사원,2.567,2.567,2.733,1.533,2.6,2.467,2.433,2.333,2.867,2.567,2.433,3.433,2.767,2.267,1.567,1.8,1.233,1.133,1.133,1.167,1.433,1.1,2.967,1.033,1.1,1.8,1.033,1,3.3,1.133,1.2,1.033,1.167,1.233,1.2,1,1,1.133,1.533,1.033,1.067,1,1.033,1.067,1.433,1.033,1.033,1.167,1.833,3,2.667,3,3.333,3.571,3,3.929,3,2.333,3.385,3,0,3.964,3.333,3.75,4,4,3.5,3,0,0,3,3.444,3,2,0,3,3,2.667,2,3,2.667,3.455,"LLM추정(저신뢰,미검수)","보간(앵커거리기반,완만혼합)"
J07-030,기계 설치·정비·생산직,자동차 정비원,자동차정비원,3.167,3.533,3.367,2.3,3.733,3.267,3.133,3.367,3.433,3.133,3.3,4.233,3.467,2.4,2.3,2.733,1.333,1.367,1.133,1.533,3.467,1.167,1.133,1,1.6,2.367,1,1.033,4.1,1.133,1,1,1,1.333,1.033,1,1,1.4,1.3,1,1.067,1,1,1,2.067,1.267,1.133,1.4,1.7,3.167,2.714,3.5,3.25,3.8,3,1.75,0,3,3.952,0,2,4.967,3.5,0,0,0,2.875,2,0,0,2.8,3.5,0,1.5,0,0,0,3.643,2.667,3.667,2.667,4,"LLM추정(저신뢰,미검수)","보간(앵커거리기반,완만혼합)"
J07-031,기계 설치·정비·생산직,자동차 정비원,자전거판매 및 정비원,3.067,3.567,3.567,2.2,2.567,3.3,2.967,3.3,3.833,3,3.7,4.267,3.5,2.3,1.9,2.867,2.267,2.067,2.1,3.4,4.067,1.6,1.633,1,1.6,2.333,1.067,1,3.933,1.667,1.3,1.033,1,1.4,1.067,1,1,1.467,1.867,1.167,1.067,1,1,1,1.267,1.1,1.533,1.4,1.5,2.773,2.36,2.957,3.967,3.967,2.571,2.111,0,2.118,3.4,2,0,3.7,2.3,3,3,0,2.889,2,0,0,2.556,3.6,2.2,2,0,0,0,2.125,2,2.214,2,3.167,"LLM추정(저신뢰,미검수)","보간(앵커거리기반,완만혼합)"
J07-032,기계 설치·정비·생산직,자동차 조립원,자동차조립원,2.7,2.767,3.467,2.3,2.933,2.7,3.033,2.933,3.233,2.767,2.5,3.633,3.067,2.2,2.067,2.233,1.167,1.267,1,1,1.733,1,3.167,1,1.767,2.2,1.533,1,3.167,1.267,1.467,1.3,1,1.033,1.2,1,1,1.033,1.767,1.1,1.3,1,1,1,2.567,1.233,1.467,1.7,1.9,2.667,2.625,0,0,3.8,0,4.4,0,2.625,3.579,2.583,0,4.074,3.2,3.625,3.5,0,3,3.333,0,0,3,3.385,2,2.6,0,0,0,3.7,3.5,3.091,2.429,4.091,"LLM추정(저신뢰,미검수)","보간(앵커거리기반,완만혼합)"
J07-033,기계 설치·정비·생산직,철도기관차·전동차 정비원,철도기관차·전동차정비원,3.833,3.6,3.967,3.567,4.1,3.9,3.667,3.667,3.6,3.667,3.9,4.133,3.9,3.267,3.333,3.533,2.4,2.333,1.567,1.633,2.367,2.167,2.3,1.367,3.5,3.7,2.067,1.867,4.4,2.767,2.833,2.333,1.533,2.3,1.9,1.733,1.433,1.867,2.4,1.867,2.333,1.233,1.433,1.4,3.633,2.833,3.133,3.067,4.033,3.24,3.52,2.583,3.231,3.619,3.381,4.071,3.75,4.517,4.6,3.3,3.375,5.133,3.926,3.828,3.292,3,3.48,3,3.429,2.889,2.889,3.417,3.19,3.148,2.8,2.8,2.667,4.667,3.963,4.5,4.241,4.667,"LLM추정(저신뢰,미검수)","보간(앵커거리기반,완만혼합)"
J07-034,기계 설치·정비·생산직,항공기 정비원,항공기정비원,3.968,3.871,4.484,3.581,4.355,3.581,4,3.935,3.871,3.903,4.806,4.677,4.839,3.065,3.065,4.226,2.419,2.968,2.097,1.452,2.258,2.323,1.839,1.226,3.161,3.774,1.484,1.258,4.581,2.935,3.226,2.774,1.419,2.161,1.613,2.194,1.774,1.968,3.71,2.29,4.387,1.161,1.258,1.452,3.903,3.806,3.161,2.419,3.065,2.852,3.967,3.091,3.091,2.696,3.667,3.5,2.4,4.444,4.857,3,3.833,6.133,4.143,4.448,3.538,2.714,3.75,3,3.667,2.333,3.474,4.967,3.545,4.645,3,3.167,3.286,4.964,4.129,4.786,3.818,3.889,"LLM추정(저신뢰,미검수)","보간(앵커거리기반,완만혼합)"
J07-035,기계 설치·정비·생산직,항공기 정비원,헬리콥터정비원,3.933,3.8,4.233,3.533,4.067,3.9,3.8,4.067,3.867,3.667,4.567,4.567,4.533,3.4,3.067,3.933,2.467,3.133,2.367,1.733,2.567,2.367,2.3,1.2,3.233,3.567,1.9,1.267,4.233,3.033,3.167,2.433,1.4,2.7,1.767,2.533,1.9,1.833,3.467,2.267,3.767,1.267,1.467,1.3,3.767,3.4,3.2,2.733,3.233,3.538,4.034,3.2,3.462,3.84,3.409,3.524,3,4.138,5.25,3.5,4,6.207,4.538,4.577,4,4,4.13,3.846,3.957,3.143,3.643,4.778,3.95,4.517,3.25,3.571,3.2,4.714,4.172,4.714,4.087,4.577,"LLM추정(저신뢰,미검수)","보간(앵커거리기반,완만혼합)"
J07-036,섬유·의복 생산직,섬유 제조기계 조작원,섬유제조기계조작원,3.633,3.8,3.7,2.5,3.467,3.533,3.533,3.367,3.5,3.433,3.867,3.8,3.033,3.167,2.6,2.567,1.467,1.5,1.333,1.467,1.5,1.333,3.2,1.067,1.267,2,1.4,1.033,3.4,1.967,1.467,1.533,1.167,1.367,1.2,1.067,1.133,1.233,1.933,1.4,1.433,1.133,1.033,1.067,2.8,1.6,1.433,1.767,1.367,3.375,3.875,2.833,3.5,3.222,3.4,4.067,2.5,4.2,4.5,3.625,3,4.414,3.389,3.667,4.667,2.667,3,3.25,2.5,3,2.833,3.353,2.667,3,3,3,2.5,3.321,3.167,3,3.167,2.75,"LLM추정(저신뢰,미검수)","보간(앵커거리기반,완만혼합)"
J07-037,섬유·의복 생산직,세탁 기계 조작원,세탁기계조작원,3.033,3.1,3.167,2.033,2.667,3.1,2.567,3.067,3.433,3,3.167,3.333,2.933,2.533,1.6,1.967,1.233,1.2,1.1,1.267,1.433,1.333,2.3,1.233,1.4,1.567,1.267,1,3.4,1.6,1.3,1.833,1.1,1.467,1.2,1,1.333,1.367,1.633,1.167,1.067,1,1,1.033,1.867,1.233,1.367,1.533,1.333,2,2.333,2.333,2.143,2.8,2,2.828,2.143,2.545,2.667,2.375,0,4,2.333,2.222,3,2.333,2.286,2,0,2,2.273,2.389,2,2,0,0,2,2.652,2,2.273,2.533,2.5,"LLM추정(저신뢰,미검수)","보간(앵커거리기반,완만혼합)"
J07-038,섬유·의복 생산직,신발 제조기계 조작원 및 조립원,신발제조기계조작원 및 조립원,3.433,3.133,3.4,2.733,3.333,3.2,2.8,3.133,3.3,3.1,3.4,3.933,3.267,2.767,2.6,2.767,1.267,1.3,1.3,1.267,1.367,1.233,3.233,1.2,1.2,1.7,1.533,1.133,3.533,1.667,1.4,1.667,1.1,1.3,1.4,1.1,1.167,1.167,2,1.5,1.167,1.067,1.067,1.067,2.2,1.4,1.5,1.467,1.167,3,3,2.667,4.75,3,2.4,3.5,3.25,3.25,2.812,2.846,3,3.8,3.462,2.5,2.8,1.5,3,2,2,1.5,2.25,3.263,2.214,2,2,4,2,3.143,2.7,2.786,2.692,2.667,"LLM추정(저신뢰,미검수)","보간(앵커거리기반,완만혼합)"
J07-039,섬유·의복 생산직,양장·양복 제조원,양장·양복제조원,4.1,4,3.8,2.567,2.833,2.933,3.233,3.5,3.833,3.2,4,4.433,3.633,2.867,2.7,2.833,1.767,2,1.8,2.967,3.633,1.633,2.6,1.133,1.267,1.633,4.1,1.2,2.1,2.033,1.4,1.333,1.333,1.667,1.733,1.333,1.167,1.633,1.7,1.667,1.367,2.667,1.167,1.333,1.5,1.333,1.767,1.933,1.3,2.867,2.75,2.812,3.885,4.414,3.111,3,3,2.667,3.25,4.867,2.5,3.15,2.682,2.857,3.25,2.8,3,3.4,3,3.5,3.667,3,2.467,3,3.87,2.333,3.75,2.75,3,2.929,2.722,2.6,"LLM추정(저신뢰,미검수)","보간(앵커거리기반,완만혼합)"
J07-040,섬유·의복 생산직,의복·가죽·모피 수선원,의복·가죽·모피수선원,3.233,2.567,3.267,2.8,3.3,3.2,2.933,2.633,2.633,3.4,3.7,4,3.1,3.1,2.833,2.667,2.133,1.567,1.833,2.5,2.733,1.9,1.867,1.033,1.433,1.633,2.833,1.3,2.267,1.5,1.133,1.333,1.033,1.667,1.333,1.367,1,1.533,2.033,1.767,1.633,1.433,1.233,1.267,1.767,1.733,2.233,2.1,1.533,3.167,1.938,3.053,3.167,3.2,2.55,2.35,1,2,2.278,3.067,1.375,2.7,2.077,1,2.4,1,2.25,1.3,1.455,0,2.231,2.64,2,1.882,2.333,1.429,1.625,2.278,2.35,2.821,2.64,1.625,"LLM추정(저신뢰,미검수)","보간(앵커거리기반,완만혼합)"
J07-041,섬유·의복 생산직,재단사,재단사,3.733,3.733,3.6,3.067,3.333,3.5,3.633,3.467,3.3,3.333,3.4,4.267,3.4,2.9,2.433,2.9,1.7,1.733,1.533,2,2.2,1.567,3,1.7,1.667,1.4,3.133,1.367,2.467,2.433,1.4,1.367,1.267,1.767,1.667,1.333,1.233,1.567,2.2,1.367,1.733,2.4,1.4,1.267,1.433,1.333,1.667,1.967,1.433,2.6,2.278,2.154,2.75,3.25,2.4,3.233,2.4,2,1.909,3.655,1.818,2.852,2.852,1.75,1.818,1.625,2.421,2.312,1.6,1.571,2.188,2.625,2,2.111,2.724,1.75,1.875,2.167,1.7,2.286,2.476,1.917,"LLM추정(저신뢰,미검수)","보간(앵커거리기반,완만혼합)"
J07-042,섬유·의복 생산직,재봉사,재봉사,3.667,3.767,4.067,2.867,3.7,3.867,3.433,3.8,3.833,3.733,4.367,3.8,3.567,3.433,3.3,2.533,2.8,2.233,1.633,2.933,3.733,1.8,3.867,1.433,1.8,1.5,3.4,1.333,2.933,2.3,1.333,2.033,1.367,2.7,1.433,1.333,1.367,2.633,2,1.567,1.367,1.7,2,1.3,1.9,1.667,1.8,2.467,1.7,3.64,3.188,3.333,3.793,4.867,2.75,4.533,4.2,3,2.9,4.167,3.8,3.483,4.04,3.889,3.333,3.8,3.593,3.667,4,3.8,3.704,3.529,3.273,3.333,3.692,3.667,3.333,3.812,3.625,3.176,3.538,3.2,"LLM추정(저신뢰,미검수)","보간(앵커거리기반,완만혼합)"
J07-043,섬유·의복 생산직,제화원,제화원,4.167,4,3.933,3.367,3.667,3.6,3.467,3.433,3.6,3.567,3.5,4.333,3.767,3.2,3.267,3.2,1.967,1.4,1.567,2.5,3.067,2,3.567,1.1,1.867,2.033,3.667,1.367,2.4,1.333,1.167,1.6,1.133,1.8,1.767,1.2,1,2.267,1.6,1.167,1.433,1.567,1.233,1.667,2.333,1.4,2.233,2.067,1.167,3.846,4.2,3.556,3.905,4.115,3.267,4.2,2.5,2.722,3.227,4.345,2.2,3.348,2.875,2.75,3.083,3.5,2.938,3.143,2.2,0,3.684,2.667,2.667,3,2.846,2,3,4.267,2.1,3.286,2.909,2.5,"LLM추정(저신뢰,미검수)","보간(앵커거리기반,완만혼합)"
J07-044,섬유·의복 생산직,직조기·편직기 조작원,직조기 및 편직기조작원,3.667,3.533,3.8,2.467,3.333,3.533,3.5,3.367,3.6,3.5,3.9,3.867,3.267,3.367,2.533,2.6,1.2,1.4,1.167,1.1,1.333,1.067,2.833,1.2,1.1,1.567,1.2,1,3.1,1.4,1.133,1.167,1,1.167,1.1,1,1.233,1.233,1.567,1.167,1.133,1,1,1,2.2,1.433,1.433,1.6,1.167,3.75,2.667,3.25,3,2.571,3,4.333,4.333,5,3.917,3.2,0,4.067,3.333,2.667,2.75,0,3,3,0,2.75,3,3.154,2.75,2.25,0,0,0,3.087,2.889,3,3,2.4,"LLM추정(저신뢰,미검수)","보간(앵커거리기반,완만혼합)"
J07-045,섬유·의복 생산직,패턴사,패턴사,3.4,3.367,3.467,2.5,3.133,2.867,3.033,3.3,3.567,3.4,3.3,4.233,2.867,3.3,2.633,2.8,1.267,1.567,1.1,1.267,1.633,1.133,2.733,1.067,1.467,1.3,4.067,1.033,1.333,2.167,1.1,1.167,1.067,1.6,1.367,1.133,1.067,1.2,2,1.5,1.767,2.267,1.133,1.333,1.533,1.667,1.5,1.833,1.133,2.333,2.923,3,2.8,3,2.667,4.095,4,3.333,3.2,4.867,3,2.625,3,4,2.75,4,3.273,4.4,4,4,3,3,2.538,2.722,3.778,4,3.571,3.091,2.933,2.357,3.222,3.5,"LLM추정(저신뢰,미검수)","보간(앵커거리기반,완만혼합)"
J07-046,섬유·의복 생산직,표백·염색기 조작원,표백·염색기조작원,3.067,3.2,3.4,2.5,3.3,3.067,3.267,3.133,3.133,3.267,3.333,3.867,3.267,3.033,2.433,2.6,1.367,1.433,1.267,1.4,1.7,1.3,2.3,1.167,1.5,1.667,1.6,1.167,2.467,1.667,1.333,2.267,1.2,1.4,1.467,1.233,1.4,1.367,1.667,1.4,1.5,1.267,1.1,1.133,2.1,1.333,1.433,1.633,1.167,2.5,3.111,2.8,3.167,3.273,3.333,4.375,4.5,2.7,3.417,3.667,3.5,3.875,3.231,2.625,3.455,3.333,4,3.857,3,3.286,3.571,3.214,3.222,2.333,2.333,3.5,2.667,3.5,3.333,3,3.364,3,"LLM추정(저신뢰,미검수)","보간(앵커거리기반,완만혼합)"
J07-047,섬유·의복 생산직,한복 제조원,한복제조원,3.567,4.033,3.867,2.8,3.233,3.333,3.533,3.8,3.767,3.3,3.933,4.5,3.9,3.533,3.133,2.767,2.167,1.467,1.667,2.667,3.567,1.3,2.5,1.2,1.333,1.2,3.3,1.1,2.1,2,1.3,1.233,1.067,2.1,1.6,1.133,1.1,2.2,1.533,1.567,1.2,2.233,1.267,1.4,1.333,1.267,1.833,2.1,1.3,2.667,2.333,2.471,3.269,3.833,2.286,2.808,2,2.2,2.5,3.867,2,2.462,2.458,2.375,2.143,2,2.714,2.364,1.5,2,3,2.286,2.294,2.167,3.65,2.143,2.375,2.333,2.429,2.286,2.269,2.125,"LLM추정(저신뢰,미검수)","보간(앵커거리기반,완만혼합)"
J07-048,식품 가공·생산직,곡물 가공제품 기계 조작원,곡물가공제품기계조작원,2.767,2.9,3.233,2.5,3.067,2.933,2.467,3,2.733,2.7,3,3.367,2.533,2.433,1.967,2.5,1.167,1.5,1.2,1.6,1.933,1.167,3.1,3.1,1.967,1.633,1.2,1.067,3.633,1.367,1.5,1.533,1.2,1.133,1.233,1,1.033,1.333,1.3,1.167,1.067,1,1,1,1.3,1.133,1.3,1.533,1.133,3,3.857,4,4.778,5.5,3.667,4.36,4.48,3.833,3.778,4,4,4.793,3.625,3.333,3.333,3,3,3.2,0,2,3.667,3.167,3.667,2,0,0,0,3.167,3.667,3.429,3.778,3,"LLM추정(저신뢰,미검수)","보간(앵커거리기반,완만혼합)"
J07-049,식품 가공·생산직,과실·채소 기계 조작원,과실·채소기계조작원,3.433,3.4,3.867,2.8,3.633,3.3,3.233,3.4,3.333,3.3,3.5,3.6,3.5,3.333,2.633,3.033,1.5,1.367,1.133,1.1,1.467,1.3,3.233,2.9,1.467,1.2,1,1,3.333,1.533,1.367,1.767,1.567,1.433,1.533,1.067,1.033,1.233,1.667,1.167,1.033,1,1,1.033,2.067,1.2,1.3,1.5,1.167,2.6,2.5,3.5,5,3.286,3,4.207,3.846,3.444,3.5,0,0,4.233,3.2,3.125,3.818,3.455,3.429,2.909,4,2,3,3.5,3.333,2,0,0,3,3.158,3.333,3,3.778,3.333,"LLM추정(저신뢰,미검수)","보간(앵커거리기반,완만혼합)"
J07-050,식품 가공·생산직,김치·밑반찬 제조 종사원,김치·밑반찬 제조종사원,3.867,4.5,4.467,3.3,3.633,3.733,4.167,4.067,4.367,3.8,4.233,4.4,4.167,3.467,2.533,2.5,2.167,1.8,2.2,3,3.3,1.733,3.133,3.367,1.167,1.367,1.167,1.133,1.7,2.1,1.5,1.467,1.667,1.933,1.533,1.533,1.4,2.067,1.8,1.533,1.1,1.033,1.4,1.2,1.833,1.867,1.7,2.033,1.6,3.13,2.316,2.75,4.143,4.304,2.188,3.963,4,1.6,2.444,1.8,1.75,2.5,2.773,2.385,2.333,2.692,3.636,2.5,2.133,2.182,3.176,2.412,2,2,2,2.083,2,2.688,3,2.1,2.7,2.6,"LLM추정(저신뢰,미검수)","보간(앵커거리기반,완만혼합)"
J07-051,식품 가공·생산직,떡 제조원,떡제조원,3.167,4.333,4.167,2.4,3.333,3.3,3.767,3.833,3.933,3.5,4.3,4.367,3.9,3.233,2.7,2.467,2.667,1.933,2.133,3.833,4.333,1.333,3.533,2.267,1.1,1.167,1.333,1,2.7,1.8,1.533,1.333,1.167,1.533,1.033,1.033,1.2,1.1,1.667,1.4,1.2,1.033,1.067,1.067,1.6,1.2,2,2.167,1.567,2.957,2.278,2.727,3.7,4.067,3.5,3.467,3.35,3,3.333,2.571,0,2.724,2.778,2.2,2.222,2,2.778,3,3,2.4,2.333,3.444,2.636,3,3,4,2.5,2.4,2.4,2.565,2.476,2.583,"LLM추정(저신뢰,미검수)","보간(앵커거리기반,완만혼합)"
J07-052,식품 가공·생산직,식품·담배 등급원,식품·담배등급원,3.9,3.6,3.633,2.3,3.033,2.467,2.967,3.3,3.433,2.967,2.967,4.467,3.967,2.8,2.167,2.767,1.167,1.833,1.067,1,1.167,1,3.7,2.933,1.433,1.133,1.033,1,2.4,1.433,1.267,1.533,1.6,1.133,1.1,1,1,1.033,1.4,2.067,1.1,1,1.067,1.1,1.1,1.033,1.533,2.033,1.133,2.75,2.75,2.5,0,3.333,0,4.4,4.8,3,2,2,0,3.25,2.545,3.6,3,3.222,4,2.333,0,0,2,3,2.696,2,0,2,2,3.5,2,2.25,2.739,5,"LLM추정(저신뢰,미검수)","보간(앵커거리기반,완만혼합)"
J07-053,식품 가공·생산직,육류·어패류·낙농품 가공기계 조작원,육류·어패류·낙농품가공기계조작원,2.533,3.033,2.9,1.933,2.9,2.2,2.367,2.833,2.9,2.5,2.5,3.1,2.467,2.233,1.667,2.067,1,1.033,1,1.067,1.033,1.267,2.833,2.567,1.267,1.367,1.033,1,3.033,1.133,1.133,1.033,1.767,1.133,1.1,1,1,1.033,1.367,1,1.167,1,1,1.033,1.767,1.133,1.167,1.267,1.133,0,1,0,1.5,2,2.5,3.25,3.273,4.5,4.286,2,0,3.633,2,3,2,2.917,1.75,2,0,0,2,3.143,0,3.2,0,0,2,3,1.25,2.8,3,1.75,"LLM추정(저신뢰,미검수)","보간(앵커거리기반,완만혼합)"
J07-054,식품 가공·생산직,음료 제조기계 조작원,음료제조기계조작원,3.067,3.267,3.2,2.5,3.133,3,2.733,2.833,2.933,2.867,3.1,3.9,3.2,2.9,2.167,2.3,1.533,1.567,1.333,1.3,1.3,1.367,3.267,2.933,1.367,1.4,1.2,1.167,2.867,1.567,2.2,2.233,1.167,1.167,1.367,1.067,1.067,1.067,1.3,1.1,1.267,1.133,1.133,1.1,1.433,1.2,1.533,1.133,1.2,4.25,3.333,3.2,2.667,3.8,3.4,3.923,3.75,2.143,2.875,2,3.333,3.429,2.75,3.737,3.333,1.8,2.2,1.8,2.5,2,2,2.625,2,2.429,2,2,2,2.875,3.2,2.143,2.5,3,"LLM추정(저신뢰,미검수)","보간(앵커거리기반,완만혼합)"
J07-055,식품 가공·생산직,정육원 및 도축원,정육원 및 도축원,3.467,3.567,3.5,3.133,3.567,3.6,3.467,3.667,3.633,3.5,3.633,3.833,3.867,3.2,2.7,3.133,2.267,1.533,1.967,3.033,3.467,1.933,3,2.4,1.433,1.5,1.3,1,2.733,1.867,1.4,1.267,1.9,2.033,1.533,1.4,1.2,1.8,1.4,1.4,1.367,1.2,1.167,1.167,2.3,1.467,1.467,1.867,1.8,2.87,2.643,2.833,3.519,3.75,3.25,3.393,3.682,2.083,3.375,3.75,0,3.148,3.429,2.857,2.8,3,2.9,3.125,2.429,2.75,3.636,3.143,3,2.222,2.75,2.667,2.667,3.263,2.556,3,3.143,3.077,"LLM추정(저신뢰,미검수)","보간(앵커거리기반,완만혼합)"
J07-056,식품 가공·생산직,제과·제빵원,제과·제빵원,3.833,3.933,3.933,3.033,3.433,3,3.3,3.767,3.967,3.633,3.967,4.433,3.667,3.667,2.867,2.767,1.533,1.333,1.4,2,2.7,1.467,3.5,3.233,1.233,1.367,1.633,1.1,2.2,1.667,1.433,1.367,1.267,1.4,1.433,1.167,1.167,1.4,1.8,1.467,1.433,1.433,1.1,1.167,1.8,1.633,1.533,1.6,1.233,2.429,2.3,2.333,3.211,3.385,2.7,3.69,3.84,2.4,2.1,3.2,1.333,2.864,2.714,2.889,2.273,2.833,2.75,2.6,2.667,1.8,2.625,2.667,2.308,2.7,3.5,4,2.75,2.438,3,2.846,3,2.6,"LLM추정(저신뢰,미검수)","보간(앵커거리기반,완만혼합)"
J07-057,식품 가공·생산직,제분·도정 기계 조작원,제분·도정기계조작원,3.533,3.533,3.567,2.533,2.933,3.1,3.133,3.533,3.3,2.7,3.7,3.667,3.633,3.067,2.467,2.467,1.067,1.467,1.033,1.1,2.1,1,3.733,1.733,1.467,2.267,1,1,4.2,1.433,1.2,1.067,1,1,1,1,1,1.167,1.533,1.167,1,1,1,1,1.767,1,1.033,1.267,1,5,3.333,2,3,3.053,0,4.759,3.889,4.143,4.688,0,0,5.133,3.444,2.333,2,0,0,0,0,0,3.5,3.889,2.667,0,0,0,0,4,0,2,2.6,0,"LLM추정(저신뢰,미검수)","보간(앵커거리기반,완만혼합)"
J07-058,인쇄·목재·공예 및 기타 설치·정비·생산직,가구 제조·수리원,가구제조·수리원,3.533,3.4,3.567,2.867,3.3,3.133,3.233,3.5,3.233,3.2,3.333,3.933,3.567,3.167,2.767,3.033,2.133,2,2,2.3,2.333,1.733,3.3,1.167,1.633,2.7,2.933,1.5,3.467,2.3,1.433,1.267,1.267,1.867,1.567,1.167,1.233,1.633,2.233,1.567,1.2,1.7,1.233,1.333,2.1,1.6,1.533,2.033,1.667,3.13,3.4,3.333,3.381,3.286,3.4,4.429,1.4,3.286,4.346,4.1,2.636,4.567,4,3.286,2.5,2.167,3.471,2.667,2.2,2.167,3.385,3.905,2.846,4.25,3.333,3.4,3,3.143,3,2.667,3.364,3.077,"LLM추정(저신뢰,미검수)","보간(앵커거리기반,완만혼합)"
J07-059,인쇄·목재·공예 및 기타 설치·정비·생산직,가구 조립원,가구조립원,3.867,3.833,3.8,2.433,3.067,2.933,2.633,2.8,3.3,2.933,3.367,4.167,3.667,2.6,2.267,2.6,1.433,1.3,1.367,2.2,2.733,1.1,3.167,1.233,1.367,2.533,2.8,1.667,3.133,1.9,1.467,1.167,1.1,1.433,1.333,1.1,1.167,1.467,1.667,1.3,1.167,1.567,1.1,1.1,1.767,1.4,1.433,1.633,1.333,2.5,2.143,2.625,3.182,3.296,2.5,3.897,2.6,2.4,3.107,3.4,3.182,3.633,3,2.556,2,1.667,2.417,1.9,2,2.4,2.7,3.167,2.556,1.8,2.385,2,1.667,2.778,2,1.917,3.333,2.75,"LLM추정(저신뢰,미검수)","보간(앵커거리기반,완만혼합)"
J07-060,인쇄·목재·공예 및 기타 설치·정비·생산직,간판 제작·설치원,간판제작·설치원,3.9,4.3,4.267,3.4,3.967,3.9,4,4.1,4.333,3.967,4.067,4.667,4.067,3.9,3.733,3.433,2.6,2.433,2.5,3.367,3.733,1.733,2.9,1,2.9,2.333,3.533,2.133,2.567,2.467,1.767,1.967,1.033,1.967,1.533,1.5,1.133,2.167,1.7,2.4,1.9,2.733,1.367,1.167,2.8,2.2,2.033,2.567,1.933,3.385,3.231,3.44,4.067,4.3,3,3.615,0,3.367,3.455,4.654,3.476,3.143,3.52,2.722,2.824,2,3.278,2.667,2.75,2.25,3.316,2.933,3.333,2.316,3.92,2.7,2.2,3.76,3.5,2.857,3.12,2.941,"LLM추정(저신뢰,미검수)","보간(앵커거리기반,완만혼합)"
J07-061,인쇄·목재·공예 및 기타 설치·정비·생산직,공예원,공예원,4.1,3.767,4.167,3.2,3.433,3.367,3.167,3.3,3.9,3.533,3.8,4.367,3.933,3.5,3.4,3.233,2.733,2.5,2.067,2.933,3.3,2.133,2.5,1.533,1.533,1.567,4.1,1.233,1.6,1.6,1.567,1.467,1.333,2.767,1.633,1.1,1.033,2.333,2.567,1.5,1.533,4.133,1.533,1.733,1.967,1.4,1.8,2.667,1.167,3.208,3.136,3.059,3.333,3.533,2.933,3.136,2.714,2.625,2.778,4.621,3.667,2.9,3.364,2.25,2.4,2.833,3.24,2.25,5,2,3.25,3,2.636,2.4,4.571,2.545,2.462,2.929,2.3,2.643,3.269,1.8,"LLM추정(저신뢰,미검수)","보간(앵커거리기반,완만혼합)"
J07-062,인쇄·목재·공예 및 기타 설치·정비·생산직,귀금속·보석 세공원,귀금속·보석세공원,3.933,4.233,4.033,3.367,3.633,3.833,3.533,4.067,4.3,3.967,3.933,4.367,4.1,3.567,3.133,3.033,1.933,1.6,1.633,1.9,2.967,1.667,3.4,1.333,1.7,2.833,3.633,1.433,2.4,1.933,1.633,1.667,1.033,1.7,1.367,1.2,1.633,1.867,1.967,1.333,1.6,2.067,1.333,1.4,2.1,1.933,2.1,2.167,1.5,3.062,2.571,2.846,2.882,3.621,2.769,4.034,2.625,2.333,3.556,4.893,2.667,3,2.579,2.357,2.467,2,2.867,2.375,2,2.214,2.824,3.167,2.667,2.25,3.812,2.25,2.375,2.65,2.824,2.731,2.577,2.5,"LLM추정(저신뢰,미검수)","보간(앵커거리기반,완만혼합)"
J07-063,인쇄·목재·공예 및 기타 설치·정비·생산직,목재 가공기계 조작원,목재가공기계조작원,3.233,3.3,3.5,2.7,3.233,3.233,3.067,3.3,3.033,3.033,2.867,3.333,2.8,2.467,2.433,2.567,1.367,1.133,1.133,1.267,1.433,1.2,2.9,1,1,2.1,1.6,1.567,3.533,1.333,1.367,1.5,1.067,1.067,1.2,1.067,1.033,1,1.5,1.233,1.1,1,1.033,1,2.3,1.233,1.067,2.1,1.1,3.5,2.667,3,4,2.875,2.2,3.296,0,0,3.357,2.062,3,4.034,2.286,2.111,2.5,2,2,2.5,1,1,0,2.9,3,1.5,0,2,0,2.895,3.25,4,3.105,2,"LLM추정(저신뢰,미검수)","보간(앵커거리기반,완만혼합)"
J07-064,인쇄·목재·공예 및 기타 설치·정비·생산직,사진 인화·현상기 조작원(사진수정 포함),사진인화·현상기조작원(사진수정 포함),3.9,3.8,3.833,2.733,3.3,3.367,3.467,3.567,3.5,3.667,3.8,3.9,3.5,3.1,2.9,3,1.933,2.2,2.067,2.667,2.967,2.167,2.833,1.3,3.133,2.067,3.1,1.133,2.867,1.833,1.967,1.9,1.167,2.067,1.833,1.167,1.167,2.267,1.967,1.733,1.633,2.3,1.167,1.1,1.767,1.5,2.267,2.667,1.533,3.385,3.882,3.812,4.182,3.88,3.727,4,3,3.857,3.556,3.96,3,3.621,3.6,3.562,3.533,5,3.857,3.8,3,2.5,4.5,3.562,2.688,2.615,3.524,2.75,2.667,2.923,2.875,3.435,3.269,3.125,"LLM추정(저신뢰,미검수)","보간(앵커거리기반,완만혼합)"
J07-065,인쇄·목재·공예 및 기타 설치·정비·생산직,악기 제조원 및 조율사,악기제조원 및 조율사,4.1,4.067,3.833,2.833,3.433,4.067,3.233,3.667,3.867,3.5,4.2,4.767,4.467,4.4,2.7,3.6,2.367,1.733,2.033,2.567,3.567,1.433,2.5,1.1,1.633,1.833,1.833,1.133,2.767,1.433,1.367,1.233,1.133,2.367,1.667,1.167,1.233,3.067,2.367,1.167,1.533,3.433,1.2,1.233,1.467,1.2,1.567,2.333,1.5,2.519,2.5,2.577,2.963,4.033,2.2,3.091,2,2.692,3.385,3.231,2.333,3.375,2.5,2.5,2,2,2.957,2.636,2,2.75,3.44,2.773,2,2.889,3.786,2,2,2.222,2,2.455,3.1,2.778,"LLM추정(저신뢰,미검수)","보간(앵커거리기반,완만혼합)"
J07-066,인쇄·목재·공예 및 기타 설치·정비·생산직,인쇄기계 조작원,인쇄기계조작원,3.067,3.9,3.7,2.367,3.1,2.7,3.1,3.767,3.867,3.167,4,4.267,3.833,2.933,2.567,2.567,1.833,1.767,1.6,2.6,3.133,1.4,2.4,1.333,1.867,2.333,2.667,1,3.067,1.7,1.167,1,1,1.5,1.3,1,1.2,1.6,1.633,1.933,1.567,1.333,1,1.267,1.733,1.167,1.733,2.1,1.367,2.667,2.474,2.571,3.52,3.767,3.6,3.619,3.25,2.417,3.833,3.519,0,3.8,2.667,2,0,0,3.75,3.4,0,3.25,3.364,2.929,2.85,2.133,2.333,0,3.25,3.692,2.6,2.45,3.095,3.333,"LLM추정(저신뢰,미검수)","보간(앵커거리기반,완만혼합)"
J07-067,인쇄·목재·공예 및 기타 설치·정비·생산직,종이제품 생산기계 조작원,종이제품생산기계조작원,3.6,3.6,3.833,3.267,3.9,3.667,3.567,3.633,3.6,3.6,3.533,3.767,3.6,2.8,2.7,3.067,1.233,1.5,1.167,1.033,1.1,1.067,2.733,1.033,1.333,2,1.167,1.033,3.6,1.767,1.167,1.167,1.1,1.067,1,1,1.133,1.2,1.533,1.533,1.2,1,1,1,2.3,1.7,1.5,2.267,1.033,2.5,3.833,2.6,1,2.5,1.5,3.32,2,3.167,3,2.75,4,4,3.25,2.4,3.667,3,3,0,0,1.5,2.5,3.083,2.571,1.833,0,0,0,3.25,3.385,2.769,2.957,3,"LLM추정(저신뢰,미검수)","보간(앵커거리기반,완만혼합)"
J07-068,인쇄·목재·공예 및 기타 설치·정비·생산직,주입·포장·상표부착기 및 기타 기계 조작원,주입·포장·상표부착기계조작원,3,3.1,3.267,2.433,3.5,3.333,3.333,2.967,3.2,3.033,3.7,3.933,3.133,2.4,1.833,2.2,1.3,1.633,1.233,1.133,1.267,1.367,3.167,2.233,1.5,1.4,1.133,1.1,2.633,1.833,1.333,1.433,1.333,1.367,1.367,1.167,1.2,1.267,1.867,1.533,1.433,1.133,1.133,1.133,2.467,1.467,1.167,1.333,1.333,2.571,2.571,2.333,3,2.6,2.25,2.897,3.706,3.1,3.625,3,2.5,2.621,3.05,3.833,3.125,3.125,3.286,2.667,3.5,2.25,3,3.714,3.091,2.8,3.667,3,3,3,3.1,3.5,3,3.375,"LLM추정(저신뢰,미검수)","보간(앵커거리기반,완만혼합)"
J07-069,인쇄·목재·공예 및 기타 설치·정비·생산직,펄프·종이 제조장치 조작원,펄프·종이제조장치조작원,3.133,3.433,3.633,2.433,3.633,3.2,3.133,3.2,3.167,3.167,3.1,3.467,3.033,2.7,2.167,2.433,1.333,1.333,1.333,1.233,1.5,1.267,3.067,1.2,1.4,1.867,1.233,1.067,3.6,1.667,1.767,2.1,1.1,1.6,1.467,1.1,1.2,1.3,1.5,1.267,1.333,1,1.033,1.1,2,1.2,1.333,1.3,1.233,2.714,2.5,2.2,2.5,2.7,3.75,3.517,2.75,3,2.789,2.429,3,3.967,3.267,2.667,3.158,2.333,3.273,2.455,2.333,2,2.571,2.889,3.2,2,0,2,2,2.941,3.25,3.8,2.667,2.167,"LLM추정(저신뢰,미검수)","보간(앵커거리기반,완만혼합)"
J07-070,전기·전자 설치·정비·생산직,가전제품 설치·수리원,가전제품설치·수리원,4,4.1,4.5,3,3.633,4.133,3.533,4.267,4.3,4.067,4.4,4.067,4.233,4.067,3.367,3.9,1.967,2.167,1.567,2.2,4.333,1.8,2.467,1,3.133,2.2,1.467,1.033,4.033,1.667,1.567,1.333,1.033,2.6,2.1,1.333,1.3,2.967,2.467,1.7,1.667,1.167,1.3,1.6,3.1,2,2.733,2.867,2.233,2.889,3.111,3,3.706,4.933,3.167,3.889,0,3.655,3.667,2.625,3,4.571,3.071,3.1,2.857,2,3.263,3.615,2.857,3.75,3.385,3.682,3.071,2.857,2.25,2.6,3,3.107,3,4.045,3.56,3.875,"LLM추정(저신뢰,미검수)","보간(앵커거리기반,완만혼합)"
J07-071,전기·전자 설치·정비·생산직,내선 전기공,내선전기공,3.433,3.667,3.067,2.3,3.567,2.867,2.9,3.033,3.633,3.1,3.067,4.2,3,2.767,2.367,2.833,1.5,1.5,1.4,1.367,1.9,1.367,1.633,1.067,2.033,1.867,1.133,2.1,2.967,1.567,2.467,1.4,1.033,1.3,1.2,1.133,1.133,1.3,1.633,1.233,1.233,1,1,1.033,2.4,1.233,2.033,1.433,1.067,3.75,4.143,3.833,3.6,4.167,3.833,2.357,3,3.062,3.059,1.75,3.625,3.393,2.643,3.842,3.375,3,4,3,2,2.667,3,3.692,2.667,2.667,0,0,3,3.833,3.4,3.562,4,2.5,"LLM추정(저신뢰,미검수)","보간(앵커거리기반,완만혼합)"
J07-072,전기·전자 설치·정비·생산직,발전·배전 장치 조작원,발전·배전장치조작원,3.533,3.533,3.7,3.2,3.8,3.667,3.6,3.533,3.533,3.5,3.767,4.1,3.767,3.333,3.033,3.3,1.9,2.467,1.3,1.133,1.767,1.633,1.867,1.1,2.8,3.567,1.2,1.467,3.967,2.467,2.933,2.533,1.6,1.233,1.533,1.433,1.467,1.333,2.8,2.067,2.133,1.1,1.233,1.3,3.567,1.933,2.067,2.5,1.233,3.211,3.414,2.625,2.25,2.941,3.385,3.133,2.5,3.667,4.286,3.75,3.5,4.567,3.727,4.143,4.211,3.667,3.6,3.4,3.429,2.9,3,4.04,3.208,3.389,2.667,2.833,3.2,3.933,3.286,3.364,3.308,3.25,"LLM추정(저신뢰,미검수)","보간(앵커거리기반,완만혼합)"
J07-073,전기·전자 설치·정비·생산직,사무용 전자기기 설치·수리원,사무용 전자기기설치·수리원,4.1,4.133,4.3,3.7,4,4.1,4.033,4.3,4.233,3.967,4.267,4.5,4.033,4.033,3.5,3.867,2.4,2.9,2.267,3.4,4.4,2.2,2.3,1.667,3.867,2.833,2,1.5,3.8,2.733,1.867,1.7,1.433,2.7,1.933,1.633,1.6,2.833,3.067,2.7,2.167,1.7,1.233,1.3,3.3,2.567,3.667,3.167,2,3.13,3.1,3.368,4.296,4.767,3.278,4.2,4,4.5,3.826,4,3.667,4.241,3.214,3.583,3.3,4.5,3.75,3.308,3.5,3.143,4,3.889,3.348,3.375,4.333,4.333,3,3.536,3.208,4.3,3.962,3.214,"LLM추정(저신뢰,미검수)","보간(앵커거리기반,완만혼합)"
J07-074,전기·전자 설치·정비·생산직,산업 전기공,산업전기공,3.567,3.5,3.733,3.333,3.933,3.5,3.6,3.6,3.667,3.5,3.8,4.033,3.733,3.2,3.067,3.5,1.8,2.333,1.467,1.167,2,1.5,1.733,1,2.9,3.467,1.467,1.333,3.633,2.633,3.033,1.767,1,1.267,1.267,1.4,1,1.267,1.867,1.567,1.7,1,1.067,1,3.633,2.133,2.433,2.3,3.133,3,3.192,3,2,3.062,2.417,3,0,3.828,4.567,3.333,3,4.5,4.222,4.259,2.778,0,2.833,2.857,2.714,0,2.857,3.353,2.9,3,0,2,0,4.379,3.25,4.091,3.565,3.643,"LLM추정(저신뢰,미검수)","보간(앵커거리기반,완만혼합)"
J07-075,전기·전자 설치·정비·생산직,외선 전기공,외선전기공,3.8,3.667,3.6,3.3,3.633,3.4,3.467,3.533,3.567,3.367,3.767,4.267,3.067,3.233,2.7,2.8,1.267,1.3,1.2,1.267,2.5,1.2,1.167,1,2.1,2.267,1.1,1.467,3.367,1.567,1.433,1.1,1.033,1.467,1.2,1.067,1,1.4,1.467,1.233,1.433,1,1,1,2.733,1.7,2.333,1.6,1.167,3,2.875,2.333,3.143,3.739,2.8,3,0,3.421,3.64,2.333,3.111,3.9,3.769,3.75,3,2,3.2,3.5,4,0,3.222,3,2.857,2.538,0,0,0,4.143,3.125,3.48,2.909,4,"LLM추정(저신뢰,미검수)","보간(앵커거리기반,완만혼합)"
J07-076,전기·전자 설치·정비·생산직,전기 부품·제품 생산기계 조작원,전기부품·제품생산기계조작원,3.4,3.5,3.733,2.733,3.5,3.467,3.1,3.5,3.4,3.533,3.333,3.967,3.433,3.367,2.967,3.267,1.533,1.467,1.267,1.333,1.533,1.433,2.867,1.133,2.467,2.433,1.1,1,3.467,1.533,1.233,1.267,1.133,1.233,1.233,1.067,1.033,1.333,1.667,1.333,1.367,1.033,1.033,1,1.733,1.4,1.6,1.567,1.433,2.375,2.875,3.5,4,3.429,3.167,3.957,4,4.389,4.353,3,0,4.25,3.778,4,3.75,2.5,3.5,2.333,2.5,2,3.4,4,2.625,3,2,2,0,3.455,3.714,3.727,3.5,3.5,"LLM추정(저신뢰,미검수)","보간(앵커거리기반,완만혼합)"
J07-077,전기·전자 설치·정비·생산직,전기·전자 부품·제품 조립원,전기·전자부품·제품조립원,3.467,3.733,3.967,3.3,4,3.667,3.367,3.7,3.8,3.6,3.5,4.267,3.567,3.2,3.2,3.633,1.533,1.533,1.5,1.5,2,1.367,4,1.2,3.133,2.833,1.8,1.633,3.567,1.7,1.767,1.233,1.1,1.433,1.4,1.2,1.167,1.6,2.133,1.267,1.7,1.1,1.1,1.133,2.733,1.467,2.367,2.067,1.133,3,3.3,4,2.545,2.944,3.286,4.267,3,4.069,3.962,4,2.727,4.333,3.133,4,3.4,3.5,3.111,3.167,3,3.333,2.769,3.238,3.75,2.929,3.5,3.5,4.5,3.444,2.636,3.296,3.824,3.5,"LLM추정(저신뢰,미검수)","보간(앵커거리기반,완만혼합)"
J07-078,전기·전자 설치·정비·생산직,전기·전자 설비 조작원,전기·전자설비조작원,3.167,3.333,3.3,2.5,3.033,2.9,3.1,3.533,3.267,3.033,3.667,4.267,3.433,2.933,2,2.6,1.3,1.467,1.267,1.167,2.133,1.6,1.3,1.1,2,2.2,1.533,2.7,3.2,1.667,1.933,1.267,1.133,1.367,1.167,1.2,1.267,1.367,1.733,1.333,1.367,1.1,1.133,1.1,3.233,2.1,2.4,1.8,1.2,2.667,2.571,2.667,3.5,2.722,3.8,3.4,2.333,3.688,4,3.667,3.385,3.5,3.75,3.733,3,3,4,3,3.25,2.5,3.833,3.636,3.25,2.5,3.5,3.333,4,4.385,3.632,3.957,4.091,2.75,"LLM추정(저신뢰,미검수)","보간(앵커거리기반,완만혼합)"
J07-079,전기·전자 설치·정비·생산직,전자 부품·제품 생산기계 조작원,전자부품·제품생산기계조작원,3.533,3.367,3.533,2.867,3.433,3.033,3.133,3.567,3.3,3.167,3.267,3.9,3.1,3.367,2.933,3.033,1.3,1.4,1.167,1.233,1.533,1.167,2.433,1.033,2.967,2.367,1.1,1.033,3.333,1.3,1.4,1.167,1,1.367,1,1,1,1.033,1.533,1.067,1.333,1.033,1,1,1.933,1.267,1.833,1.433,1.2,2.8,2.9,3,3.667,3.833,3.333,3.231,4,4.12,4.05,3,1,3.8,3.667,3.571,2.6,0,3,0,0,0,2,3.273,2.5,2.333,2,0,0,3.769,3.125,4,3.4,3,"LLM추정(저신뢰,미검수)","보간(앵커거리기반,완만혼합)"
J07-080,정보통신 설치·정비직,방송·통신·인터넷 케이블 설치·수리원,방송·통신·인터넷케이블 설치·수리원,3.6,3.8,3.8,2.367,3.233,3.3,3.267,3.567,3.7,3.333,4.067,4.2,3.533,3.267,2.767,2.867,1.467,1.667,1.333,2.4,3.6,1.3,1.433,1.167,3.533,2.533,1.367,1.2,3.4,1.833,1.733,1.3,1.167,1.833,1.633,1.7,1.233,2.067,2.367,1.767,1.767,1.133,1.267,1.367,3.033,1.767,4.167,2.767,1.133,4.2,2.6,2.5,3.32,3.833,1.333,2.2,2,4,3.565,2,2,3.931,2.632,2.688,2,2,2.75,3.125,2.917,1,3.056,2.96,2.188,2.118,1,4,2.429,3.607,2.909,5,3.696,3,"LLM추정(저신뢰,미검수)","보간(앵커거리기반,완만혼합)"
J07-081,정보통신 설치·정비직,방송장비 설치·수리원,방송장비설치·수리원,3.367,3.2,3.633,2.467,3.067,2.933,3.1,3.467,3.633,3.133,3.333,3.6,3.267,3.133,2.367,2.833,1.2,1.433,1.167,1.867,3.467,1.233,1.067,1,2.633,1.667,1.033,1.067,3.233,1.333,1.1,1.033,1.067,1.333,1.067,1.1,1.067,1.267,1.367,1.167,1.467,1.1,1.033,1.033,2.067,1.367,3.8,2,1.167,3.667,2.889,3.667,3.125,4.167,2.4,2.5,0,3.63,3.8,4,2.5,3.667,3,2.333,1,2,3.167,2,4,3,3,3.667,2.4,2.417,2.333,5,2,3.714,3,4.4,3.316,4,"LLM추정(저신뢰,미검수)","보간(앵커거리기반,완만혼합)"
J07-082,정보통신 설치·정비직,이동전화기 수리원,이동전화기수리원,3.9,3.867,4.3,3.1,3.833,4.3,3.867,4.033,4.233,3.633,4.367,4.733,4.3,3.367,2.867,3.633,1.8,2.067,1.5,2.633,4.733,1.533,2.4,1.3,3.733,2.833,1.8,1.2,3.867,1.767,1.6,1.7,1.133,2.933,1.967,1.133,1.067,3.133,2.4,1.933,1.9,1.167,1.2,1.467,2.467,1.6,4.033,2.767,1.4,2.824,2.818,3.091,3.52,5.167,3.5,3.688,4.2,4.207,3.64,3.333,3,4.103,2.812,2.786,3.077,2,3.731,3.438,2.5,2,4.261,3.762,3.316,2.947,3.333,2,2.889,3.524,3.4,4.9,4.273,3,"LLM추정(저신뢰,미검수)","보간(앵커거리기반,완만혼합)"
J07-083,정보통신 설치·정비직,컴퓨터 설치·수리원,컴퓨터설치·수리원,3.467,3.8,3.867,2.7,3.667,3.867,3.367,3.533,3.9,3.367,4.167,4.067,4,3.233,3.3,3.733,1.833,2.367,1.767,2.533,3.933,1.767,2.2,1.2,4.067,3.133,1.767,1.1,3.233,2.167,1.9,1.733,1.1,2.5,2,1.3,1.4,2.167,2.333,1.667,2.233,1.333,1.1,1.533,2.633,2.033,3.267,2.867,1.567,3.286,3.5,3.846,3.545,4.467,4,3.471,3,4.733,4.296,3.417,3.5,3.862,3.545,3.333,3.077,3,3.556,3.692,3.333,2.5,3.933,3.833,3,3.042,3,3.333,3.25,3.524,2.947,4.5,3.741,3.222,"LLM추정(저신뢰,미검수)","보간(앵커거리기반,완만혼합)"
J07-084,정보통신 설치·정비직,통신장비 설치·수리원,통신장비설치·수리원,3.767,3.733,3.9,2.9,3.533,3.233,3.6,3.533,3.633,3.267,3.633,3.967,3.6,3.167,2.933,3.167,1.333,1.633,1.2,1.867,3.067,1.433,1.333,1,3.233,2.667,1.033,1.267,3.167,1.667,1.633,1.333,1,1.5,1.533,1.567,1,1.733,2,1.067,1.433,1,1.033,1.433,3.367,1.733,3.867,2.267,1.1,2.429,2.727,2.75,2.857,3.56,3.125,2.833,0,3.714,3.875,2,3.167,3.724,3.438,2.615,3,0,3.375,3.833,3.75,0,2.857,2.8,2.5,2.333,0,2,3.6,4.071,3.667,4.667,3.6,3,"LLM추정(저신뢰,미검수)","보간(앵커거리기반,완만혼합)"
J07-085,화학·환경 설치·정비·생산직,고무·플라스틱 제품 조립원,고무·플라스틱 제품 조립원,2.467,3,2.767,2.167,2.8,2.767,2.5,2.9,2.833,2.767,2.633,2.933,2.633,2.1,1.867,2.2,1.033,1,1,1,1.167,1,3.4,1,1,1.233,1.033,1,3,1.033,1.367,1.867,1,1.033,1,1,1,1,1.1,1,1,1,1,1,1.267,1,1.2,1.4,1.033,3,0,0,0,2.5,0,4.033,0,0,2.4,2,0,3.321,2,3.25,4.1,0,2,0,0,0,0,2.5,0,0,0,0,0,3.5,0,2,2.2,2,"LLM추정(저신뢰,미검수)","보간(앵커거리기반,완만혼합)"
J07-086,화학·환경 설치·정비·생산직,상·하수도 처리장치 조작원,상·하수도처리장치조작원,2.833,3.367,3.5,2.667,3.6,2.8,3.033,3.333,3.433,2.867,3.2,3.633,3.267,2.433,2.333,2.867,2.1,2.3,1.867,1.533,2.233,1.8,1.533,1.4,2.2,1.767,1.3,1.433,3.333,1.767,2.033,2.033,1.7,1.8,1.5,1.6,1.433,1.567,2.1,1.967,1.6,1.2,1.233,1.367,2.567,2.267,2.233,1.733,1.6,3.938,4.25,3.5,3.778,4.188,3.182,3.556,4.2,4.176,4.091,4.5,4,3.889,4.308,4.071,4.077,3.889,4.3,3.625,3.667,3.25,3.5,4.133,4.167,3.273,4,3,4,4.294,4,4.667,4.1,3.2,"LLM추정(저신뢰,미검수)","보간(앵커거리기반,완만혼합)"
J07-087,화학·환경 설치·정비·생산직,석유·천연가스 제조 제어장치 조작원,석유·천연가스제조제어장치조작원,3.4,3.433,3.367,2.567,2.933,2.933,3.333,3.633,3.767,2.933,3.133,3.667,2.867,2.767,2.367,3.2,1.433,1.733,1.2,1.1,1.3,1.333,2.967,1,2.267,2.5,1.333,1.233,3.5,2.167,2.367,3.3,1.167,1.367,1.067,1.067,1.167,1.233,1.733,1.433,2.267,1.033,1,1,3.733,2.233,2.067,2.2,1.167,3.077,3.471,3.2,4,3.2,3.5,4.25,0,3.792,4.333,3.556,4.25,4.467,3.9,4.042,4.818,2.667,3.429,2,2.5,2.667,3,3.538,3.375,3.455,2,0,0,4.467,3.52,3.636,3.44,3,"LLM추정(저신뢰,미검수)","보간(앵커거리기반,완만혼합)"
J07-088,화학·환경 설치·정비·생산직,재활용 처리장치·소각로 조작원,재활용 처리장치·소각로조작원,2.567,2.467,3.133,2.367,3.167,2.9,2.933,3.1,2.9,2.767,3.133,3.533,2.767,2.333,1.9,2.4,1.467,1.7,1.267,1.233,1.433,1.567,1.467,1.067,2.867,2.267,1.1,1.2,3.633,2.167,2.9,2.533,1.4,1.667,1.367,1.267,1.4,1.433,2,1.533,1.5,1.033,1.033,1.067,2.5,2.4,2,1.7,1.933,2.429,2.769,2.714,2.714,3.25,3.4,3,3,4.227,4.211,2.667,3,4.067,4,4.217,3.875,2.571,3.875,2.75,2.5,2.556,3.571,3.533,3.455,3.3,3,2,3.5,3.875,3.647,4.4,3.727,3.071,"LLM추정(저신뢰,미검수)","보간(앵커거리기반,완만혼합)"
J07-089,화학·환경 설치·정비·생산직,타이어·고무제품 생산기계 조작원,타이어·고무제품생산기계조작원,3.233,3.167,3.4,3,3.4,3.4,3.433,3.233,3.467,3.367,3.333,3.567,3.1,2.567,2.4,2.567,1.767,1.967,1.667,1.267,1.767,1.567,3.267,1.1,1.9,2.067,1.2,1.167,3.367,1.7,1.367,2.233,1.033,1.833,1.5,1.167,1.4,2.067,2.167,1.633,1.333,1,1.267,1.367,2.8,1.967,1.667,1.833,1.633,3.727,3.714,3.5,3.4,3.231,3.083,3.536,5,3.533,3.5,2.833,2.25,3.567,2.929,2.778,3.238,2,3.333,2.7,2.4,2.333,3.857,3.368,3.182,3,0,2.5,2.833,3.591,3.5,3.538,3.571,2.833,"LLM추정(저신뢰,미검수)","보간(앵커거리기반,완만혼합)"
J07-090,화학·환경 설치·정비·생산직,플라스틱제품 생산기계 조작원,플라스틱제품생산기계조작원,2.4,3,2.767,2,2.9,2.7,2.267,2.8,3.233,2.7,2.933,3.567,2.567,2.2,1.7,1.9,1.1,1.2,1,1,1.033,1.033,3,1,1.467,1.467,1.067,1,3.133,1.333,1.067,1.733,1.033,1.2,1,1,1.033,1.067,1.5,1.1,1.233,1,1,1,2.3,1,1.3,1.133,1.1,3,2.2,0,0,3,2,2.731,0,2.375,2.3,1,0,2.643,2.778,2,3.3,1,4,0,0,1,3,3,3.5,2.2,0,0,0,2.947,0,2.75,3.667,3,"LLM추정(저신뢰,미검수)","보간(앵커거리기반,완만혼합)"
J07-091,화학·환경 설치·정비·생산직,화학물 가공장치 조작원,화학물가공장치조작원,2.867,3.667,3.7,2.633,2.833,3.167,3,3.267,3.533,2.5,3.333,3.1,2.433,2.6,1.8,2.167,1.133,1.067,1.333,1,1,1.3,2.833,1,1.367,1.833,1,1,3.1,1.7,2,2.5,1,1.067,1,1,1,1,1.333,1.367,1.333,1,1,1,2.033,1.367,1.033,1.333,1,2.75,2.5,2,0,0,2,3.538,0,2,3.2,0,0,3.8,2.722,3.158,3.909,0,3,0,0,0,0,2.889,2.455,2,0,0,0,3.105,2.091,3,2.6,0,"LLM추정(저신뢰,미검수)","보간(앵커거리기반,완만혼합)"
J07-092,화학·환경 설치·정비·생산직,화학제품 생산기계 조작원(고무·플라스틱 제외),화학제품생산기계조작원(고무·플라스틱 제외),3.067,3.267,3.3,2.5,3.333,3.233,3.1,3.1,3.267,3.033,3.3,3.633,3.2,2.9,2.233,3.033,1.233,1.433,1.1,1.1,1.233,1.167,3.133,1.033,1.433,1.7,1.067,1.033,3.1,1.4,2.067,3.067,1.033,1.1,1,1.033,1.133,1.167,1.833,1.067,1.333,1,1,1,2.933,1.233,1.433,1.533,1.267,3,2.5,2,3.5,2.6,2.667,3.433,3,3.444,3.286,4.5,4,3.5,3.1,3.938,3.926,3,3,0,3,1.333,2.6,2.875,3,2.5,0,0,0,3.214,3,2.917,2.833,3.25,"LLM추정(저신뢰,미검수)","보간(앵커거리기반,완만혼합)"
J08-001,건설·채굴 연구개발직 및 공학기술직,건설자재 시험원,건설자재시험원,3.633,3.633,3.8,3.433,3.667,3.467,3.833,3.467,3.667,3.533,3.9,4.067,4.033,3.4,3,3.533,2.267,2.667,2.033,2.333,2.933,2.367,2.033,1.367,2.6,3.033,1.867,3.1,2.267,2.633,2.6,2.6,1.433,1.5,1.633,1.633,1.433,1.767,2.467,2.367,2.233,1.3,1.5,1.333,3.033,2.667,1.667,2.367,1.667,3,3.464,2.864,3.421,3.75,3.13,3.25,3,4.077,4.577,3.643,4.346,3.722,4.185,3.692,3.72,3.333,4,3.6,3.273,2.857,3.417,4.048,3.522,3.364,3.333,3.75,3.5,4.115,3.692,3.917,3.75,3,"LLM추정(저신뢰,미검수)","보간(앵커거리기반,완만혼합)"
J08-002,건설·채굴 연구개발직 및 공학기술직,건축가,건축가(건축설계사),4.467,4.1,4.467,3.467,3.967,3.4,3.467,3.4,3.733,3.9,4.2,4.567,3.5,3.8,3.7,3.7,2.433,2.933,2.067,2.3,2.767,1.633,1.367,1,3,3.5,3.833,4.167,2.3,2.567,1.8,1.733,1,1.833,1.6,2,1.033,1.6,1.867,1.733,1.9,1.967,1.8,1.5,3.033,2.7,1.967,2.2,1.5,3.318,3.444,3.412,3.318,3.667,2.562,3.429,0,3.889,4.724,4.867,5.379,3.5,3.64,3.294,3.818,0,3.538,3.6,4.143,2,3.083,3.333,2.933,3.133,4.308,4.545,3.714,4.125,3.8,3.111,3.647,2.857,"LLM추정(저신뢰,미검수)","보간(앵커거리기반,완만혼합)"
J08-003,건설·채굴 연구개발직 및 공학기술직,건축공학 기술자,건축구조기술자,3.733,3.533,3.9,3.233,3.733,3.133,3.333,3.467,3.5,3.633,4,3.967,3.7,2.867,2.967,3.867,2.333,2.867,2.333,2.6,3.067,2.533,2.267,1.633,2.733,3.733,2.667,3.9,2.3,3.8,3.233,2.167,1.667,1.867,1.867,2.333,1.567,1.8,2.667,2.567,2.367,1.6,1.567,1.5,3.233,3.567,1.967,2.3,1.8,3.667,3.929,3.417,3.826,3.96,3.478,3.5,3.455,4,5,4.542,5.679,3.579,5.379,4.5,3.55,3.455,3.692,3.692,3.9,3.857,3.667,4.364,4,4,3.7,4.125,4.167,5.348,4.414,4.133,4.263,3.538,"LLM추정(저신뢰,미검수)","보간(앵커거리기반,완만혼합)"
J08-004,건설·채굴 연구개발직 및 공학기술직,건축공학 기술자,건축설비기술자,3.767,3.7,3.967,3.333,3.8,3.433,3.633,3.767,3.633,3.7,3.9,4.067,3.733,3.467,3.067,3.533,2.167,2.567,1.767,2.233,2.9,1.933,1.5,1.267,2.733,3.433,2.433,3.833,2.933,3.1,2.733,1.633,1.5,2.033,1.633,1.5,1.567,1.867,2.133,1.933,2.033,1.233,1.2,1.267,3.633,3.067,2.367,2.833,1.7,3.632,3.75,3.357,3.5,3.786,3.412,3.222,3.4,3.962,4.741,3.792,4.9,4,4.37,4.522,3.636,2.818,3.35,2.929,3.167,2.714,3.5,3.9,3.353,3.55,2.833,3.4,3.333,4.6,4.185,3.92,3.821,3,"LLM추정(저신뢰,미검수)","보간(앵커거리기반,완만혼합)"
J08-005,건설·채굴 연구개발직 및 공학기술직,건축공학 기술자,건축감리기술자,3.433,3.367,3.567,3.167,3.767,3.4,3.467,3.433,3.4,3.433,3.533,3.933,3.767,3.4,2.9,3.567,1.9,2.5,1.733,2.167,2.433,1.867,1.5,1.3,2.133,2.767,2.9,4,1.967,2.467,1.8,1.533,1.3,1.833,1.9,2.1,1.3,1.733,2.367,1.933,1.967,1.633,1.5,1.367,3.667,2.833,2.233,2.633,1.533,3.375,3.464,3.133,3.889,3.5,3.333,3,3.333,3.9,4.818,4.5,5.4,3.35,3.875,3.667,3.1,3.333,3.615,3.857,3.5,2.857,4.167,3.682,3.75,3.368,3.545,3.333,3.5,4.714,4.115,4,4.13,3.111,"LLM추정(저신뢰,미검수)","보간(앵커거리기반,완만혼합)"
J08-006,건설·채굴 연구개발직 및 공학기술직,건축공학 기술자,건축안전·환경기술자 및 건축품질기술자,3.767,3.733,3.867,3.533,3.867,3.633,3.6,3.8,3.633,3.733,3.767,3.867,3.833,3.4,3.067,3.5,1.933,3.033,1.933,1.9,2.7,1.7,1.233,1.1,2.367,2.967,1.433,3.133,2.633,1.833,1.567,1.3,1.2,2,1.8,1.267,1.533,1.7,2.167,1.933,1.833,1.067,1.2,1.133,3.433,2.933,1.767,2.533,1.433,3.211,3.5,3.167,3.176,3.68,3.231,3.5,3,3.417,4.037,3.111,4.103,3.52,3.357,3.273,3.667,3,3.647,3.462,3.6,3.444,3.538,3.6,3.2,3.375,4,3,4,4.552,3.857,3.667,3.64,3.25,"LLM추정(저신뢰,미검수)","보간(앵커거리기반,완만혼합)"
J08-007,건설·채굴 연구개발직 및 공학기술직,건축공학 기술자,건축시공기술자 및 견적원,3.233,3.067,3.367,3.567,3.533,3.2,3.3,3.1,3.533,3.133,3.3,4.133,2.933,2.733,2.533,3,1.967,2.767,1.967,1.733,1.9,1.733,1.867,1.233,2.467,2.733,2.333,3.567,2,2.533,1.967,1.433,1.267,1.533,1.267,1.4,1.2,1.333,1.833,1.7,1.467,1.2,1.233,1.267,2.433,2.2,1.933,2.033,1.367,3.471,3.267,3.118,3.214,3.176,3.2,3,3.75,3.2,3.926,3.952,4.704,3,3.107,3.25,3.333,3,2.692,3.5,2.889,3.25,3.667,3.667,3.167,2.5,4,3.25,2.8,3.895,3.318,3.65,2.958,3.125,"LLM추정(저신뢰,미검수)","보간(앵커거리기반,완만혼합)"
J08-008,건설·채굴 연구개발직 및 공학기술직,도시·교통 전문가,도시계획·설계가,3.7,3.767,4.1,3.7,4.3,3.8,3.8,3.933,4.133,3.9,4.433,4.267,4.067,3.367,3.233,4.2,2.233,3.5,2.2,1.633,2.6,1.9,1.467,1.167,2.7,2.633,2.733,3.033,1.367,2.533,1.967,1.367,1.4,2.5,2.3,3.3,1.267,2.333,2.233,3.133,2.067,1.533,2.4,1.433,3.433,4.2,2.433,3.067,1.5,3.632,3.724,3.05,3.385,3.762,3,2.6,3,4.167,3.958,3.667,3.483,2.857,3.958,3.667,3.333,2.714,3.762,3.316,3.857,2.167,3.944,3.944,4.167,3.158,3.375,4.182,3,4.185,4.552,4.652,4.25,2.4,"LLM추정(저신뢰,미검수)","보간(앵커거리기반,완만혼합)"
J08-009,건설·채굴 연구개발직 및 공학기술직,도시·교통 전문가,교통계획·설계가,3.667,3.633,3.967,3.2,3.9,3.5,3.5,3.733,3.9,3.6,4.033,4,3.3,3.3,3.133,4,1.933,3.4,1.833,1.667,2.667,1.9,1.233,1.1,2.367,2.233,1.933,2.4,1.733,2.8,1.667,1.267,1.133,2.233,1.867,2.8,1.2,1.8,2.633,2.767,2.133,1.133,1.333,1.2,2.733,3.467,2.267,2.967,2.5,3.667,4.241,3.353,3.071,3.909,4,3.5,4,3.917,4.5,4.2,3.895,3.143,4.32,3.5,2.857,3,3.909,3.5,4,2.333,3.692,4.4,4.08,3.476,2.5,3.333,2.8,4,4.345,4.136,4.111,3.333,"LLM추정(저신뢰,미검수)","보간(앵커거리기반,완만혼합)"
J08-010,건설·채굴 연구개발직 및 공학기술직,도시·교통 전문가,교통영향평가원,3.5,3.333,3.7,3.233,3.967,3.333,3.533,3.733,3.733,3.767,4.233,4.2,3.567,3.1,2.867,4.267,2.3,3.5,2.133,1.8,2.167,1.767,1.367,1.167,2.567,2.733,2.1,2.3,1.6,3.6,2.033,1.3,1.2,2.133,1.733,2.633,1.167,1.533,2.267,2.9,2.433,1.167,1.4,1.2,2.4,3.5,2.133,2.733,2.867,3.917,4.3,3.333,3,3.524,3.235,3,2.667,4.458,4.227,3.65,4.167,3.182,5.2,3.667,3.143,3.2,4.2,3.417,4.348,3.667,3.1,4.105,4.5,4.375,3.333,3.556,3.2,4.263,4.276,4.5,4.115,3.783,"LLM추정(저신뢰,미검수)","보간(앵커거리기반,완만혼합)"
J08-011,건설·채굴 연구개발직 및 공학기술직,조경 기술자,조경기술자,3.333,3.267,3.567,2.7,3.5,3.033,3.233,3.133,3.667,3.167,3.067,3.967,2.833,2.433,2.533,2.933,2,2.167,1.867,1.7,2.333,1.967,1.467,1.267,2.167,1.833,3.1,2.367,2.033,1.833,1.733,1.3,2.433,2,2.167,2.167,1.2,1.6,1.7,1.933,1.567,2.067,1.6,1.5,1.933,2.267,1.467,2.2,1.533,3.176,3.158,2.706,2.8,3.263,3,2.556,2.8,4.4,4.083,5.526,4.429,2.579,3.562,3.067,4,3.444,4.143,3.733,3.875,3.333,2.8,4.583,4.071,3.417,3.929,3.5,3.444,3.267,3.778,4.143,3.588,2.636,"LLM추정(저신뢰,미검수)","보간(앵커거리기반,완만혼합)"
J08-012,건설·채굴 연구개발직 및 공학기술직,측량·지리정보 전문가,지적 및 측량기술자,3.6,3.4,3.9,3.7,3.9,3.733,3.6,3.567,3.567,3.733,4,3.933,3.767,3.4,3.267,3.6,2.533,3.3,1.933,2.867,3.7,2.6,1.8,1.433,3.4,3,2.7,2.367,2.967,3.6,1.833,1.433,1.4,1.667,1.8,3.7,1.4,1.733,2.867,2.3,2.033,1.3,1.467,1.267,3.233,3.367,3.233,3.033,1.767,3.72,3.8,3.368,3.8,4.286,3.917,3.75,3.429,4.133,4.111,4.043,3.591,3.621,4.333,3.385,3.25,3.429,3.692,3.643,4.857,2.857,3.833,4.037,3.739,3.316,3.6,3.333,3.4,4.037,4.25,4.286,4,3,"LLM추정(저신뢰,미검수)","보간(앵커거리기반,완만혼합)"
J08-013,건설·채굴 연구개발직 및 공학기술직,측량·지리정보 전문가,지리정보시스템전문가,3.5,3.5,3.667,3.267,3.967,3.367,3.633,3.367,3.533,3.567,4.033,4.333,3.667,3.2,3.067,3.667,2.267,3.033,2.067,2.433,2.433,2.2,1.967,1.167,3.067,2.567,2.433,1.767,1.9,2.167,1.5,1.133,1.133,1.5,1.5,3.667,1.1,1.6,2.8,1.9,1.767,1.1,1.333,1.233,2.667,2.633,2.733,2.633,1.633,3.722,3.852,3.25,4,4.053,4,3.467,3,4.577,4.364,4.091,3.25,2.941,4.211,3.125,3,3,3.222,2.889,5.462,3,3.636,4.385,3.438,3.571,3,3.333,3.5,4,3.739,4.75,4.261,3.2,"LLM추정(저신뢰,미검수)","보간(앵커거리기반,완만혼합)"
J08-014,건설·채굴 연구개발직 및 공학기술직,토목공학 기술자,토목구조설계기술자,3.767,4.1,3.933,3.367,3.9,3.567,3.6,3.867,4.2,4,4.233,4.367,3.533,3.4,2.2,3.1,2.3,2.733,2.167,2.333,2.467,2.067,1.4,1.167,2.467,3.967,3.167,3,2.367,3.467,3.167,1.5,1.2,1.333,1.267,1.867,1.2,1.933,2.467,2.3,2.2,1.233,1.367,1.2,2.833,2.633,2.033,2.3,1.733,3.857,3.357,3.81,3.417,4.042,3.286,3.857,3.5,4.136,5.655,4.929,4.444,3.304,4.267,4.067,3.4,2.8,3.333,3.6,3.769,2.8,3.8,3.955,3.95,3.417,3,3.429,3.2,3.76,3.654,3.941,3.714,2.789,"LLM추정(저신뢰,미검수)","보간(앵커거리기반,완만혼합)"
J08-015,건설·채굴 연구개발직 및 공학기술직,토목공학 기술자,토목감리기술자,3.533,3.433,3.767,3.367,3.767,3.6,3.3,3.633,3.433,3.5,4.133,3.767,3.8,3.433,3.2,3.567,2.233,3.067,2.2,2.267,2.933,2.267,1.933,1.533,2.6,3.067,2.267,3.5,2.567,2.733,2.3,1.9,1.733,1.867,2,2,1.6,2.2,2.567,2.367,1.733,1.7,1.8,1.6,3.3,2.8,2.433,2.7,2.233,3.45,4.103,3.368,3.75,4,3.6,3.467,3.857,3.926,4.63,4,5,3.423,4.682,4.4,3.867,3.077,3.714,3.368,3.938,3.3,4.222,4.333,3.81,3.5,3.7,3.714,3.6,4.483,3.923,4.16,3.88,3.136,"LLM추정(저신뢰,미검수)","보간(앵커거리기반,완만혼합)"
J08-016,건설·채굴 연구개발직 및 공학기술직,토목공학 기술자,토목안전·환경기술자 및 토목품질기술자,3.433,3.667,4.2,3.6,3.867,3.333,3.467,3.667,3.333,3.633,3.833,3.8,3.633,3.333,3.1,3.833,2.267,2.767,2.133,2.133,2.467,1.833,1.267,1.2,2.467,3.367,1.567,3.233,2.667,3,2.8,1.867,1.3,1.6,2,2.267,1.433,2.133,2.433,2.2,1.767,1.133,1.267,1.133,3.7,3,1.867,2.367,1.867,3.737,3.643,3.526,4,4.091,3.562,3.2,4,3.63,5.034,3.636,4.815,3.607,4.696,5.048,3.438,3.2,3.667,3.938,4.158,2.889,3.941,3.952,3.522,2.812,4,3.4,4,5.286,4.034,3.476,3.458,2.526,"LLM추정(저신뢰,미검수)","보간(앵커거리기반,완만혼합)"
J08-017,건설·채굴 연구개발직 및 공학기술직,토목공학 기술자,토목시공기술자 및 견적원,3.567,4,3.867,3.7,3.867,3.7,3.767,3.7,3.967,3.6,3.767,3.867,3.733,2.867,3.1,3.567,2.8,3.333,2.567,2.333,2.833,2.567,1.9,1.267,2.733,3.633,2.767,3.667,2.467,2.933,3.033,2.1,1.533,2.067,1.8,2.5,1.467,2.267,2.833,2.733,2.267,1.333,1.567,1.267,3.633,2.967,2.2,2.733,2.1,3.643,3.967,3.48,3.364,3.828,3.333,3.25,2.8,4,4.733,4.64,4.367,3.522,4.111,4.296,3.429,3,3.143,2.647,3.875,2.6,3.304,4.04,3.552,3.318,2.889,3.25,3.2,4.433,3.714,3.76,3.923,3.053,"LLM추정(저신뢰,미검수)","보간(앵커거리기반,완만혼합)"
J08-018,인문·사회과학 연구직,사회과학 연구원,정치학연구원,3.867,3.9,4,3.767,3.7,3.867,3.7,3.833,3.733,3.7,4.167,4,4.067,3.367,3,3.633,2.467,2.6,2,1.433,2.1,1.7,1.267,1.133,1.867,1.367,1.333,1.333,1.3,1.567,1.333,1.4,1.467,2.633,2.9,2.167,1.267,2.267,2.633,3.133,3.4,1.367,3.1,2.6,2.433,2.933,1.833,3,1.333,3.231,3.172,2.727,2.444,3.368,3.083,2.429,2.25,3.588,3.714,3.286,2.5,2.143,4.364,3.5,4.167,3.1,4.13,3.759,3.941,2.5,3.333,4,4.533,4.655,3.5,3.793,3.769,3.55,4.154,4.077,3.966,3,"LLM추정(저신뢰,미검수)","보간(앵커거리기반,완만혼합)"
J08-019,인문·사회과학 연구직,사회과학 연구원,경제학연구원,4.033,3.833,4.067,2.767,3.233,3.133,2.9,3.767,3.833,3.3,4,4.3,3.9,3.967,3.667,4.333,2.467,2.967,3.1,1.7,2.033,1.833,1.433,1.2,2.233,1.333,1.533,1.2,1.233,3.733,1.3,1.133,1.1,2.367,2.3,1.867,1.233,1.433,2.333,3.467,3.867,1.233,2.033,1.533,1.467,2.567,1.733,2.867,1.267,3.333,3.966,3.821,3.143,3,3.467,3.286,2.75,4.3,3.375,3.091,3.4,2.8,5.333,3.5,3.5,4,3.952,3.652,3.75,3.2,3.111,3.783,4.643,5.071,3.2,3.889,4.1,3.444,4.083,4.071,4.304,3,"LLM추정(저신뢰,미검수)","보간(앵커거리기반,완만혼합)"
J08-020,인문·사회과학 연구직,사회과학 연구원,사회학연구원,3.871,3.516,4.065,3.355,3.903,3.581,3.71,3.419,3.774,3.903,4.516,4.226,4.226,4.161,3.903,4.613,2.774,3.29,2.258,1.871,2.581,2,1.161,1,2.355,1.355,1.645,1,1.097,3.29,1.161,1,1.097,3.323,4.065,1.806,1.29,2.806,3.194,3.839,3.774,1.645,2.806,2.742,1.645,2.774,1.968,3.419,1.161,3.889,4.065,3.32,3,3.037,3.348,3,0,3.913,4,2.765,0,2.333,4.793,2.25,0,3,4.536,5.25,3.733,2.2,3.962,4.536,5.1,5,2.846,3.92,4.208,2.929,4.222,4.111,4.655,2,"LLM추정(저신뢰,미검수)",실측
J08-021,인문·사회과학 연구직,인문과학 연구원,철학연구원,3.367,3.4,3.633,2.9,3.033,3.1,3.067,3.367,3.2,3.367,3.533,3.733,3.4,3.2,3.4,3.8,1.333,2.1,1.167,1.133,1.3,1.3,1,1,1.533,1.067,1,1,1.033,1.667,1.4,1.2,1.8,3.3,3.267,1.6,1.3,2.267,2.133,3.033,2.6,1.5,3.267,4.767,1.3,1.4,1.433,1.933,1.1,2.875,3.765,3,3.333,3.143,3.333,0,0,4.222,3,0,0,4,4.909,4,4,3.636,4.69,4.893,4.455,3.4,4.15,4.571,5.095,4.722,3.857,5.115,6.4,3,3.625,4.143,4.118,4,"LLM추정(저신뢰,미검수)","보간(앵커거리기반,완만혼합)"
J08-022,인문·사회과학 연구직,인문과학 연구원,역사학연구원,3.364,3.182,3.545,2.485,3.242,3.061,3.273,3.212,3.273,3.03,3.758,3.848,3.394,3.091,2.485,3.697,1.727,2.909,1.515,1.364,1.576,1.455,1.303,1.212,1.939,1.091,1.333,1.061,1.121,1.303,1.121,1.121,1.273,1.939,3.697,3.091,1.303,1.879,1.909,3.697,2.091,2.242,4.788,2.273,1.545,1.606,2.091,2.636,1.545,3,3.966,3.091,4,3.7,3.2,3,3.25,3.667,2.5,3.125,1.5,1.667,3.125,2,2,2.667,3.733,5.414,4.679,2.143,4.067,3.867,5.061,3.722,3.571,6.394,4.474,2.727,3.5,4.05,4.24,2.3,"LLM추정(저신뢰,미검수)","보간(앵커거리기반,완만혼합)"
J08-023,인문·사회과학 연구직,인문과학 연구원,언어학연구원,3.933,3.3,3.567,3.1,3.167,3.167,3.367,3.467,3.467,3.267,3.433,4.033,3.433,3.2,3.433,3.8,1.8,2.667,1.6,1.467,1.967,1.867,1.433,1.033,2.2,1.467,1.567,1.167,1.233,1.8,1.433,1.167,1.3,2.467,2.433,1.533,1.367,2.133,2.8,4.467,2.9,1.4,2.4,2.1,1.667,1.833,1.833,3.033,1.2,3.571,3.536,3.083,3.4,3.688,4.133,3.857,3,4.444,4.125,3.889,4.333,3.2,4.143,4,3.667,3.667,3.615,4.048,4.3,3.6,4.312,4.375,6.067,5.474,3.667,4.125,3.842,3.9,3.438,4,4,3.667,"LLM추정(저신뢰,미검수)","보간(앵커거리기반,완만혼합)"
J08-024,인문·사회과학 연구직,인문과학 연구원,교육학연구원,3.875,3.562,4.094,3.688,4.25,3.812,3.844,3.812,3.969,3.906,4.156,3.969,3.938,3.531,3.688,4.281,2.812,3.469,2.062,1.844,2.875,2.031,1.25,1.094,2.406,1.281,1.562,1.094,1.219,2.25,1.219,1.094,1.125,3.25,2.812,1.5,1.094,2.969,4.406,3.656,2.719,1.719,1.906,2.031,1.812,2.594,2.219,3.562,1.219,4.115,4.323,3.579,4,4.185,4.118,3,5,4.435,4.25,3.231,6,2.75,4.4,3,3,3.5,4.655,4.522,3.6,3,4.63,5.812,4.968,4.276,3.8,3.875,4.059,3.4,3.913,4.261,4.419,2.6,"LLM추정(저신뢰,미검수)","보간(앵커거리기반,완만혼합)"
J08-025,인문·사회과학 연구직,인문과학 연구원,심리학연구원,3.903,3.935,4.065,3.355,3.871,4.194,3.71,3.903,3.968,4,4.323,3.935,4.29,3.484,2.806,3.935,2.29,2.742,1.935,2.484,3.194,2.387,1.516,1.161,2.29,1.387,1.645,1.129,1.355,2.065,1.258,1.161,1.548,4.645,3.097,1.258,2.226,4.387,3.871,3,2.613,1.71,1.452,2.452,2.161,2.097,1.903,2.935,1.258,3.524,3.704,3.368,3.696,4.172,4.25,3.444,3,3.773,3.714,3.267,2.667,2.857,3.7,2.667,3,2.583,6.226,4,3.2,3.1,6.097,5.355,4,4.227,3.286,3.625,3.826,3.05,3.375,4,4,2.8,"LLM추정(저신뢰,미검수)",실측
J08-026,자연·생명과학 연구직,농림어업 시험원,농림어업시험원,3.633,3.633,3.933,3.367,4,3.8,3.833,3.8,3.7,3.833,3.967,4.133,4,3.467,3.433,3.633,2.2,3.133,1.533,1.567,2.8,1.733,1.6,2.833,2.4,1.533,1.5,1.367,2.333,2.333,1.933,1.967,3.2,1.567,1.6,2.067,1.133,1.9,2.6,2.467,2.533,1.067,1.067,1.1,1.933,1.967,2.4,2.8,1.6,3.045,3.69,2.818,2.846,4.08,3.583,2.643,3.833,3.385,3.636,3.625,2.875,3.115,3.917,3.474,3.882,4.154,3.909,3.091,3.529,3.333,3.8,4.16,3.963,3.667,4,5,3,3.2,3.6,4.143,3.828,2.5,"LLM추정(저신뢰,미검수)","보간(앵커거리기반,완만혼합)"
J08-027,자연·생명과학 연구직,생명과학 시험원,생명과학시험원,3.7,3.8,4.033,3.233,3.967,3.467,3.5,3.733,3.933,3.8,4.033,4.367,4.067,3.667,3.667,4.2,1.467,2.533,1.333,1.167,1.967,1.367,1.7,1.433,2.3,2.367,1.4,1.067,2.6,2.7,2.367,3.567,3.133,1.233,1.267,1.2,1.767,1.233,2.067,2.267,2.767,1.033,1.067,1.133,2.367,2.333,1.733,2,1.167,2.909,3.231,3.143,2.75,3.1,3,3.5,3.273,3.783,4.316,2.778,4,3.458,4.24,4.3,4.966,4.148,3.833,2.714,2.8,3.273,3.571,3.789,3.773,4.259,2,2.5,2.333,3.3,3.435,3.786,3.5,2.5,"LLM추정(저신뢰,미검수)","보간(앵커거리기반,완만혼합)"
J08-028,자연·생명과학 연구직,생명과학 연구원,의학연구원,4.033,3.633,4,2.833,3.233,3.1,2.767,3.267,3.6,3.333,3.5,4.2,3.633,3,2.967,3.733,1.867,2.633,1.633,1.333,1.5,1.4,1.233,1.167,2.467,1.967,1.267,1.1,1.667,2.733,2.5,3.033,3.467,1.567,1.6,1.4,3.533,1.7,1.967,2.167,3.1,1.167,1.333,1.3,1.733,2.167,1.567,2.3,1.4,3.5,3.714,3,3.2,3.3,2.857,2.75,2.5,3.704,3.35,2.667,3,3.091,4.1,3.143,4.31,4.655,4.5,4.111,4.333,4.2,3.438,3.824,4.056,4.345,3,3.429,3.833,3.917,3.375,3.9,3.727,2.4,"LLM추정(저신뢰,미검수)","보간(앵커거리기반,완만혼합)"
J08-029,자연·생명과학 연구직,생명과학 연구원,약학연구원,3.733,3.9,4.033,3.233,3.867,3.433,3.7,3.733,3.967,3.733,4,4.5,4.267,3.533,3.5,4.467,1.9,2.6,1.633,1.367,1.733,1.5,2.033,1.7,2.633,2.033,1.367,1.033,2.1,2.767,2.9,4.367,3.567,1.467,1.433,1.033,3.5,1.733,2.367,2.8,3.433,1.133,1.067,1.2,2.067,1.8,2,2.433,1.1,3.588,3.571,3,3.333,3.917,3.75,4.25,4,3.679,3.933,3.375,5,3.421,4.5,4.292,5.567,5.875,3.556,3.111,2,4.448,3.9,4.529,3.759,4.8,4,2.5,3.25,4.8,4.077,3.524,3.95,2.667,"LLM추정(저신뢰,미검수)","보간(앵커거리기반,완만혼합)"
J08-030,자연·생명과학 연구직,생명과학 연구원,농학연구원,3.733,3.8,4.067,3.467,4.267,3.767,3.567,3.667,3.767,3.433,4.3,4.067,4,3.067,3.367,3.9,2.533,3.3,1.667,1.5,2.633,2.033,1.7,3.033,2.233,1.633,1.333,1.1,2.133,2.533,2.667,2.5,3.333,1.967,1.5,1.833,1.067,2,2.8,2.8,2.2,1.067,1.267,1.167,1.8,2.7,2.167,2.633,1.433,3.667,3.867,3.6,3.5,4.087,4.067,2.833,4.455,3.6,3.267,3.6,3,2.95,3.821,3.739,4.4,4.654,3.824,3.111,3.692,1.5,3.588,4.231,4.107,3.7,4,4,2.6,3.267,4.143,4.333,4,3.286,"LLM추정(저신뢰,미검수)","보간(앵커거리기반,완만혼합)"
J08-031,자연·생명과학 연구직,생명과학 연구원,수산학연구원,4.167,4.033,4.267,3.967,4.367,4.133,3.967,3.967,3.9,4.067,4.367,4.2,4.2,3.667,3.767,4.167,2.833,3.333,2,1.467,2.467,2.333,1.8,2.9,2.767,2.467,2.067,1.367,2.833,3.033,2.9,2.367,4.467,2.533,2.033,3.133,1.567,2.533,3.267,2.967,3.067,1.3,1.833,1.4,2.9,3.133,2.333,3.233,1.467,3.444,4.034,3.714,3.222,4.105,3.889,2.917,4.045,3.963,4.4,4.25,3.6,3.435,4.708,4,4.75,5.433,4.238,3.353,4.036,3,4.619,4.885,4.192,4.308,2.833,4.167,3.571,4.389,4.077,4.143,4.037,3.714,"LLM추정(저신뢰,미검수)","보간(앵커거리기반,완만혼합)"
J08-032,자연·생명과학 연구직,생명과학 연구원,임학 및 산림학연구원,3.833,3.6,3.767,3.633,3.967,3.667,3.6,3.433,3.667,3.433,3.767,3.933,4,3.1,3.3,3.733,2.733,3.467,2.5,2.1,2.7,2.667,1.533,1.767,3,2.1,1.7,1.333,2.5,2.667,2.467,2.3,2.867,2.167,1.567,2.2,1.367,2.167,3.033,2.767,2.5,1.2,1.433,1.2,2.633,2.867,2.6,2.8,2.033,3.739,3.833,3.7,3.706,3.952,4.042,3.125,3.455,3.857,3.75,3.727,4,3.043,4.087,3.636,3.889,3.652,3.4,3.455,3.889,2.778,3.824,4.36,4.04,3.64,3.333,3.875,4,3.476,4.3,4.217,4.04,3.125,"LLM추정(저신뢰,미검수)","보간(앵커거리기반,완만혼합)"
J08-033,자연·생명과학 연구직,생명과학 연구원,축산학 및 수의학연구원,3.942,3.766,4.025,3.475,3.959,3.667,3.475,3.584,3.734,3.566,3.984,4.1,3.958,3.208,3.35,3.883,2.492,3.183,1.95,1.6,2.325,2.108,1.566,2.217,2.617,2.042,1.592,1.225,2.283,2.742,2.634,2.55,3.534,2.058,1.675,2.141,1.884,2.1,2.767,2.675,2.717,1.184,1.466,1.267,2.266,2.717,2.167,2.742,1.583,3.588,3.862,3.504,3.407,3.861,3.714,2.906,3.614,3.781,3.692,3.561,3.4,3.13,4.179,3.63,4.337,4.599,3.991,3.508,3.988,2.87,3.867,4.325,4.099,3.998,3.292,3.868,3.501,3.762,3.974,4.148,3.951,3.131,"LLM추정(저신뢰,미검수)","보간(앵커거리기반,완만혼합)"
J08-034,자연·생명과학 연구직,자연과학 시험원,자연과학시험원,3.733,3.567,3.733,3.2,3.8,3.5,3.5,3.733,3.733,3.567,4.167,4.433,4.033,3.633,3,4.1,1.833,2.6,1.8,1.533,2.133,1.567,1.7,1.2,2.633,2.867,1.467,1.267,2.367,2.7,2.633,3.967,2.8,1.533,1.2,1.3,1.3,1.333,2.2,2.2,2.733,1.1,1.067,1.1,2.433,2.133,1.6,2.367,1.333,3.824,3.714,3.25,3,3.684,3.5,3,2.8,3.828,3.704,3.556,2.833,3.2,4.111,3.833,5.241,4.478,3.6,3.4,3.167,2.6,3.2,4,3.609,4.192,2,5,4.5,3.722,3.688,3.909,4,2.571,"LLM추정(저신뢰,미검수)","보간(앵커거리기반,완만혼합)"
J08-035,자연·생명과학 연구직,자연과학 연구원,물리학연구원,4.323,4.226,4.355,2.742,3.097,2.742,2.548,3.677,3.806,3.742,3.742,4.516,4.419,4.032,3.677,3.903,1.645,2.548,1.484,1.194,1.548,1.71,1.419,1.129,3.581,2.548,1.613,1.226,3.226,3.968,4.903,2.258,1.323,1.452,1.548,1.258,1.194,1.581,2.194,2.742,3.742,1.323,1.452,1.452,2.129,1.71,2.677,2.839,1.29,3.818,3.133,2.7,2.4,3.667,4.3,3.714,4,4.774,4.789,4.1,2.667,4.519,5.258,6.452,4.294,3,3.714,3.75,3.6,3.75,4.125,4.312,3.75,4.645,3,3.143,3.625,4,3.615,3.815,3.793,3.2,"LLM추정(저신뢰,미검수)",실측
J08-036,자연·생명과학 연구직,자연과학 연구원,화학연구원,4.226,3.903,4.129,3.419,3.903,3.581,3.645,3.774,3.71,3.774,4.194,4.452,4.065,3.452,3.774,4.258,1.742,2.677,1.548,1.742,2.355,1.935,2,1.613,3.065,2.806,1.774,1.419,2.129,2.871,3.323,4.452,2.097,1.71,1.484,1.452,1.548,1.742,2.71,2.29,3.419,1.323,1.258,1.323,2.677,2.419,1.903,2.516,1.419,3.533,3.586,2.923,3.857,4,3.4,3.176,3.75,4.207,4.417,4.231,3.571,3.765,4.286,4.867,5.71,4,3.667,3.2,3.444,3.5,3.692,4.545,3.81,4.645,3.6,3.4,3.167,3.708,3.818,4.062,3.741,3,"LLM추정(저신뢰,미검수)","보간(앵커거리기반,완만혼합)"
J08-037,자연·생명과학 연구직,자연과학 연구원,수학 및 통계연구원,3.967,3.7,3.833,3.167,3.9,3.433,3.133,3.433,3.567,3.433,3.9,4.333,3.933,3.567,3.467,4.5,2.3,2.9,2.133,1.8,2.333,1.9,1.667,1.2,2.733,1.867,1.667,1.233,1.5,3.833,1.6,1.367,1.3,2.167,1.967,1.467,1.633,2.167,2.467,2.5,3,1.4,1.633,1.433,1.7,2.3,1.8,2.367,1.233,4.158,4.077,4,4.231,4.333,3.8,3.556,2.75,5.227,4.727,4.3,2.667,2.667,5.6,4.375,3.571,2.667,4.846,4.357,4,3.8,4.133,4.409,4.263,4.423,3,4.222,4.286,3.636,4.333,4.727,4.222,3.333,"LLM추정(저신뢰,미검수)",실측
J08-038,자연·생명과학 연구직,자연과학 연구원,생물학연구원,4,3.912,3.882,3.647,3.824,3.647,3.529,3.647,3.735,3.735,3.882,4.088,4.147,3.824,3.5,3.824,2.088,2.794,2.029,1.559,2.206,2,1.706,1.529,2.706,2.765,2.029,1.265,2.294,2.882,2.206,3,4.618,2.529,2,1.971,1.824,2.235,2.647,2.647,3.059,1.265,1.5,1.706,2.618,2.529,1.824,2.618,1.382,3.391,3.265,3.174,2.533,2.767,3.5,2.733,2.917,4.143,4.423,3.65,2.714,3.074,4.061,3.5,4.357,5.853,3.792,3.05,4.333,3.333,3.304,3.724,3.8,4.96,3.167,4,2.833,3.321,3.226,3.833,3.448,2.889,"LLM추정(저신뢰,미검수)","보간(앵커거리기반,완만혼합)"
J08-039,자연·생명과학 연구직,자연과학 연구원,지질학연구원,4.1,4.067,4.167,3.467,3.867,3.367,3.633,3.733,3.6,3.8,4.067,4.367,3.967,3.533,3.467,4.467,1.733,2.6,1.8,1.633,2.067,2.067,1.5,1.367,3.167,3.367,2.267,1.4,2.4,3.433,3.7,3.167,2.167,1.433,1.8,4.1,1.167,1.4,2.533,3,3.267,1.267,1.933,1.333,2.533,2.433,2.733,3.267,2.167,3.167,3.345,3.235,3.5,3.941,4.538,4.5,4.5,4.367,5.083,3.619,3.222,3.333,4.483,4.333,4.259,3.875,3.5,3.538,5.448,3.333,4.5,4.8,4.214,4.4,3.8,5,3.125,4.05,4.19,4.036,4.074,3.941,"LLM추정(저신뢰,미검수)","보간(앵커거리기반,완만혼합)"
J08-040,자연·생명과학 연구직,자연과학 연구원,천문 및 기상학연구원,4.13,3.998,4.118,3.125,3.621,3.181,3.105,3.614,3.658,3.658,3.903,4.405,4.106,3.711,3.537,4.29,1.893,2.683,1.806,1.542,1.983,1.892,1.529,1.232,3.16,2.594,1.849,1.286,2.375,3.745,3.401,2.264,1.597,1.684,1.772,2.275,1.331,1.716,2.398,2.747,3.336,1.33,1.673,1.406,2.121,2.148,2.403,2.824,1.563,3.714,3.518,3.312,3.377,3.98,4.213,3.923,3.75,4.789,4.866,4.006,2.852,3.506,5.114,5.053,4.041,3.181,4.02,3.882,4.349,3.628,4.253,4.507,4.076,4.489,3.267,4.122,3.679,3.895,4.046,4.193,4.03,3.491,"LLM추정(저신뢰,미검수)","보간(앵커거리기반,완만혼합)"
J08-041,정보통신 연구개발직 및 공학기술직,기타 컴퓨터 전문가 및 소프트웨어 전문가,IT테스터 및 IT QA전문가,3.733,3.733,4.233,3.733,4.3,3.7,3.667,3.8,3.8,4,4.367,4.567,4.3,3.333,3.3,4.267,1.933,3,1.7,1.967,3.3,1.933,2.333,1.2,3.933,2.5,1.767,1.167,1.933,2.4,1.4,1.167,1,1.967,1.467,1.133,1,1.567,2.5,2.533,2.8,1.067,1.2,1,1.767,1.967,3.2,3,1,3.765,4.222,3.727,4.353,3.815,3.941,3.778,3,4.967,4.05,3.909,3.333,3.222,4.182,3.375,2.25,0,3.625,3.429,3,0,3.273,4.652,3.739,4.16,4,3,0,3.308,3.588,4.68,3.92,0,"LLM추정(저신뢰,미검수)","보간(앵커거리기반,완만혼합)"
J08-042,정보통신 연구개발직 및 공학기술직,네트워크 시스템 개발자,네트워크시스템개발자,3.5,3.533,3.533,3,3.867,3.567,3.733,3.533,3.8,3.5,3.667,3.933,3.3,3.067,3.1,3.667,1.6,3.133,1.467,1.767,2.633,1.533,1.367,1.133,4.033,2.333,1.3,1.267,2.467,2.2,1.533,1.3,1.167,1.367,1.333,1.3,1.133,1.367,2.367,1.767,2.467,1.1,1.1,1.1,2.567,1.9,4.067,2.8,1.3,3.182,3.867,3.111,3.818,3.905,3.375,3,3,4.897,4,3.5,2.8,3.85,4.471,3,3.4,3,2.778,3.167,2.857,2.333,3.333,3.75,3.188,3.391,2.5,3.5,2.333,3.833,3.133,5.033,3.68,2.5,"LLM추정(저신뢰,미검수)","보간(앵커거리기반,완만혼합)"
J08-043,정보통신 연구개발직 및 공학기술직,데이터 전문가,데이터베이스운영·관리자,3.933,4.167,4.133,2.7,3.233,2.7,2.767,3.467,3.7,3.7,4.033,4.3,4,3.2,3.1,3.833,1.533,3.167,1.867,1.9,2.633,1.733,1.467,1.133,4.3,2.133,1.667,1.033,2.433,3.133,1.2,1.033,1.1,1.5,1.267,1.033,1,1.3,2.4,2.633,3.067,1,1.067,1,2.033,2.3,3.833,2.7,1.067,2.929,4.107,3.438,3.533,3.481,3.286,3.111,2.667,5.8,3.75,3.6,2,3.714,4.069,3.25,3,3,2.846,3.2,4,0,3.667,4.474,3.556,3.533,0,3,0,3.353,3.25,5.31,3.56,1.5,"LLM추정(저신뢰,미검수)","보간(앵커거리기반,완만혼합)"
J08-044,정보통신 연구개발직 및 공학기술직,데이터 전문가,데이터분석가(빅데이터분석가),4.067,3.933,4.267,3.533,4.033,3.633,3.3,3.6,3.8,3.8,4.2,4.5,3.833,3.8,3.933,4.4,2.4,2.933,2.267,2.667,2.7,2.2,2.233,1.533,3.5,2.2,2.2,1.4,1.567,4.067,1.733,1.333,1.3,2.633,2.7,2,1.433,1.833,2.8,2.8,3.333,1.6,1.533,1.467,2.2,2.2,2.667,2.967,1.5,3.76,4.179,3.667,4.375,3.958,4.158,3.882,4.143,5.074,4.294,4,3.857,3.25,5.533,4.154,3.667,3.333,4.077,4.375,4.235,3.444,3.933,4.5,4.308,4.7,3.909,4,3.818,4.438,4,4.417,4.52,3.667,"LLM추정(저신뢰,미검수)",실측
J08-045,정보통신 연구개발직 및 공학기술직,시스템 소프트웨어 개발자,시스템소프트웨어개발자,3.867,3.767,3.967,3.2,3.9,3.3,3.1,3.5,3.633,3.567,4.1,4.1,3.4,3.467,3.733,4.067,2.233,2.833,2.367,1.967,3.033,2.133,1.633,1.267,3.667,2.767,2.5,1.333,1.833,3.333,1.5,1.333,1.333,1.967,1.567,1.433,1.367,1.567,2.467,2.233,3.133,1.433,1.3,1.333,2.167,2.267,3.5,2.867,1.367,3.611,3.8,3.5,4,4.167,3.556,3.636,2.75,5.167,4.318,3.727,3.2,3.214,4.926,3.111,3,3.2,3.643,3.3,3.375,3.429,3.273,3.913,3.667,3.857,3,3,3.4,3.882,3.476,4.862,3.96,3,"LLM추정(저신뢰,미검수)","보간(앵커거리기반,완만혼합)"
J08-046,정보통신 연구개발직 및 공학기술직,웹 개발자,웹개발자,3.767,3.8,3.7,2.733,3.5,3.067,2.967,3.2,3.567,3.6,3.533,4.133,2.833,2.8,3.067,3.767,1.633,2.6,1.733,2.1,2.833,1.8,1.333,1.167,3.567,2.3,2.8,1.1,1.7,2.967,1.533,1.2,1.133,1.967,1.567,1.167,1.167,1.767,2.167,2.067,3.067,1.3,1.233,1.1,2.2,1.867,3.067,2.9,1.133,3.154,3.792,2.938,3.35,3.31,3.357,2.833,2.8,4.933,3.8,3.667,2.333,3.077,4.68,3.222,2.25,2,3.765,3,2.6,2.4,3.467,3.905,3.45,3.778,2.625,2.857,2.333,3.706,3.688,4.56,4.269,3,"LLM추정(저신뢰,미검수)",실측
J08-047,정보통신 연구개발직 및 공학기술직,웹 개발자,웹기획자,3.7,3.267,3.833,3.233,3.633,3.2,3.7,3.4,3.467,3.7,3.467,3.967,2.9,2.867,3.133,3.733,2.3,2.9,1.933,2.933,3.367,1.9,1.767,1.033,3.433,1.967,3.1,1.1,1.2,2.067,1.167,1.1,1.133,2.5,2,1.333,1.267,2.1,2.167,2.433,2.5,1.9,1.4,1.667,1.9,2.267,2.7,3.133,1.2,3.19,4.167,3.235,4,3.966,3.688,3.333,2,4.233,3.588,4.2,2.667,2.25,3.882,2.6,2.333,2.5,3.8,3.5,3.143,2.4,3.778,4.222,4,3.591,3.429,2.889,3.1,2.714,3.7,4.304,4.208,3,"LLM추정(저신뢰,미검수)","보간(앵커거리기반,완만혼합)"
J08-048,정보통신 연구개발직 및 공학기술직,웹 운영자,웹운영자,3.467,3.3,3.6,3.133,3.333,3.367,3.4,3.533,3.433,3.533,3.433,3.767,3.2,2.833,3.067,3.5,2.1,2.533,1.767,2.067,2.833,1.8,1.3,1.167,3.3,2.033,2.1,1.2,1.367,2.267,1.267,1.133,1.133,1.8,1.533,1.267,1.167,1.6,2.133,2.167,2.333,1.433,1.2,1.133,1.833,2.033,2.233,2.833,1.2,3.176,3.682,3.143,3.333,3.64,2.857,2.167,2.667,4.667,2.944,3.143,2.5,2.625,3.667,2.5,3,3,3.067,3,3.8,2.667,3.462,3.45,3.368,3.087,2.778,3.25,3.5,3.067,3,3.909,3.414,3,"LLM추정(저신뢰,미검수)","보간(앵커거리기반,완만혼합)"
J08-049,정보통신 연구개발직 및 공학기술직,응용 소프트웨어 개발자,응용소프트웨어개발자,3.967,3.833,4.067,3.3,3.8,3.233,3.267,3.567,3.833,3.567,4,4.467,3.467,3.233,3.267,3.833,1.9,3.033,2.467,1.8,3,1.733,1.667,1.133,3.767,2.633,2.367,1.133,1.6,3.067,1.267,1.133,1.067,1.733,1.3,1.133,1.133,1.533,2.467,2.067,3.067,1.133,1.133,1.2,1.867,1.833,3.167,3.067,1.1,3.368,3.967,3.526,3.812,3.714,3.071,3.444,3.5,4.967,4.364,4.19,3,3.25,4.367,3.6,3.333,4,3.571,3.8,4.5,3.5,3.667,4.19,3.35,4.148,3,3,3,4.1,3.533,4.741,4.214,3,"LLM추정(저신뢰,미검수)","보간(앵커거리기반,완만혼합)"
J08-050,정보통신 연구개발직 및 공학기술직,응용 소프트웨어 개발자,가상현실전문가,3.967,3.767,3.633,3.267,4.1,3.5,3.4,3.567,3.567,3.833,3.967,3.967,3.1,3.1,3.633,3.8,2.133,2.7,2.233,2.733,2.6,2.267,2.1,1.367,3.733,2.833,2.867,1.467,1.967,3.367,2.133,1.467,1.433,1.867,1.633,1.533,1.467,1.667,2.067,2.133,2.967,2,1.467,1.533,2.333,1.967,2.667,2.867,1.433,3.524,3.963,3.778,4,3.958,4.167,3.105,3.6,5,4.545,4.269,3.857,3.111,4.759,3.941,3.375,3.714,3.571,3.727,3.7,3.833,4.4,4.053,4.111,3.893,4.154,4.143,3.875,3.842,3.611,4.88,4.462,3.143,"LLM추정(저신뢰,미검수)","보간(앵커거리기반,완만혼합)"
J08-051,정보통신 연구개발직 및 공학기술직,응용 소프트웨어 개발자,게임프로그래머,3.889,3.711,3.889,3.278,3.967,3.489,3.311,3.545,3.667,3.722,4,4.256,3.433,3.189,3.489,3.889,1.989,2.744,2.144,2.289,2.867,2,1.9,1.3,3.778,2.655,2.567,1.356,1.878,3.167,1.789,1.333,1.289,1.856,1.5,1.366,1.333,1.678,2.322,2.133,3,1.578,1.367,1.355,2.133,2.022,3.078,2.856,1.289,3.253,3.817,3.53,3.906,3.731,3.505,3.207,3.367,5.025,4.37,4.052,3.429,3.104,4.506,3.736,3.236,3.571,3.503,3.62,3.817,3.444,3.733,3.975,3.669,3.964,3.445,3.589,3.514,3.902,3.555,4.828,4.24,3.214,"LLM추정(저신뢰,미검수)","보간(앵커거리기반,완만혼합)"
J08-052,정보통신 연구개발직 및 공학기술직,응용 소프트웨어 개발자,모바일앱개발자,3.733,3.533,3.967,3.267,4,3.733,3.267,3.5,3.6,3.767,4.033,4.333,3.733,3.233,3.567,4.033,1.933,2.5,1.733,2.333,3,2,1.933,1.4,3.833,2.5,2.467,1.467,2.067,3.067,1.967,1.4,1.367,1.967,1.567,1.433,1.4,1.833,2.433,2.2,2.967,1.6,1.5,1.333,2.2,2.267,3.4,2.633,1.333,2.867,3.52,3.286,3.905,3.52,3.278,3.071,3,5.107,4.2,3.696,3.429,2.95,4.393,3.667,3,3,3.368,3.333,3.25,3,3.133,3.682,3.545,3.852,3.182,3.625,3.667,3.765,3.522,4.862,4.043,3.5,"LLM추정(저신뢰,미검수)","보간(앵커거리기반,완만혼합)"
J08-053,정보통신 연구개발직 및 공학기술직,정보보안 전문가,정보보안전문가,3.633,3.433,3.967,3.4,3.767,3.467,3.2,3.467,3.633,3.5,3.9,3.967,3.733,3.433,3.133,3.7,2.267,3.233,2,1.8,2.7,1.967,1.233,1.033,3.767,2.667,1.6,1.033,2.267,2.3,1.367,1.033,1.033,1.833,1.233,1.033,1.033,1.6,2.733,2.367,2.333,1.1,1.133,1.033,3,2.467,2.933,2.667,1.167,3.882,4.2,3.5,3.769,4,3.667,3.25,2,5.444,4.591,3.1,2,3.714,3.789,3,2,2,3.267,2.8,2,2,3.818,4.565,3.909,3.87,3,4.5,3,4.455,4.75,4.72,4.273,2.667,"LLM추정(저신뢰,미검수)","보간(앵커거리기반,완만혼합)"
J08-054,정보통신 연구개발직 및 공학기술직,정보시스템 운영자,정보시스템운영자,3.567,3.367,3.7,3.167,3.633,3.3,3.5,3.733,3.667,3.5,4.033,4.133,3.633,3.233,2.867,3.7,1.933,2.767,1.7,1.767,2.433,1.667,1.233,1.133,3.333,2.3,1.6,1.033,1.733,1.967,1.433,1,1,1.367,1.167,1.167,1.067,1.267,1.933,1.533,2.433,1.067,1,1,3,1.767,3.433,2.833,1.067,3.643,3.667,3.417,3.308,3.762,3.556,2.8,1.5,4.414,3.381,3.273,2,3.231,4.267,2.9,0,0,3.143,2.75,2.667,2,2.167,3.471,3.25,3.522,1,0,0,3.731,2.647,4.759,3.957,3,"LLM추정(저신뢰,미검수)","보간(앵커거리기반,완만혼합)"
J08-055,정보통신 연구개발직 및 공학기술직,정보시스템 운영자,네트워크관리자,4.267,3.933,4.333,3.867,4.033,3.867,3.833,3.733,3.933,4.167,4.6,4.4,4.033,3.433,3.867,4.367,2,2.5,1.5,1.667,3.067,1.433,1.533,1,4.133,3.1,1.533,1.367,2.6,2.167,1.833,1.533,1.033,1.2,1.333,1.667,1.033,1.567,2.333,1.767,2.633,1.033,1.033,1.067,3.367,2.233,4.533,3.067,1.567,3.05,3.167,3.25,3.8,4.208,2.7,3.333,0,5.133,4.038,4.375,3.571,3.385,3.545,2.75,2.8,3,3.2,3.167,3.167,2,3.778,3.286,3.071,2.933,4,4,3,3.966,2.692,5.367,3.4,2.583,"LLM추정(저신뢰,미검수)","보간(앵커거리기반,완만혼합)"
J08-056,정보통신 연구개발직 및 공학기술직,정보시스템 운영자,IT기술지원전문가,3.367,3.2,3.433,2.733,3.167,2.867,3.367,3.333,3.267,3.4,3.467,3.567,2.8,2.567,2.567,3.333,2,3.033,1.767,1.8,3.133,1.567,1.5,1.2,3.7,2.4,1.5,1.367,2.567,1.7,1.267,1.2,1.167,1.533,1.4,1.2,1,1.7,2.767,2.1,2.433,1.233,1.2,1.167,2.433,2.133,2.733,2.2,1.4,2.75,4.074,3.231,3.636,4.222,3.083,3.714,5,5.148,4.286,3.571,4.25,3.957,4.385,4.333,3.667,4.5,4,3.833,5.5,0,4.333,4.192,3.733,3.7,4,4,4.5,4.048,4.2,4.947,4,3.571,"LLM추정(저신뢰,미검수)","보간(앵커거리기반,완만혼합)"
J08-057,정보통신 연구개발직 및 공학기술직,컴퓨터 하드웨어 기술자 및 연구원,컴퓨터하드웨어기술자,3.733,3.433,3.733,2.933,3.4,3.167,3,3.233,3.433,3.333,3.733,4,3.067,3.133,3.233,3.7,1.6,2.467,1.467,1.833,2.467,1.6,2.233,1.067,4.2,3.7,2.033,1.067,2.467,2.8,2.1,1.4,1.033,1.333,1.133,1.3,1.267,1.367,2.333,1.867,3.167,1.233,1.1,1.167,1.933,1.6,3.367,2.233,1.4,2.8,3.6,3.2,2.882,3.167,3.4,3.211,4,5.4,4.5,3.632,3,3.85,4.481,4.062,3,3,3.5,3.333,3.8,3.2,4.143,4.182,3.6,4.1,2.667,2.5,2.25,3.333,3.538,5.074,4.2,3.125,"LLM추정(저신뢰,미검수)","보간(앵커거리기반,완만혼합)"
J08-058,정보통신 연구개발직 및 공학기술직,컴퓨터시스템 전문가,컴퓨터시스템설계 및 분석가,3.667,3.767,4.033,3.7,4.133,3.5,3.633,3.633,3.733,3.6,3.967,4.167,3.833,3.3,3.367,4.033,2.3,2.9,2.1,1.633,2.633,1.8,1.7,1.167,4.033,2.633,2.067,1.2,1.8,2.667,1.533,1.133,1.133,1.733,1.367,1.267,1.067,1.933,2.867,2.5,2.9,1.167,1.133,1.067,2.6,2.467,3.367,2.933,1.467,3.318,4.172,3.737,3.833,4.333,3.75,3.909,2.75,5.1,4,3.684,2.8,2.765,4.64,3.8,3.667,3,3.538,3.143,3.5,3,4.2,4.3,4.045,4.179,2.8,3,3.5,4.095,3.667,4.9,4.185,3.375,"LLM추정(저신뢰,미검수)","보간(앵커거리기반,완만혼합)"
J08-059,정보통신 연구개발직 및 공학기술직,컴퓨터시스템 전문가,정보통신컨설턴트 및 감리원,3.933,3.7,4,3.867,3.7,3.6,3.667,3.7,4.067,3.8,4,4.133,3.667,3.4,3.2,3.967,2.667,3.133,2.867,2.667,2.933,2.433,1.3,1.1,2.8,2.167,1.7,1.133,1.233,2.433,1.167,1.033,1.1,1.933,1.367,1.067,1.033,1.833,2.567,2.233,2.967,1.133,1.1,1.067,2.033,2.267,2.633,2.433,1.2,4.12,4.276,4.154,4,3.885,3.417,3.5,3.5,4.455,3.647,3,3,2.667,3.818,2.4,3,2,3.412,2.444,2.5,2,3.733,4.208,3.636,4.25,2.667,3,2.5,3.706,3.6,4.409,3.95,2,"LLM추정(저신뢰,미검수)","보간(앵커거리기반,완만혼합)"
J08-060,정보통신 연구개발직 및 공학기술직,통신·방송송출 장비 기사,통신장비기사,4.033,4,4.033,3.2,3.933,3.833,3.5,3.867,4.033,3.833,4.2,4.2,4.033,3.4,3.367,3.767,1.5,2.467,1.2,1.967,3.133,1.633,1.433,1,3.467,2.467,1.1,1.1,2.767,1.567,1.3,1.467,1,1.367,1.3,1.433,1,1.333,2.3,1.767,2.167,1,1,1,2.8,2,4.333,2.4,1.1,2.455,3.56,2.667,3.706,3.893,3.5,2.7,0,4.72,3.818,2.333,3,3.3,2.857,2.444,2.455,0,2.778,3.333,3.667,0,3.429,3.25,3,3.048,0,0,0,3.84,3.211,5.333,3.56,2,"LLM추정(저신뢰,미검수)","보간(앵커거리기반,완만혼합)"
J08-061,정보통신 연구개발직 및 공학기술직,통신·방송송출 장비 기사,방송송출장비기사,3.5,3.2,3.733,3.033,3.933,3.5,3.467,3.233,3.6,3.367,3.867,3.933,3.533,3.233,2.867,3.1,1.667,2.333,1.467,1.5,2.333,1.533,1.267,1.1,3.567,3.233,1.4,1.267,2.7,1.9,2,1.167,1.167,1.733,1.4,1.4,1.133,1.567,2.067,1.6,2.333,1.767,1.267,1.467,2.467,1.6,4.1,2.767,1.133,2.9,3.348,3.222,2.8,3.947,3,3,3.5,4.571,4.037,3.75,4,3.591,4.308,3.733,3.25,2.667,4,3.571,4,3.333,3,3.824,4,3.565,4,4,3.75,3.75,3.545,4.931,4.08,3,"LLM추정(저신뢰,미검수)","보간(앵커거리기반,완만혼합)"
J08-062,정보통신 연구개발직 및 공학기술직,통신공학 기술자 및 연구원,통신기기·장비기술자,3.633,3.7,4.167,3.233,3.933,3.667,3.5,3.833,3.8,3.733,4.367,4.433,3.933,3.1,3.367,3.933,1.767,2.167,1.467,2.133,2.5,1.5,2.9,1.067,3.8,3.733,2.033,1.3,3.6,3.133,2.7,1.433,1.067,1.3,1.1,1.233,1.033,1.2,2.067,1.533,2.8,1.033,1.067,1,2.133,1.967,4.2,2.467,1.433,3.455,3.647,3,3.533,3.7,3.25,4,1,4.929,5,3.875,3.2,4.367,4.857,4.429,3.25,2,3.4,1.5,3.4,2,4.25,4.333,3.455,3.692,3,3,0,3.667,3.438,5.793,3.625,3.375,"LLM추정(저신뢰,미검수)","보간(앵커거리기반,완만혼합)"
J08-063,정보통신 연구개발직 및 공학기술직,통신공학 기술자 및 연구원,통신기술개발자,3.5,3.467,3.667,2.2,2.867,2.6,3.067,3.7,3.533,2.767,3.633,3.833,3,3.067,3.467,3.1,1.8,2.233,1.1,1.133,1.867,1.1,1.7,1,3.4,3.2,1.367,1,2.067,1.8,1.733,1,1,1.133,1,1,1,1.033,1.5,1.4,2.8,1,1,1,2.633,1.9,4.033,2.233,1.067,4.778,3.172,2.5,4.5,3.5,3,3.308,0,4.2,4.308,2.857,0,3.3,3.643,3.167,0,0,2.5,0,0,0,2,2.75,2.8,3.966,0,0,0,3.833,2.76,5.1,3.654,2.5,"LLM추정(저신뢰,미검수)","보간(앵커거리기반,완만혼합)"
J08-064,정보통신 연구개발직 및 공학기술직,통신공학 기술자 및 연구원,통신망운영기술자,4,3.7,3.833,3.1,3.667,3.667,3.433,3.733,4,3.4,3.933,4.133,3.933,3.233,2.9,3.433,1.967,2.567,1.467,1.433,2.933,1.567,1.133,1,3.133,2.9,1.267,1.033,2.233,1.9,1.933,1.067,1.033,1.233,1.233,1.133,1.067,1.233,1.9,2.233,2.567,1.267,1.133,1.067,2.633,3.2,4.067,2.733,1.5,3.857,3.276,3,3.182,3.857,4.333,3,0,4.207,3.367,2.167,1,3.167,4.375,2.955,3,3,4,2.75,2.5,2,3.667,3.375,3.091,3.621,4,3,3,3.455,3.862,5.367,3.667,2.556,"LLM추정(저신뢰,미검수)","보간(앵커거리기반,완만혼합)"
J08-065,제조 연구개발직 및 공학기술직,가스·에너지공학 기술자 및 연구원,태양광발전연구 및 개발자,3.767,3.767,4.067,3.467,3.833,3.833,3.8,3.7,3.467,3.6,4.067,3.9,3.933,3.433,3.833,3.9,2.733,3.167,2.367,2.467,2.833,2.367,2.8,1.233,3.267,3.933,2.267,2.033,3.2,3.6,3.467,2.9,1.4,1.833,1.8,1.667,1.433,1.767,2.9,2.933,3.433,1.5,1.5,1.3,3.333,2.4,2.667,2.4,1.633,3.75,4.357,3.478,4.125,4.2,3.762,4,3.2,4.75,5.345,3.478,3.45,4.481,4.867,4.633,4.296,2.9,3.4,3.429,3.467,2.818,3.533,4.4,4.154,4.69,2.818,3.5,3,4.481,3.87,4.667,3.87,3.308,"LLM추정(저신뢰,미검수)","보간(앵커거리기반,완만혼합)"
J08-066,제조 연구개발직 및 공학기술직,가스·에너지공학 기술자 및 연구원,풍력발전연구 및 개발자,4.1,3.833,4.133,3.133,3.767,3.533,3.833,3.567,3.733,3.733,4.1,4.067,3.567,3.533,3.7,4,2.233,2.8,2.067,1.9,2.1,1.533,2.567,1.133,3.033,4.2,2.6,1.733,2.867,3.1,4.033,2.867,1.367,1.933,1.767,3.3,1.2,1.833,2.4,2.767,3.367,1.267,1.6,1.2,2.8,2.433,2.5,2.467,1.933,3.458,3.8,3.304,4.133,3.684,3.083,3.857,3.5,4.379,5.733,4.16,3.692,4.81,4.75,5.6,4.808,3.125,4,3.312,4.414,2.333,3.733,4.435,4,4.828,3.333,3.786,3.2,4.348,3.905,4.167,4.042,4,"LLM추정(저신뢰,미검수)","보간(앵커거리기반,완만혼합)"
J08-067,제조 연구개발직 및 공학기술직,가스·에너지공학 기술자 및 연구원,원자력공학기술자,4.033,4.1,4.133,3.067,3.667,3.233,3.2,3.933,3.8,3.7,4,4.2,3.733,3.1,3.567,4.3,1.967,2.867,1.433,1.2,1.433,1.5,1.7,1,3.133,3.733,1.967,1.1,3.033,3.667,4,2.9,1.533,1.2,1.3,1.6,1.233,1.267,1.633,2.033,3.567,1.033,1.133,1.033,2.833,2.2,2.267,2.433,1.633,3.471,3.286,3,3.6,2.7,2.636,3.545,0,4.034,5.071,3.824,3,4.107,5.481,5.552,4.071,3.667,3.6,2.75,3.5,2.833,3,3.308,3.824,5,3,3.5,3,3.63,3,3.185,3.429,3,"LLM추정(저신뢰,미검수)","보간(앵커거리기반,완만혼합)"
J08-068,제조 연구개발직 및 공학기술직,가스·에너지공학 시험원,가스·에너지시험원 및 진단전문가,3.667,3.767,3.833,2.8,3.5,3.433,3.367,3.367,3.5,3.367,3.767,4.367,3.9,3.367,2.633,3.667,2.033,2.567,1.767,1.467,2.367,1.867,1.567,1.333,2.5,2.767,1.167,1.267,2.567,2.333,3.1,2.267,1.4,1.533,1.367,1.2,1.2,1.5,1.833,1.867,2.233,1.1,1.167,1.4,2.433,2.4,1.6,2.067,1.167,3.562,3.172,3.909,3.625,3.65,3.455,3,3.167,3.308,4.095,3,4,3.381,3.435,3.926,3.3,3.5,3.875,3,3.75,2.333,3.444,3.429,3.533,3,2,3,3.571,3.32,3.077,3.077,3.043,3,"LLM추정(저신뢰,미검수)","보간(앵커거리기반,완만혼합)"
J08-069,제조 연구개발직 및 공학기술직,금속·재료공학 기술자 및 연구원,재료(금속)공학기술자,4.133,3.933,4.033,3.667,3.667,3.667,3.933,3.633,3.867,3.8,4,4,3.867,3.667,3.5,4.3,2.433,3.233,2.367,2,2.3,2.133,3.7,1.233,2.8,3.8,1.867,1.967,3.2,3.533,3.533,3.733,1.133,2.133,1.8,1.4,1.433,2.233,2.633,2.767,3.333,1.2,1.233,1.3,2.933,2.4,2.167,2.9,1.467,3.875,4.103,3.682,3.8,3.889,4.059,4.172,4.25,4.308,4.897,3.846,3.6,3.9,4.767,5.033,5.067,3.333,3.944,3.462,3.667,2.875,4.312,4.476,4.12,4.759,2.6,3.333,3.286,4.368,3.4,4,4.192,3.111,"LLM추정(저신뢰,미검수)","보간(앵커거리기반,완만혼합)"
J08-070,제조 연구개발직 및 공학기술직,금속·재료공학 시험원,금속·재료공학시험원,3.633,3.767,3.9,3.133,3.6,3.5,3.7,3.667,3.667,3.733,3.967,3.833,3.333,3.5,3,4.133,2.167,2.6,1.8,1.6,2.4,1.233,2,1.1,2.3,3.167,1.133,1.067,3.167,3.167,3.567,3.5,1.167,1.533,1.467,1.167,1.067,1.167,1.967,2.267,3.1,1,1.3,1.167,2.533,1.967,1.867,2.567,1.2,3.391,3.792,3.118,4.571,3.762,3.5,4.143,1.5,4.316,4.958,3.333,4,4.207,4.714,4.833,4.966,4,3.273,3.091,2.5,2.5,3.333,3.706,3.885,4.448,0,3.5,2.75,3.5,3.5,3.529,3.885,2.4,"LLM추정(저신뢰,미검수)","보간(앵커거리기반,완만혼합)"
J08-071,제조 연구개발직 및 공학기술직,기계·로봇공학 시험원,기계‧로봇공학시험원,3.967,3.7,3.8,3.267,4.033,3.733,3.767,3.633,3.733,3.567,4.167,4.533,4.033,3.533,3.167,4.2,1.633,2.7,1.6,1.6,2.4,1.733,3.167,1.1,3,3.667,1.467,1.2,4.267,2.4,2.133,2,1.067,1.533,1.167,1.233,1.1,1.433,1.933,1.8,2.167,1.167,1.1,1.033,2.6,2.1,2.167,2.433,1.9,3.154,3.321,2.867,3.231,3.455,3,3.926,1.5,4.071,4.586,3.636,2.25,4.8,4.611,4.714,4.462,2.5,3.25,3,3.8,3,3.222,3.812,3.615,3.5,3.333,3.333,4,3.619,3.688,3.81,3.44,3.667,"LLM추정(저신뢰,미검수)","보간(앵커거리기반,완만혼합)"
J08-072,제조 연구개발직 및 공학기술직,기계공학 기술자 및 연구원,건설기계공학기술자 및 연구원,4.167,3.967,4.267,3.467,4.067,3.5,3.533,3.533,3.867,3.6,4.333,4.2,3.867,3.3,3.667,4.167,2.3,3.4,2.067,2.133,2.5,1.9,3.233,1.133,3.733,4.467,2.967,2.267,4.267,3.867,3.8,2.3,1.333,1.8,1.733,1.733,1.3,1.467,2.533,2.867,3.467,1.233,1.333,1.1,3.6,2.833,2.733,2.867,2.467,3.81,4.1,3.333,3.381,3.462,3.235,3.808,2.25,4.767,5.862,4.259,4,5.207,5.467,5.393,3.667,2.667,3.857,3.143,4,2.5,3.444,4.043,4.115,4.643,3,3.429,3,4.714,4.16,4.522,4.4,3.583,"LLM추정(저신뢰,미검수)","보간(앵커거리기반,완만혼합)"
J08-073,제조 연구개발직 및 공학기술직,기계공학 기술자 및 연구원,플랜트기계공학기술자,3.6,3.567,3.9,3.6,3.933,3.5,3.633,3.533,3.6,3.533,4.167,4,3.633,2.933,2.967,3.7,2.233,3.033,2.3,2.433,2.767,2.267,3,1.6,3.133,3.6,2.733,2.5,3.867,3.433,3.167,3.167,1.733,1.9,1.867,1.533,1.5,1.667,2.633,2.267,3.033,1.3,1.333,1.367,3.367,2.7,2.3,2.367,2.067,3.625,3.967,3.652,3.591,3.958,3.833,4.292,3.778,4.731,5.769,4.417,3.8,5.207,5.179,4.926,4.88,3.286,3.929,3.692,3.5,3.111,4.077,4.13,3.952,4.577,3.8,4.167,3.714,4.276,3.741,3.826,3.913,3,"LLM추정(저신뢰,미검수)","보간(앵커거리기반,완만혼합)"
J08-074,제조 연구개발직 및 공학기술직,기계공학 기술자 및 연구원,항공공학기술자,4.1,3.833,4.167,3.7,3.9,3.567,3.333,3.433,3.333,3.733,4.5,4.5,3.933,3.467,3.6,4.5,1.933,2.733,1.567,1.433,1.7,1.433,2.3,1.1,3.567,4.367,2.767,1.2,4.033,3.8,3.6,2.033,1.067,1.4,1.2,1.933,1.033,1.4,2.267,1.933,3.467,1.033,1.1,1.067,2.6,2.1,2.5,2.033,2.267,3.15,3.692,3.25,4,3.5,3.75,3.722,4,4.857,5.8,4.957,3.5,5.25,5.241,5.393,3.588,3,3.25,3.75,3.438,2,4,4.053,4.125,4.714,3,2.667,4,3.905,3.227,4.524,4,3.667,"LLM추정(저신뢰,미검수)","보간(앵커거리기반,완만혼합)"
J08-075,제조 연구개발직 및 공학기술직,기계공학 기술자 및 연구원,자동차공학기술자,4.067,4.1,4.167,3.9,4.3,3.867,4,3.833,4,3.967,4.433,4.4,4.267,3.333,3.533,4.267,2.6,3.133,2.333,2.433,3.367,2.333,3.333,1.3,3.433,4.333,3.267,1.867,4.067,3.6,3.667,2.667,1.3,2.067,1.833,1.7,1.433,2.133,3.067,2.867,3.433,1.367,1.433,1.433,3.367,2.767,2.433,2.967,2.433,3.222,3.786,2.88,3.583,3.633,3.125,3.567,2.286,4.517,5.6,4.607,3.286,4.833,5.267,4.931,3.655,2.714,3.421,2.933,3.071,2.375,3.722,4.172,4.154,4.536,2.875,2.75,3.429,4.192,4.125,4.421,4.08,3.364,"LLM추정(저신뢰,미검수)","보간(앵커거리기반,완만혼합)"
J08-076,제조 연구개발직 및 공학기술직,기계공학 기술자 및 연구원,조선·해양공학기술자,4,3.867,4,2.867,3.5,3.8,3.9,4,3.9,3.433,3.733,4.067,3.8,3.533,2.7,3.667,2.133,3.033,1.5,1.7,2.867,1.533,2.1,1,3.3,4.033,2.9,1.067,1.467,3.233,3.867,1.867,1.6,1.967,1.733,3.2,1,1.667,1.867,2.8,3.767,1,1.467,1.3,1.6,1.833,1.667,2.767,2.767,3.611,4.167,3.455,3.833,4.2,4.25,3.556,0,4.172,4.9,4.154,4,3.5,4.4,4.767,3.923,3.667,4.133,3.429,4.333,0,3.7,3.824,3.759,4.967,0,3.875,3.6,3.25,3.583,3.4,4.167,4.333,"LLM추정(저신뢰,미검수)","보간(앵커거리기반,완만혼합)"
J08-077,제조 연구개발직 및 공학기술직,로봇공학 기술자 및 연구원,로봇공학기술자,4.1,4.167,4.267,3.633,4.233,4,3.9,3.933,3.967,3.867,4.2,4.233,4.033,3.633,4.3,4.4,2.533,2.8,2.5,2.6,2.767,2.3,3.033,1.433,3.967,4.467,3.267,1.733,4.2,4.233,3.967,2.2,1.933,2.1,2,1.767,1.733,1.8,2.833,2.8,3.467,1.867,1.6,1.433,3.4,2.333,3.567,2.6,1.833,3.593,3.929,3.385,4.435,4.087,4.15,3.517,3.111,5.633,6.1,5.148,3.786,5.586,5.733,5.679,3.87,3.421,3.75,3.474,3.625,3.357,3.353,4.577,4.565,4.966,3.118,3.462,2.8,4.179,3.739,5.321,4.4,3.118,"LLM추정(저신뢰,미검수)","보간(앵커거리기반,완만혼합)"
J08-078,제조 연구개발직 및 공학기술직,보건위생·환경 검사원,보건위생·환경검사원,3.4,3.433,3.867,3.367,3.9,3.633,3.833,3.767,3.867,3.533,4.2,4.2,4.067,3.4,3.133,3.933,2.233,2.9,1.867,1.433,3.133,1.8,1.6,1.433,2.467,1.933,1.4,1.233,2.4,2.267,2.167,2.5,2,2.067,1.667,1.633,1.367,2.367,2.7,2.467,2.433,1.067,1.4,1.2,3.067,3.767,2.433,2.733,1.433,3.174,3.536,2.778,3.375,4.259,3.118,3.444,3.5,4.13,4.692,3.429,2.5,3.364,4.722,4.294,4.25,3.812,3.412,2.933,4,2.857,3.864,4.261,4.087,4.174,2,3.625,2.2,4.115,4.4,4.174,4,2.364,"LLM추정(저신뢰,미검수)","보간(앵커거리기반,완만혼합)"
J08-079,제조 연구개발직 및 공학기술직,비파괴 검사원,비파괴검사원,3.767,3.767,3.733,3.567,4.1,3.9,3.667,3.867,3.733,3.567,4.2,4.2,3.967,3.467,3.5,4,2.267,3.2,2.033,2.5,3.133,2.033,2.233,1.4,3.1,2.5,1.633,2.167,3.233,2.967,2.933,2.467,1.6,2,2,1.767,1.7,2.067,2.967,2.7,3.167,1.1,1.3,1.233,4.033,3.2,2.567,3,2,3.667,3.931,3.625,3.5,3.962,3.625,3.353,2.667,4.067,3.952,3.455,3.167,3.643,4.429,3.893,3.727,3.444,3.882,3.053,3.429,2.917,3.5,4.12,3.769,3.567,3.5,2.6,3.5,4.633,3.724,4.08,4.037,3.333,"LLM추정(저신뢰,미검수)","보간(앵커거리기반,완만혼합)"
J08-080,제조 연구개발직 및 공학기술직,산업 안전원 및 위험 관리원,산업안전원 및 위험관리원,3.367,3.9,4.267,3.233,3.933,3.633,3.567,3.9,3.8,3.467,4.367,4.367,4.067,3.033,2.867,3.9,1.9,2.867,1.767,1.533,2.933,1.7,2.2,1.333,2.333,3.033,1.467,1.833,3.133,2.333,2.2,2,1.433,2.133,1.633,1.6,1.6,2.433,2.467,2.167,2.033,1.2,1.267,1.233,4.4,3.133,2.267,2.567,1.733,3.312,3.655,3.583,2.9,4.185,3.6,4.286,3.8,4.125,4.583,4,3.727,4.034,5.062,4.769,4.231,3.8,4.429,3.9,3.4,2.9,4.421,4.444,4.375,3.762,3.25,3.75,3.25,6.138,3.862,4.042,4.037,3.308,"LLM추정(저신뢰,미검수)","보간(앵커거리기반,완만혼합)"
J08-081,제조 연구개발직 및 공학기술직,산업 안전원 및 위험 관리원,위험관리원,3.433,3.633,4,3.4,3.933,3.733,3.367,3.7,3.6,3.533,4.1,4.233,4,3.567,3.033,3.7,1.333,1.667,1.267,1.633,3.1,1.3,1.533,1.033,2.133,2.133,1,1.667,3.333,1.667,1.867,2.533,1.3,1.267,1.3,1.367,1.2,1.433,2.333,1.6,1.8,1,1.1,1.033,4.1,2.9,2.267,2.367,2.167,2.333,2.706,2.5,3.083,3.9,2.5,3.2,3,3.077,3.238,0,2.9,4.214,2.786,3.125,3.952,3.2,2.667,2.125,2.625,2.8,3.375,3.65,3,2.778,0,2.333,4,5.033,3.571,3.148,3.2,3.941,"LLM추정(저신뢰,미검수)","보간(앵커거리기반,완만혼합)"
J08-082,제조 연구개발직 및 공학기술직,섬유공학 기술자 및 연구원,섬유공학기술자,4.067,4,4.233,3.9,4.167,3.933,4.067,3.967,3.8,3.867,4.3,4.3,4.033,4,3.833,4.067,2.4,2.867,1.833,1.667,1.967,1.567,3.1,1.133,2.267,3.667,2.067,1.167,2.567,2.767,3,3.567,2,1.5,1.833,1.267,1.2,2.033,2.5,2.9,3.033,1.233,1.4,1.233,2.433,2.5,1.667,2.1,1.5,3.727,3.538,3.056,3.667,3.167,3.778,4.423,2.75,3.905,5.143,3.588,3,3.792,4.833,4.6,5.069,4,3.625,3.643,3.429,2.8,4.2,4.75,4.308,4.536,3,3.25,2.833,3.8,3.864,3.846,3.842,3,"LLM추정(저신뢰,미검수)","보간(앵커거리기반,완만혼합)"
J08-083,제조 연구개발직 및 공학기술직,섬유공학 시험원,섬유공학시험원,3.5,3.667,3.7,3.133,3.7,3.367,3.333,3.433,3.833,3.367,3.867,4.033,3.667,3.167,3.033,3.833,1.8,2.3,1.567,1.867,2.267,1.6,2.4,1.167,2.2,2.2,1.6,1.067,2.333,2.233,2.367,3.633,1.433,1.733,1.267,1.2,1.167,1.8,2.7,1.833,2.533,1.133,1.1,1.167,2.867,2.467,1.867,2.6,1.3,2.737,3.154,2.786,3.438,3.55,2.846,3.32,4.5,3.476,3.333,2.818,4,2.92,3.762,3.667,4.724,3.571,3.538,2.833,3.25,2.25,3.533,4.217,3.333,3.444,2.667,2.5,2.75,4.042,3.682,3.389,3.96,2.833,"LLM추정(저신뢰,미검수)","보간(앵커거리기반,완만혼합)"
J08-084,제조 연구개발직 및 공학기술직,소방공학 기술자 및 연구원,소방공학기술자 및 연구원,3.533,3.467,3.567,3.233,3.833,3.633,3.667,3.633,3.633,3.667,3.833,3.8,3.867,2.733,2.667,3.233,2.033,3.233,1.833,2.2,3.267,2.1,1.5,1.3,2.4,2.467,1.533,2.9,3.233,2.567,2.433,2.433,1.367,2.1,1.667,1.733,1.533,1.733,2.833,2.233,1.667,1.333,1.267,1.2,3.7,3.6,2.533,2.667,1.867,3.167,3.786,2.722,3,3.724,2.75,3,2.333,3.917,3.952,3.667,3.44,3.815,3.96,3.955,3.25,2.143,3.167,3.077,3.333,2.375,3.25,3.96,3.526,3,2.167,2.833,3.25,5,4.034,4.043,3.783,2.941,"LLM추정(저신뢰,미검수)","보간(앵커거리기반,완만혼합)"
J08-085,제조 연구개발직 및 공학기술직,식품공학 기술자 및 연구원,식품공학기술자 및 연구원,3.933,3.9,4.133,3.4,4.067,3.567,3.7,3.567,3.733,3.5,4.1,4.267,3.8,3.333,3.533,3.933,1.967,3.1,1.667,1.833,2.233,1.533,3.867,2.967,2.2,3.133,1.5,1.233,2.767,3.1,2.533,3.367,2.467,1.7,1.7,1.3,1.633,1.367,2.433,2.4,3,1.3,1.233,1.167,2.6,3.333,1.967,2.667,1.5,3.235,3.929,2.923,4.231,3.368,3.6,4.3,4.577,3.8,4.379,3.385,3,3.714,4.4,4.071,4.667,4.043,4.5,3.312,3.25,3.1,3.3,4.684,4.042,4.3,3.167,3.5,2.8,3.667,3.966,3.85,4.045,3.1,"LLM추정(저신뢰,미검수)","보간(앵커거리기반,완만혼합)"
J08-086,제조 연구개발직 및 공학기술직,식품공학 시험원,식품공학시험원,3.833,3.833,4.067,2.8,3.433,3.367,3.133,3.867,3.633,3.6,3.667,4.267,4.2,3.467,2.967,3.967,1.1,1.8,1.133,1.2,1.433,1.1,2.267,2.767,2.133,2.933,1.033,1,2.533,2.733,2.433,3.5,2.933,1.167,1.267,1,1.067,1.367,1.7,1.867,2.7,1,1,1.033,2.267,2.233,1.433,1.8,1.033,2.5,3,2.5,2.4,3.857,2.5,4.389,4,3.238,4.308,3,0,3.44,4.208,4.211,4.4,4.125,2,3.6,0,2,3.833,3.167,2.933,3.769,0,0,3,3.938,4.056,2.6,3.333,2,"LLM추정(저신뢰,미검수)","보간(앵커거리기반,완만혼합)"
J08-087,제조 연구개발직 및 공학기술직,전기·전자공학 시험원,전기·전자공학시험원,3.767,3.7,3.6,3,3.433,3.333,3.067,3.733,3.867,3.167,3.867,4.3,3.7,3.233,3.033,3.767,1.4,2.5,1.333,1.833,2.267,1.667,1.967,1.2,2.767,2.8,1.467,1.333,2.633,2.067,2.133,1.533,1.133,1.367,1.3,1.2,1.2,1.633,1.733,1.933,2.367,1.133,1.233,1.1,2.433,2.1,1.767,2.033,1.4,2.889,3.32,2.875,3.273,3.647,3.5,2.895,3,3.533,3.536,2.875,3,3.593,4.1,3.824,3.727,3,3.5,3.2,2.4,2.75,4.1,4.083,4,3.81,1.75,3,2,4.1,4.133,3.75,3.263,2.875,"LLM추정(저신뢰,미검수)","보간(앵커거리기반,완만혼합)"
J08-088,제조 연구개발직 및 공학기술직,전기공학 기술자 및 연구원,전기기기·제품개발기술자 및 연구원,3.933,3.733,3.867,3.067,3.7,3.233,3.367,3.533,3.733,3.733,3.867,4.267,3.367,3.5,3.633,4.167,2.167,3.2,1.967,1.933,2.333,1.867,3.3,1.3,3.733,3.967,2.733,1.4,3.433,3.333,3.133,2.533,1.4,1.633,1.467,1.233,1.467,1.267,2.1,2.267,3.4,1.5,1.233,1.2,2.733,2.167,2.767,2.767,1.9,3.75,3.724,3.688,4,3.8,3.6,4.407,4.5,4.733,5.433,4.435,3.833,4.448,4.517,4.321,4.333,4,3.909,3.778,4.25,3.375,3.6,3.722,3.75,4.2,4.167,5,3.667,3.909,3.632,4.6,4.115,4,"LLM추정(저신뢰,미검수)","보간(앵커거리기반,완만혼합)"
J08-089,제조 연구개발직 및 공학기술직,전기공학 기술자 및 연구원,전기계측제어기술자,3.9,3.3,3.8,3.267,3.567,3.2,3.333,3.3,3.333,2.967,4,3.967,3.267,3.367,2.967,3.9,1.933,2.4,2.1,1.433,1.9,1.433,2.2,1.033,3.7,3.8,2.133,1.5,3.167,3.1,3.9,1.433,1.167,1.433,1.333,1.533,1.1,1.2,1.867,2.167,2.633,1.1,1.2,1.033,3.767,2.733,3.1,2.467,1.667,3.778,3.682,3.2,3.714,3.5,2.667,4,2,4.667,5.533,4.294,3.2,4.192,4.857,4.867,4.429,3,3.571,3,3.75,2,3,4,4.05,4.44,2,2.75,1,4.357,3.783,5.083,3.72,3.273,"LLM추정(저신뢰,미검수)","보간(앵커거리기반,완만혼합)"
J08-090,제조 연구개발직 및 공학기술직,전기공학 기술자 및 연구원,발전설비기술자,3.4,3.6,3.5,2.867,3.8,3.1,3.467,3.133,3.167,3.3,3.667,3.667,3.267,3.167,3.3,3.433,1.9,2.567,1.933,1.9,2.3,1.867,2.467,1.267,3,4,2.133,1.867,3.667,3.233,3.8,3,1.5,1.533,1.633,1.567,1.333,1.667,2.2,2.267,3.133,1.3,1.4,1.367,3.067,2.2,2.567,2.833,1.6,3.667,3.458,3.786,3.769,3.474,3.538,3.81,3.75,4.583,5.267,3.882,4.778,4.9,4.517,5.034,4.68,3.125,4.143,3.2,4.125,3.75,3.667,4,3.6,4.556,3.75,3.4,3.4,4.32,3.611,3.958,3.84,3.625,"LLM추정(저신뢰,미검수)","보간(앵커거리기반,완만혼합)"
J08-091,제조 연구개발직 및 공학기술직,전기공학 기술자 및 연구원,송·배전설비기술자,3.933,4.367,4.133,3.467,4.1,3.9,3.8,4.367,4.167,4.267,4.433,4.433,4.033,3.8,2.433,3,2.767,2.7,2.6,2.067,3.3,2.233,1.6,1.033,3.133,3.267,1.5,1.767,3.033,3.133,2.733,1.867,1.133,1.9,1.4,1.533,1.2,1.867,2.933,2.433,1.933,1.033,1.067,1.1,3.567,2.967,3.067,2.7,2,4.429,3.643,4.12,4.211,4.793,3.524,3,1,4.276,4.481,3,2.833,3.692,4.63,3.923,3.35,4,4.308,3,3.667,2.6,3.368,4.259,3.696,3.474,3,3,3,4.1,4.12,4.448,4.348,3.3,"LLM추정(저신뢰,미검수)","보간(앵커거리기반,완만혼합)"
J08-092,제조 연구개발직 및 공학기술직,전기공학 기술자 및 연구원,전기감리기술자,4.033,4.033,4.3,3.7,4.367,4.1,3.9,4.033,4,4.067,4.333,4.367,4.333,3.833,2.767,3.067,2.733,2.967,2.6,2.7,3.4,2.667,1.4,1.067,3.067,3.233,1.133,2.133,2.933,3.267,3.667,1.967,1.033,1.633,1.433,1.5,1.333,2.1,3.1,2.633,2.533,1.133,1.1,1.167,3.7,3.4,3.2,3.2,2,3.7,3.733,4,3.64,4.607,4.13,3.286,2,4.074,4.852,4.5,4.056,4.192,4.483,5.071,3.381,3,3.9,3.857,3.857,2.875,3.833,4.138,4.042,4.115,2.25,3.333,3.25,5.1,4.467,4.357,4.172,2.524,"LLM추정(저신뢰,미검수)","보간(앵커거리기반,완만혼합)"
J08-093,제조 연구개발직 및 공학기술직,전기공학 기술자 및 연구원,전기안전기술자,3.833,3.6,3.933,3.533,3.933,3.833,3.6,3.833,3.7,3.6,4.133,4.2,4.167,3.667,3,3.8,2.1,2.9,2.067,2.133,3.733,2.033,1.567,1.2,3.067,3.667,1.633,3.133,3,3.1,3.1,1.833,1.233,2.433,1.8,1.733,1.5,2.567,2.967,2.333,2.533,1.333,1.333,1.4,3.8,3.167,2.4,2.833,1.733,3,3.433,3.316,3.318,4.5,3.571,3,3.75,3.897,4.667,3.615,3.964,4,4.138,3.9,3.176,3,3.609,2.824,3.214,3.5,3.6,3.962,3.462,3.407,2.857,3.625,3,4.862,3.833,4.042,3.857,3.429,"LLM추정(저신뢰,미검수)","보간(앵커거리기반,완만혼합)"
J08-094,제조 연구개발직 및 공학기술직,전자공학 기술자 및 연구원,전자제품 및 부품 개발기술자,4.167,3.733,4,3.167,3.5,3.1,3.167,3.333,3.533,3.3,3.6,4.2,3.567,3.2,3.4,3.767,1.967,2.7,1.367,1.367,2.433,1.4,2.3,1,3.333,3.9,2.433,1.067,2.733,3.333,2.8,2.367,1.233,1.533,1.2,1.167,1.133,1.4,2.1,2.3,3.233,1.1,1.233,1.133,2.4,2.033,2.3,2.433,1.6,3.176,3.333,3.222,3.667,3.762,2.667,3.611,0,4.2,4.4,3.5,2,3.346,4.63,4.65,3.762,3,3.3,2.167,2,3,3.1,3.5,3.524,3.828,4,2.667,2,3.778,3.318,3.81,3.24,3.5,"LLM추정(저신뢰,미검수)","보간(앵커거리기반,완만혼합)"
J08-095,제조 연구개발직 및 공학기술직,전자공학 기술자 및 연구원,반도체공학기술자 및 연구원,4.1,3.933,3.967,2.8,3.467,3.233,3.2,3.567,3.767,3.267,3.667,4.267,3.633,3.5,3.8,4.167,1.667,2.667,1.467,1.3,1.433,1.533,2.3,1.1,3.8,4.267,2.233,1.2,3.067,3.533,4.167,3.3,1.433,1.367,1.1,1.233,1.4,1.1,2.267,2.3,3.8,1.033,1.133,1.033,2.333,1.9,2.133,2.8,1.233,3.071,3.3,2.889,3,2.8,3.375,3.579,6,4.9,5.552,3.5,4.667,3.72,4.966,5.133,4.84,4.333,2.857,2.667,2.667,2.833,3,3.524,3.522,4.517,4,3.667,3,3.529,3.211,3.591,3.483,2.8,"LLM추정(저신뢰,미검수)","보간(앵커거리기반,완만혼합)"
J08-096,제조 연구개발직 및 공학기술직,전자공학 기술자 및 연구원,전자계측제어기술자,3.467,3.6,3.567,3.133,3.7,3.067,3.067,3.567,3.633,3.2,3.6,3.833,3.433,3.433,2.967,3.6,2.133,2.433,1.5,2.167,2.533,1.3,3,1.2,2.9,3.733,2.3,1.067,3.1,3,2.633,2.1,1.167,1.367,1.267,1.1,1.033,1.3,2.067,1.9,2.6,1.033,1,1.1,2.367,1.7,2,2.267,1.4,3.368,3.577,3.5,3.5,3.75,2.833,3.68,4,4.44,4.5,3.8,2.5,4.103,4.462,4.227,3.8,1.5,3.571,3.2,2.667,2,3.4,4.059,3.733,3.333,3,0,3,4.053,3.615,4.053,3.5,2.875,"LLM추정(저신뢰,미검수)","보간(앵커거리기반,완만혼합)"
J08-097,제조 연구개발직 및 공학기술직,전자공학 기술자 및 연구원,디스플레이연구 및 개발자,3.911,3.755,3.845,3.033,3.556,3.133,3.145,3.489,3.644,3.256,3.622,4.1,3.544,3.378,3.389,3.845,1.922,2.6,1.445,1.611,2.133,1.411,2.533,1.1,3.344,3.967,2.322,1.111,2.967,3.289,3.2,2.589,1.278,1.422,1.189,1.167,1.189,1.267,2.145,2.167,3.211,1.055,1.122,1.089,2.367,1.878,2.144,2.5,1.411,3.205,3.403,3.204,3.389,3.437,2.958,3.623,5,4.513,4.817,3.6,3.056,3.723,4.686,4.67,4.134,2.944,3.243,2.678,2.445,2.611,3.167,3.694,3.593,3.893,3.667,3.167,2.667,3.787,3.381,3.818,3.408,3.058,"LLM추정(저신뢰,미검수)","보간(앵커거리기반,완만혼합)"
J08-098,제조 연구개발직 및 공학기술직,제도사,3D프린팅모델러,3.871,3.71,3.935,3.29,3.806,3.548,3.387,3.71,3.742,3.968,4.226,4.387,3.387,3.419,3.677,3.774,2.516,2.774,2.355,2.968,3.194,2.452,3.355,1.71,3.516,3.032,3.806,2.194,3.323,2.806,2.419,2.419,1.742,2.29,1.871,1.903,1.806,2.258,2.806,2.419,2.742,2.581,1.677,1.581,2.774,2.387,2.355,2.903,1.968,3.56,3.857,3.5,4.346,4.259,4.091,3.793,3.455,4.516,4.464,4.774,3.389,4.071,4.286,3.682,3.739,3.333,3.909,3.714,4,3.154,3.789,4.296,4,3.704,3.909,3.636,3.455,3.72,3.636,4.273,4.214,3.167,"LLM추정(저신뢰,미검수)","보간(앵커거리기반,완만혼합)"
J08-099,제조 연구개발직 및 공학기술직,제도사,제도사(캐드원),3.667,3.433,3.467,2.233,2.967,2.967,2.967,3.167,3.267,3.333,3.867,4.5,3.567,3.067,2.667,3.3,1.733,2.733,1.833,1.833,2.033,1.433,1.9,1.233,3.3,2.633,4,2.467,2.533,2.533,1.833,1.4,1.4,1.7,1.533,1.667,1.467,1.433,2,2.033,2.233,1.733,1.333,1.233,2.067,1.867,2.467,2.933,1.633,2.143,3.733,2.762,2.667,2.826,2.333,2.9,2,4.1,3.414,4.933,3.44,3.034,3.25,2.333,2.333,2.083,2.529,2.786,2.412,1.857,2,3.13,2.741,2.923,3.059,1.8,1.714,3.368,2.56,3.846,3.7,2.278,"LLM추정(저신뢰,미검수)","보간(앵커거리기반,완만혼합)"
J08-100,제조 연구개발직 및 공학기술직,화학공학 기술자 및 연구원,석유화학공학기술자 및 연구원,3.633,3.667,3.967,3,4.1,3.433,3.7,3.6,3.6,3.667,4.233,4.5,3.9,3,3.2,3.9,1.467,2.4,1.267,1.467,1.5,1.167,3.433,1,1.8,2.967,1.667,1.267,2.267,3.367,2.967,4.6,1.333,1.167,1.167,1.133,1.067,1.2,1.867,2,3.167,1.133,1.2,1.033,2.333,2.133,1.733,2,1.267,3.25,4.067,2.5,2.875,3.75,3,4.038,0,4.231,4.5,4,4,3.2,4.5,4.375,5.167,2.857,2.75,3,3.333,3,3.75,4.6,4.143,3.828,3.5,3.75,3,4.429,3.714,4.077,4.071,2.333,"LLM추정(저신뢰,미검수)","보간(앵커거리기반,완만혼합)"
J08-101,제조 연구개발직 및 공학기술직,화학공학 기술자 및 연구원,고무 및 플라스틱화학공학기술자 및 연구원,4.167,3.933,3.9,3.133,3.733,3.533,3.8,3.867,3.867,3.9,4.1,4.033,3.933,3.667,3.633,3.933,1.7,2.7,1.333,1.433,1.733,1.3,3.367,1,2.467,3.1,1.4,1.133,2,2.9,2.867,4.333,1.1,1.233,1.167,1.1,1.267,1.367,1.667,1.867,3.167,1.067,1.2,1.1,1.633,1.467,1.333,2.3,1.2,2.923,3.538,2.714,3.25,3.364,3.333,4.071,0,4.19,4.333,3.833,4,3.263,4.483,3.929,5.1,2.5,4.5,3,3.5,2,3.571,3.7,3.8,4.31,3,3.25,3,3.75,3.429,3.25,3.882,4,"LLM추정(저신뢰,미검수)","보간(앵커거리기반,완만혼합)"
J08-102,제조 연구개발직 및 공학기술직,화학공학 기술자 및 연구원,도료 및 농약품화학공학기술자 및 연구원,3.467,3.1,3.7,3.367,3.767,3.1,3.333,2.967,3,3.2,3.9,3.533,3.233,3.233,3.667,3.933,1.867,2.467,1.6,1.667,2.367,1.567,3.333,1.4,2.133,2.933,1.3,1.133,2.033,2.6,2.9,3.7,1.8,1.267,1.167,1.233,1.167,1.267,1.933,2.033,3.1,1,1,1.033,2.633,2.667,1.633,2.067,1.233,3.077,3.435,2.917,3.7,3.737,3.444,3.821,3.429,4.059,4.615,3.5,2.667,3.647,4.522,4.107,4.933,5,3,2.8,4.25,3.333,3.333,4.077,3.882,4.448,0,0,4,3.6,3.75,3.538,4.267,4,"LLM추정(저신뢰,미검수)","보간(앵커거리기반,완만혼합)"
J08-103,제조 연구개발직 및 공학기술직,화학공학 기술자 및 연구원,비누 및 화장품화학공학기술자 및 연구원,4.033,3.933,4.167,3.6,4.2,3.933,3.8,3.833,3.9,4.033,4.3,4.467,4.067,3.5,4.367,4.067,2.067,3.067,1.8,2.9,2.667,1.967,3.7,1.667,1.933,2.467,2.1,1.233,1.933,2.8,2.467,4.133,2.733,2.333,1.967,1.5,1.767,1.8,2.867,2.533,3.333,1.567,1.4,1.167,2.933,2.933,1.8,2.8,1.567,3.05,3.667,2.889,4.5,3.68,3.857,3.833,3.5,3.867,3.682,2.737,2.333,2.789,4.296,3.481,5.2,3.24,4.053,3.188,3.4,2.786,3.385,4.087,3.792,4.31,3.182,3.3,2.5,3.48,3.704,4.077,3.96,2.818,"LLM추정(저신뢰,미검수)","보간(앵커거리기반,완만혼합)"
J08-104,제조 연구개발직 및 공학기술직,화학공학 기술자 및 연구원,의약품공학기술자 및 연구원,3.716,3.65,3.967,3.3,3.984,3.475,3.633,3.533,3.617,3.658,4.108,4.25,3.867,3.316,3.684,4.092,1.825,2.634,1.575,1.85,2.067,1.55,3.125,1.442,2.125,2.6,1.608,1.166,2.083,2.883,2.808,4.2,2.358,1.558,1.434,1.225,1.875,1.5,2.258,2.342,3.258,1.208,1.167,1.108,2.492,2.383,1.791,2.325,1.292,3.241,3.685,2.826,3.602,3.771,3.513,3.986,3.643,3.959,4.182,3.403,3.5,3.264,4.454,4.064,5.217,4.243,3.34,3.025,3.246,3.392,3.592,4.323,3.894,4.346,3.561,3.183,3.188,4.077,3.811,3.804,4.062,2.954,"LLM추정(저신뢰,미검수)","보간(앵커거리기반,완만혼합)"
J08-105,제조 연구개발직 및 공학기술직,화학공학 시험원,화학공학시험원,3.467,3.533,3.733,3.133,3.9,3.6,3.2,3.5,3.6,3.6,4.333,4.267,4,3.4,3.3,4.167,1.567,2.867,1.433,1.867,2.433,1.333,2.633,1.233,2.333,2.533,1.133,1.1,2.433,2.467,2.533,4.4,2,1.367,1.467,1.1,1.367,1.433,2.233,2,2.5,1.067,1.067,1.067,2.9,2.1,2,2.833,1.567,2.571,3.296,2.909,4.231,3.65,2.857,3.619,3,3.87,3.864,3,2.667,3.222,4.348,3.741,5.667,3.471,3.857,3.222,3,2.667,3.375,4.15,3.632,3.538,2,2,2.5,3.875,3.789,3.95,4,2.5,"LLM추정(저신뢰,미검수)","보간(앵커거리기반,완만혼합)"
J08-106,제조 연구개발직 및 공학기술직,환경공학 기술자 및 연구원,대기환경기술자 및 연구원,3.867,3.7,4.1,3.1,3.967,3.667,3.567,3.6,3.667,3.733,4.133,4.367,4.267,3.333,3.333,4.067,2.167,3.233,1.767,1.167,2.867,1.433,1.5,1.133,2.633,2.9,1.333,1.267,2.5,3.2,3.1,3.867,2.4,1.8,1.767,2.4,1.2,1.567,2.333,2.433,2.667,1.067,1.233,1.2,2.667,3.167,2.233,2.667,1.333,3.619,3.867,3.462,3,4.154,2.9,3.222,4.5,3.92,3.923,3.857,3.6,3.292,4.667,4.25,4.931,3.87,3.929,3.385,4,2.5,4.111,4.227,3.958,3.923,2.5,3.4,2.6,3.833,3.929,4.474,3.815,2.778,"LLM추정(저신뢰,미검수)","보간(앵커거리기반,완만혼합)"
J08-107,제조 연구개발직 및 공학기술직,환경공학 기술자 및 연구원,수질환경기술자 및 연구원,3.5,3.667,3.867,3.067,3.9,3.467,3.633,3.4,3.267,3.633,4.1,4.2,4.333,3.633,2.8,3.967,2.333,3,2.033,1.233,2.933,2.167,1.133,1,2.333,2.833,1.3,1.133,2.6,3,3.033,3.833,2.533,1.4,1.567,2.033,1.533,1.433,2.6,2.7,2.6,1.067,1.333,1.2,2.9,3.2,2.367,2.733,1.567,3.72,3.621,3.579,2.167,3.84,3.722,2,0,3.81,4.346,3,2,3.5,4.429,4.133,4.931,3.714,3.143,3.1,3.312,2.4,3.222,4.083,3.88,3.741,2,3.167,3,3.519,4.179,3.727,3.679,2.308,"LLM추정(저신뢰,미검수)","보간(앵커거리기반,완만혼합)"
J08-108,제조 연구개발직 및 공학기술직,환경공학 기술자 및 연구원,폐기물처리기술자,3.8,3.733,3.8,3,3.7,3.5,3.267,3.667,3.833,3.2,3.967,4.433,4.033,3.367,3.1,4.233,1.7,2.9,1.567,1.4,2.733,2,1.6,1.033,2.7,3.367,1.367,1.267,2.9,2.967,3,3.867,2.5,1.833,1.333,1.633,1.1,1.9,2.233,2.633,2.933,1,1.133,1.1,2.9,2.7,2.133,2.667,1.367,3.056,3.433,2.769,2.556,4,2.944,2.846,2,3.778,4.31,3.444,2.714,3.586,4.214,4.071,4.767,3.458,3.294,2.375,2.733,2.667,3.438,3.727,3.893,3.862,0,3,2.333,4,3.8,3.947,3.63,3,"LLM추정(저신뢰,미검수)","보간(앵커거리기반,완만혼합)"
J08-109,제조 연구개발직 및 공학기술직,환경공학 기술자 및 연구원,환경영향평가원,3.667,3.7,4.033,3.5,4.033,3.867,4.067,3.833,3.733,3.8,3.933,4.333,3.867,3.5,3.367,4.067,1.967,2.833,1.867,2.233,2.6,1.9,1.367,1.133,2.833,2.233,2.3,2.133,1.667,2.2,2.6,2.833,3.067,1.7,1.467,2.767,1.333,1.667,2.2,3.067,1.733,1.467,1.6,1.267,2.367,3.667,1.933,2.733,1.633,3.222,3.88,2.875,3.375,3.909,3.067,3,4,3.577,3.889,3.6,4.077,3.333,3.947,3.24,3.733,3.385,3,3.857,4.045,2.6,3.4,3.5,4.24,2.875,2.889,3.222,3.5,3.286,4.148,3.556,3.731,2.636,"LLM추정(저신뢰,미검수)","보간(앵커거리기반,완만혼합)"
J08-110,제조 연구개발직 및 공학기술직,환경공학 기술자 및 연구원,소음진동기술자 및 연구원,3.5,3.3,3.733,3.367,3.633,3.2,3.5,3.467,3.5,3.7,4.033,4.167,3.7,3.367,3.233,3.9,2.233,3.033,2.267,2.767,3.133,2.4,2.433,1.3,3.033,4,2.533,3.233,3.467,3.967,4,2.3,1.7,2.433,2.333,2.3,1.533,2.1,2.8,2.833,2.8,1.5,1.633,1.6,2.867,3.067,2.367,2.667,2.233,3.579,3.966,3.391,4.318,4.185,3.6,3.714,2.667,4.259,5.393,4.435,3.808,4.214,5.233,5.276,3.905,3,4.15,3.895,3.7,3,3.867,4.28,4.045,3.577,3.2,3.167,3.364,3.75,3.741,3.947,4.091,3.5,"LLM추정(저신뢰,미검수)","보간(앵커거리기반,완만혼합)"
J08-111,제조 연구개발직 및 공학기술직,환경공학 기술자 및 연구원,토양환경기술자 및 연구원,3.667,3.667,3.8,3,3.7,3.5,3.567,3.8,3.7,3.733,4.1,4.2,3.767,3.367,2.4,3.267,2.733,3.167,2.533,2.133,3.2,2.6,2.3,1.767,2.9,3.3,1.967,1.533,3.2,3.2,3.133,3.933,2.4,1.767,1.933,2.767,1.667,1.733,2.967,2.767,3.033,1.3,2.133,1.3,3.2,3.233,2.233,2.533,1.767,3.893,3.931,3.667,3.867,4.538,3.64,3.412,2.75,4.037,4.857,3.857,3,3.793,4.367,4.321,5.033,4.053,3.75,3.625,4.042,2.667,3.231,4.407,4,4.071,3,4.714,3.333,4.071,4.103,4.1,3.833,2.938,"LLM추정(저신뢰,미검수)","보간(앵커거리기반,완만혼합)"
J08-112,제조 연구개발직 및 공학기술직,환경공학 시험원,환경시험원,3.867,3.567,4.133,2.967,4,3.7,3.533,3.533,3.7,3.833,4.133,4.4,4.1,3.333,2.933,3.9,2,3,1.633,1.267,1.933,1.6,1.467,1.133,2.3,2.367,1.233,1.167,2.367,2.8,2.4,3.333,2.333,1.5,1.367,1.667,1.167,1.667,2.467,2.733,2.333,1.033,1.167,1.1,2.667,2.867,2,2.4,1.167,3.611,3.483,2.733,3,3.111,3.308,3,3.5,3.75,3.714,2.429,2.2,3.048,4.333,3.727,4.16,2.7,3.75,2.75,2.857,2,3.462,3.81,3.731,3.478,2,3.667,2.5,4.043,3.68,3.304,3.48,2.2,"LLM추정(저신뢰,미검수)","보간(앵커거리기반,완만혼합)"
J09-001,영업·판매직,기술 영업원,기술영업원,3.433,3.6,3.5,2.933,3.633,3.5,3.8,3.433,3.467,3.6,3.9,3.767,3.333,2.9,2.733,3.233,1.867,2.367,1.933,3.867,3.767,1.667,2.033,1.1,2.5,2.333,1.6,1.067,2.233,1.933,1.633,1.433,1.167,2.5,1.433,1.5,1.167,2.8,2.167,1.967,2.4,1.133,1.3,1.167,2,1.933,2.7,2.833,2.067,3.294,3.636,3.588,5.067,4.4,3.143,3.412,3.333,4.048,3.833,2.833,4,3.647,4,3.583,3,2.5,3.909,2.455,2.9,2.667,4.2,3.882,3.857,3.952,3,2.667,3.333,3.562,3.5,4.087,3.704,3,"LLM추정(저신뢰,미검수)","보간(앵커거리기반,완만혼합)"
J09-002,영업·판매직,노점 및 이동 판매원,노점 및 이동판매원,3.633,3.767,3.6,2.5,2.933,3.533,3.867,3.833,4.033,3.5,3.6,3.5,3.867,3.233,2.5,2.433,2.267,1.2,2.067,3.333,3.867,1.3,1.433,1.5,1.133,1.067,1.167,1.033,1.333,1.9,1.067,1.067,1.5,2.167,1.633,1.267,1.2,1.533,1.3,1.267,1.2,1.133,1.167,1.3,1.733,1.433,1.4,2.033,2.1,3.217,2.6,2.826,4.103,4.233,2.6,3.286,3.857,3.667,3,2.5,6,3.125,3.412,2.5,2.5,2.75,3.8,3.222,3.333,3.5,4,2.833,3,2.8,2.25,2.75,2.4,3.154,3.222,3.5,3.067,3.294,"LLM추정(저신뢰,미검수)",실측
J09-003,영업·판매직,매장 계산원 및 요금 정산원,매장계산원 및 요금정산원,2.667,2.967,2.767,2.533,2.867,3.067,3.033,3.267,3.2,2.967,3,3.6,3.2,2.6,2.267,2.067,1.233,2.033,2.1,1.267,3.033,1,1,1,1.433,1,1,1,1.133,2.533,1.033,1,1,1.767,1.133,1,1,1.333,1.3,1.167,1.367,1,1,1,1.4,1.233,1.333,1.7,1.133,2,2.16,2.5,2.5,2.867,0,0,0,2.286,0,0,0,2,2.966,2,0,0,2.692,2.333,0,0,2.75,2.25,2.333,2.125,0,0,0,2.167,2.25,2.429,2.2,2,"LLM추정(저신뢰,미검수)","보간(앵커거리기반,완만혼합)"
J09-004,영업·판매직,매표원 및 복권 판매원,매표원 및 복권판매원,2.3,3.767,2.967,1.8,2.5,2.867,3.067,3.567,3.933,2.7,3.267,3.667,3.733,2.5,1.533,1.733,1.967,2.067,1.933,2.2,3.6,1.333,1.333,1.1,1.6,1.133,1.133,1.067,1.3,2.433,1,1,1.033,1.833,1.267,1.1,1,1.5,1.367,1.667,1.333,1.1,1.1,1.1,1.767,1.3,1.467,1.5,1.067,2.65,2.792,2.667,3.611,4.241,3.5,2.857,2,3.667,3.333,2.75,4,2.5,3.174,0,0,3,2.867,3.8,3,0,3.5,3.571,2.611,2.5,2.667,2.667,3.333,3.417,3.143,3.4,3.75,3,"LLM추정(저신뢰,미검수)","보간(앵커거리기반,완만혼합)"
J09-005,영업·판매직,방문 판매원,방문판매원,3.633,3.6,3.5,3.167,3.167,3.567,3.933,3.7,3.9,3.4,3.533,3.4,3.767,3.9,2.5,2.767,2.2,2.233,2.067,3.8,3.533,2.067,2.1,1.233,1.467,1.167,1.167,1.033,1.1,1.867,1.1,1.033,1.067,2.4,1.467,1.233,1.267,2.767,1.533,1.633,1.633,1.233,1.267,1.333,1.533,1.6,2.2,2.2,1.467,2.524,2.739,2.9,5.103,4.233,3.857,3.357,2.5,3.111,2.333,1.75,2,2,3.059,2,2,2,3.318,2.5,3,2.143,4.5,2.545,3.5,2.818,2.8,3,2.667,2.556,3,3.571,3.318,2.778,"LLM추정(저신뢰,미검수)","보간(앵커거리기반,완만혼합)"
J09-006,영업·판매직,부동산 컨설턴트 및 중개인,부동산중개인,4.467,4.367,4.5,4.233,4.467,4.467,4.567,4.333,3.967,4.367,4.7,4.5,4.5,4.3,3.767,4.133,3.9,3.333,3,3.967,4.167,2,1.1,1.1,2.3,1.233,1.3,2.233,1.167,2.767,1.167,1.033,1.033,3.667,2.067,2.667,1.233,3.733,1.8,2.733,1.667,1.3,1.3,1.233,2.9,3.933,2.633,2.567,1.7,3.933,3.7,3.833,4.267,4.433,3.529,3,1.5,3.75,3.25,3.167,3.125,2.25,4.136,2.333,1,1,4.071,3.211,3.842,2.4,4.25,3.462,4,3,2.8,3.2,2.25,3.269,3.667,3.96,4,3,"LLM추정(저신뢰,미검수)","보간(앵커거리기반,완만혼합)"
J09-007,영업·판매직,상점 판매원,상점판매원,3.867,3.867,4,3.367,3.733,4.067,4.1,4.067,4,3.833,4.233,3.933,4.033,3.9,3.133,3.333,2.3,1.933,2.567,3.633,4.133,2.133,2.5,1.767,1.633,1.267,2.233,1.167,1.767,3.1,1.3,1.3,1.3,3.533,2.033,1.367,1.4,2.867,2.133,1.833,1.8,1.567,1.433,1.3,2.533,2.1,2,2.767,2.133,3.412,3.2,3.381,4.867,4.367,3.462,3.435,3.385,2.923,3.25,4,2.6,2.714,4,3.5,3.2,3.4,4.107,3.667,4,2.833,3.609,3.786,3.312,3.294,3.429,3.333,3,3.409,3.1,3.412,3.423,2.812,"LLM추정(저신뢰,미검수)","보간(앵커거리기반,완만혼합)"
J09-008,영업·판매직,상품 대여원,상품대여원,3.033,3.333,3.2,2.567,3.033,3.4,3.467,3.3,3.267,3.5,3.6,3.667,3.5,2.933,2.2,2.533,2.267,2.133,2.067,3.1,4.033,1.5,1.133,1,1.4,1.167,1.4,1.033,1.3,1.433,1.033,1.033,1,2.167,1.233,1,1.067,2.567,1.8,1.333,1.433,1.6,1.033,1.167,1.667,1.7,1.967,1.967,1.4,2.909,2.95,2.85,3.923,4.8,3.2,2.25,0,3,2.25,3.429,2,2.5,2.727,2,2,0,3.368,2.143,0,2,3.818,3.308,2.667,2.385,3.333,2,2.75,3.286,3.889,3.444,3.538,3.5,"LLM추정(저신뢰,미검수)","보간(앵커거리기반,완만혼합)"
J09-009,영업·판매직,상품 중개인 및 경매사,상품중개인 및 경매사,3.933,3.978,4.033,3.544,4.122,3.967,4.133,3.844,3.767,3.967,4.222,4.045,3.844,3.567,3.289,3.722,2.778,3.033,2.522,3.878,3.811,1.911,2.055,1.378,2.367,1.866,1.622,1.589,1.733,2.589,1.522,1.344,1.189,2.945,1.844,2.156,1.267,3.1,2.278,2.456,2.756,1.289,1.456,1.322,2.4,2.755,2.589,2.789,2.245,3.606,3.901,3.654,4.801,4.489,3.435,3.458,2.889,3.916,3.761,3.313,3.518,2.966,4.206,3.366,2.389,2.167,4.109,3.134,3.639,2.467,4.425,3.91,4.004,4.106,2.896,3.102,2.912,3.407,3.581,4.074,4.048,3.099,"LLM추정(저신뢰,미검수)","보간(앵커거리기반,완만혼합)"
J09-010,영업·판매직,소규모 상점 경영 및 일선 관리 종사원,소규모판매점장,3.867,4.033,4.067,4.067,4.133,4.2,4.1,4.2,4.133,4.133,4.267,4.067,4.267,3.733,3.5,3.8,3.167,2.6,2.833,3.8,4.133,2.633,2.1,1.533,2.067,1.4,1.967,1.1,1.333,2.933,1.1,1.067,1.2,3.2,2.3,1.233,1.133,2.9,2.267,1.867,1.867,1.267,1.167,1.2,2.367,2.067,2.167,3.133,2.133,3.536,3.538,3.84,4.633,4.567,3.87,3.294,2.9,3.35,3.2,3.417,3,2.75,4.182,3,2.5,3.75,3.885,3.5,3.333,3,3.955,3.55,3.056,2.812,2.667,3.2,3.167,3.3,3.1,3.636,4.074,3.526,"LLM추정(저신뢰,미검수)","보간(앵커거리기반,완만혼합)"
J09-011,영업·판매직,온라인 판매원,온라인판매원,3.8,3.6,3.933,3.267,3.433,3.5,3.4,3.533,3.467,3.9,3.833,3.633,3.4,3.467,3.433,3.233,2.533,3,2.633,4,4.167,1.967,2.433,1.667,2.833,1.133,1.767,1.2,1.367,1.767,1.433,1.133,1.2,2.433,1.7,1.433,1.267,3.367,2.1,2.167,1.7,1.467,1.233,1.4,1.633,2.133,2.9,3.1,2.067,3,3.667,3.464,4.967,5.033,3.1,3.25,2.182,3.857,7,2.5,3,1.875,3.312,2.583,2,1.75,3.435,2.933,3,2.4,4.033,3.579,3.158,2.706,3.625,3,2.5,2.545,3.048,3.929,3.759,2.842,"LLM추정(저신뢰,미검수)","보간(앵커거리기반,완만혼합)"
J09-012,영업·판매직,자동차 영업원,자동차영업원,4.133,3.733,3.9,3.067,3.533,3.667,4.067,3.667,3.867,3.8,3.933,3.667,3.667,3.4,3,3.267,2.433,2.6,2.433,4.567,4.433,2.067,2.067,1.333,2.133,1.733,2.333,1.5,2.133,2,1.4,1.533,1.4,3.167,2.1,1.8,1.467,3.3,2.1,2.367,2.267,1.767,1.8,1.833,2.067,2.067,2.433,2.467,2.7,4.111,3.952,4.1,5.833,5.267,3.75,3.176,4.2,3.684,3.923,3.429,4.167,2.944,3.75,2.714,4.167,3.333,4.125,3.929,3.417,3.833,4.625,3.625,3.684,3.45,3.308,3.636,3.917,3.353,3.533,4.316,3.857,3.591,"LLM추정(저신뢰,미검수)",실측
J09-013,영업·판매직,제품·광고 영업원,제품광고영업원,3.733,4,4.133,3.733,4.167,4.067,4.133,4.067,3.867,4.067,4.233,3.9,3.867,3.333,3.4,3.6,1.9,2.467,2.033,3.967,3.733,1.633,3.167,2.367,2.5,1.767,2.333,1.233,1.733,1.9,1.6,1.8,1.7,3.167,2.533,2.067,1.533,3.233,2.6,2.367,2.7,1.7,1.4,1.467,2.2,2.233,2.667,3.267,2.5,3.167,3.739,3.263,4.966,4.821,3.182,3.893,3.737,3.692,3.692,3.667,3,2.875,3.882,3.5,4,3.909,4.185,3.739,4.125,3.222,4.481,3.76,3.407,3.714,3.308,3.222,3.4,3.579,3.609,3.852,4.138,3.7,"LLM추정(저신뢰,미검수)","보간(앵커거리기반,완만혼합)"
J09-014,영업·판매직,주유원(가스충전원),주유원,2.967,3.467,3.467,2.267,3.633,3.833,3.533,3.567,3.733,3.267,3.767,3.567,3.833,2.933,2.167,2.5,1.467,1.933,1.8,2.333,3.533,1.467,1.1,1,1.567,1.033,1,1,2.3,2.233,1.1,1.4,1.133,1.867,1.267,1.167,1.167,1.7,1.833,1.4,1.333,1.033,1.133,1.033,2.567,1.533,1.6,2.167,2.133,2.727,3,3.067,3.391,4.233,3.667,2,0,2.692,2,0,0,3.292,3.25,2.333,2.545,2.333,3,2.714,3.5,2.4,3.071,3.429,3,2.333,2,3,2,3.81,3.1,3.75,3.217,3.529,"LLM추정(저신뢰,미검수)","보간(앵커거리기반,완만혼합)"
J09-015,영업·판매직,텔레마케터,텔레마케터,3.7,3.9,3.6,1.933,2.633,2.733,3,3.6,4.167,3.333,3.333,3.633,2.867,2.867,1.833,1.867,1.133,2.733,1.3,3.8,3.8,1.133,1.133,1,2.433,1,1.167,1.133,1.033,1.133,1,1,1,2.067,1.367,1,1,2.367,1.267,2.033,1.5,1.033,1.033,1.133,1.133,1.033,2.967,2.867,1,1.75,3.607,2.833,4.8,4.533,2.75,2,0,3.333,0,3.333,3.5,2,2.333,0,0,0,3.6,2.833,0,0,4.6,3.4,3.045,2.6,2,2,2.333,3,2,4.357,3.962,0,"LLM추정(저신뢰,미검수)",실측
J09-016,영업·판매직,통신 기기·서비스 판매원,통신기기·서비스판매원,3.867,3.75,3.9,3.033,3.6,3.783,3.917,3.667,4,3.817,3.883,3.883,3.617,3.183,3.083,3.25,1.8,2.617,1.817,4.067,4.1,1.933,1.567,1.167,2.55,1.417,1.483,1.133,1.883,1.867,1.117,1.15,1.1,2.883,1.867,1.3,1.183,2.95,2.15,2.033,1.617,1.067,1.25,1.35,2,1.983,3.817,3.267,1.3,3.038,3.216,3.241,5,4.733,3.148,2.571,2.2,3.5,2.941,2.889,3,2.938,2.811,2.429,2.5,2.667,3.653,2.839,2.385,2.111,3.623,3.229,2.707,2.519,2,2.25,2.75,3.194,2.897,4.927,4.109,2.818,"LLM추정(저신뢰,미검수)","보간(앵커거리기반,완만혼합)"
J09-017,영업·판매직,해외 영업원,해외영업원,3.9,3.967,4.1,3.467,4.267,3.933,4.033,3.767,3.867,3.933,4.067,3.867,3.7,3.5,3.367,3.8,2.567,3.4,2.633,3.8,3.5,2.067,3.033,1.933,2.3,2.033,1.967,1.467,1.8,3.067,1.767,1.567,1.367,2.667,2.033,2.3,1.4,2.767,2.867,2.667,4.2,1.433,1.767,1.567,2.3,2.4,2.433,2.967,2.967,3.591,4.367,3.542,5.069,4.633,3.632,3.963,3.833,3.95,4.2,3.938,3.429,3,4.481,4.182,3.167,3,4.348,3.737,4.176,2.333,4.826,4.385,4.154,5.367,2.889,3.438,3.154,3.391,3.577,4.174,4.44,3.296,"LLM추정(저신뢰,미검수)","보간(앵커거리기반,완만혼합)"
J09-018,영업·판매직,홍보 도우미 및 판촉원,홍보도우미 및 판촉원,3.633,3.7,4,3.067,3.567,3.133,3.967,3.433,3.9,3.7,3.167,3.333,3.233,2.867,2.3,2.367,1.6,1.633,1.5,3.667,3.733,1.867,1.467,1.2,1.467,1.3,1.367,1.133,1.267,1.9,1.267,1.2,1.333,2.667,1.467,1.367,1.333,2.2,1.867,1.833,1.467,1.533,1.167,1.067,1.967,1.833,1.7,2.6,1.3,2.727,2.429,3.125,4.233,4.033,2.875,2.667,2.5,2.714,3.2,3.4,2.667,3,3,3.5,4,3.25,3.36,2.75,3.167,2.833,2.95,3,2.667,3,3,4.5,2.5,2.722,2.556,2.75,3.435,2.571,"LLM추정(저신뢰,미검수)","보간(앵커거리기반,완만혼합)"
J09-019,운전·운송직,관제사,항공교통관제사,3.967,3.733,4.333,3.7,4.533,3.8,3.567,4.3,4.533,3.8,4.2,4.367,3.433,3.267,2.267,3.567,1.7,2.6,1.167,1.067,2.733,1.933,1.033,1,2.933,1.7,1.3,1.233,2.3,2.733,2.567,1.2,1.133,2.267,1.533,3.333,1.4,1.633,3.9,2.367,4.533,1.067,1.133,1.1,3.767,3.9,3.767,2.9,3.9,3.071,3.333,2.75,3,4.08,3.312,2,0,4.185,4.2,4.5,3.333,3.579,4.125,3.739,2.667,3.333,4.294,2.75,4.444,2.75,3.8,5.069,3.708,5.433,2.5,3.333,3,4.536,4.333,4.867,4.04,5.519,"LLM추정(저신뢰,미검수)",실측
J09-020,운전·운송직,관제사,선박교통관제사,3.433,4.1,4.2,3.4,4.133,3.8,3.233,4.367,4.433,3.867,4.2,4.5,3.633,3.6,2.733,4.267,1.433,2.367,1.233,1.033,2.633,1.267,1,1,2.567,1.5,1.033,1.033,1.667,1.533,1.833,1.1,1.033,2.1,1.367,3.967,1.167,1.267,2.5,2.067,4.233,1,1.1,1.067,3.7,3.8,4.3,3.133,3.933,3,3.296,2.6,2,4.667,3.4,0,0,3.889,3.333,3,2,2.412,3.667,3.786,3,2,4.059,2.857,5,3,3,4.045,3.765,5.167,0,3.5,2.5,4.207,4.31,5.167,4.56,5.36,"LLM추정(저신뢰,미검수)","보간(앵커거리기반,완만혼합)"
J09-021,운전·운송직,관제사,철도교통관제사,3.167,3.4,3.667,3.067,3.833,2.967,3.333,3.9,4.1,3.467,3.5,3.9,3.067,3.133,2.467,3.433,1.433,2.233,1.267,1.2,2.367,1.433,1.067,1,2.4,1.667,1.067,1.033,1.933,2.033,1.367,1.1,1.067,1.9,1.267,1.533,1.267,1.467,2.433,1.767,1.467,1,1.067,1.033,2.833,2.933,3.067,2.433,2.867,2.727,2.929,3.167,3.4,3.875,3.714,4,0,4.038,3.067,2.5,2,3,3.36,2.5,2.333,2,3.316,3.6,3.273,3.2,3.364,3.68,3.375,2.917,0,4,5,3.741,3.923,4.034,3.731,3.96,"LLM추정(저신뢰,미검수)","보간(앵커거리기반,완만혼합)"
J09-022,운전·운송직,기타 철도운송 종사원,신호원 및 수송원,3.5,3.6,3.967,3.2,4.267,3.967,3.7,4.2,3.733,3.833,4.367,4.367,4.233,3.267,2.7,3.5,2.033,2.467,1.733,1.967,2.667,2.067,1.633,1.367,2.8,2.4,1.567,1.967,3.333,2.5,2.067,1.7,1.433,2.233,2.1,2.267,1.733,1.867,2.933,2.3,2.267,1.433,1.7,1.5,4.1,2.7,3,2.633,4,2.714,3.036,2.733,2.429,3.481,2.8,2.917,1.625,3.714,3.818,2.308,3.929,4.107,3.8,3.19,2.526,2.818,3.2,3.19,3.208,2.389,2.4,4.036,3.261,3.148,2.545,2.611,2.286,4.517,3.414,4.25,3.346,4.333,"LLM추정(저신뢰,미검수)","보간(앵커거리기반,완만혼합)"
J09-023,운전·운송직,물품이동장비 조작원(크레인·호이스트·지게차),크레인·호이스트운전원,3.467,3.433,3.633,2.933,3.433,3.267,3.367,3.2,3.7,3.167,3.6,3.9,3.4,3.233,2.733,3.033,2.033,1.7,1.4,1.833,2.033,1.433,1.8,1.133,1.7,1.6,1.233,1.467,3.8,1.567,1.633,1.2,1.067,1.533,1.367,1.767,1.267,1.267,1.8,1.333,1.3,1.033,1.033,1.033,2.767,1.567,1.667,1.367,2.867,3.286,2.385,2.5,3.667,3.333,2.333,3,2.333,3,3.455,2.8,3.375,4.233,3,2.917,2.833,2,3.6,2.857,3.667,2.667,3,4.091,2.667,2.833,2,2,2,3.773,3.214,4.231,3.143,3.85,"LLM추정(저신뢰,미검수)",실측
J09-024,운전·운송직,물품이동장비 조작원(크레인·호이스트·지게차),지게차운전원,3.633,3.867,4,3.3,3.6,3.633,3.367,3.633,3.667,3.367,3.833,4.267,3.467,3.267,2.467,2.833,2.467,1.867,1.967,2.5,2.733,1.9,2.167,1.3,1.4,1.233,1.2,1.233,2.967,1.167,1.2,1.167,1.167,1.467,1.2,1.967,1.267,1.433,1.5,1.2,1.133,1.167,1.2,1.133,2.933,1.833,2,1.633,4,3.286,3.6,3.643,3.571,3.522,3.583,3.769,3.4,3.286,5,5,4.25,4.15,4.333,3.667,3.5,4,3.857,3.25,3.688,4.667,4,4.667,4,4,5,4.5,3.5,4.15,3.615,3.625,4.25,4.464,"LLM추정(저신뢰,미검수)","보간(앵커거리기반,완만혼합)"
J09-025,운전·운송직,버스 운전원,버스운전원,3.133,3.8,3.833,2.967,3.533,4,3.533,4.067,4.1,3.267,3.633,3.7,3.8,3.233,2.633,2.633,1.6,1.4,1.5,1.7,3.9,2.067,1.267,1.2,1.667,1.567,1.167,1.2,2.1,1.867,1.933,1.3,1.3,2.433,1.6,2.3,1.533,1.767,1.9,1.667,1.533,1.133,1.233,1.367,3.1,2.567,2.133,1.867,4.167,3.2,2.636,2.417,3.571,4.379,4.083,3.2,2.8,2.5,2.733,2.75,3,3.087,2.739,2.9,3,3.286,3.64,2.786,4.368,2.692,2.941,2.842,2.842,2.538,1.75,2.667,2.5,3.862,3.44,3.042,3.5,4.067,"LLM추정(저신뢰,미검수)","보간(앵커거리기반,완만혼합)"
J09-026,운전·운송직,선박승무원 및 관련 종사원(선박객실 승무원 제외),선박기관사,3.567,3.633,3.667,3.333,3.667,3.533,3.4,3.633,3.633,3.567,3.833,3.933,3.567,3.133,3.067,3.533,1.567,1.833,1.033,1,1.933,1.433,1,1,2.833,1.667,1,1,4.4,1.667,2.567,1.733,1.1,1.2,1.1,2.667,1.233,1.067,1.667,1.133,1.967,1.033,1,1.033,2.9,2.067,2.3,1.867,3.533,3.5,3,3,0,3.286,2.75,0,0,3.435,3.444,0,0,4.367,3.571,3.5,3.273,2.5,3.25,3,3.296,2.6,2,3.875,2.25,2.812,1,0,3,3.333,3.5,3.667,2.938,3.815,"LLM추정(저신뢰,미검수)","보간(앵커거리기반,완만혼합)"
J09-027,운전·운송직,선박승무원 및 관련 종사원(선박객실 승무원 제외),선박갑판원,3.633,3.967,3.8,3,3.5,3.567,3.6,3.7,3.767,3.533,3.6,3.867,3.267,2.367,1.733,2.033,1.067,1.333,1,1,1.467,1.1,1,1,1.2,1.1,1,1,2.733,1.1,1.333,1,1.133,1.5,1.5,3.767,1.067,1,1.5,1,1.033,1,1.1,1.033,2.867,1.667,1.867,1,4,1,3.2,0,0,2.667,2,0,0,2.75,2,0,0,2.7,1,2.8,0,2.5,3.5,2.818,2.828,3,0,3.091,0,3,0,2,1,3.138,2.417,3.059,0,2.724,"LLM추정(저신뢰,미검수)","보간(앵커거리기반,완만혼합)"
J09-028,운전·운송직,"선장, 항해사 및 도선사",선장 및 항해사,4.333,4.033,4.533,4.267,3.933,3.867,3.9,4.1,4,4.4,4,4.367,3.733,3.4,2.767,3.633,2.067,2.333,1.333,1.5,2.733,1.767,1,1,3.1,1.4,1,1,3.733,2.267,2.933,1.367,1.167,2.067,1.333,3.833,1.933,1.6,3.567,2.133,2.9,1,1,1,4.067,2.6,3.467,2.5,4.433,3.133,4,2.875,3.25,4.286,3.143,0,0,3.897,3.375,0,0,4.69,3.52,4.12,3,3.667,3.158,3,5.071,2.667,2.727,4.815,3.136,4.542,0,0,0,4.867,4.05,4.2,3.739,5.429,"LLM추정(저신뢰,미검수)","보간(앵커거리기반,완만혼합)"
J09-029,운전·운송직,우편물 집배원,집배원,3.933,3.9,4.167,3.267,3.8,3.5,3.5,3.833,3.867,3.567,3.967,4.433,3.733,3.267,3.3,3.3,1.633,2.533,1.1,1.433,3.267,1.233,1.1,1.067,2.133,1.167,1.067,1.167,1.733,1.667,1.1,1.033,1,1.867,1.333,1.967,1.2,1.267,1.5,1.833,1.8,1,1,1.167,2.767,1.867,2.967,2.4,3.433,2.818,2.84,2,2.75,3.414,2.667,2,2,2.65,2,2,1.75,2.917,3.167,1.667,2,0,3.071,2.714,3.133,2,2.667,2.7,3.5,3.133,0,0,2.667,3.2,3.062,3.885,3.042,3.379,"LLM추정(저신뢰,미검수)","보간(앵커거리기반,완만혼합)"
J09-030,운전·운송직,철도·전동차 기관사,철도·전동차기관사,4.133,4.2,4.033,3.467,4,3.867,3.633,4.233,4.2,3.7,3.967,3.733,3.467,3.533,2.667,3.2,2.1,2.067,1.8,1.9,2.333,2.033,1.8,1.433,2.733,2.167,1.6,1.467,3.1,2.567,2.2,1.633,1.4,1.967,1.567,1.933,1.633,1.767,2.2,1.767,1.967,1.5,1.667,1.533,3.167,2.367,3.333,2.467,3.8,3.211,2.947,2.938,2.875,3.333,3,2.467,2.818,3.481,3.471,2.692,2.583,3.862,3.481,3.35,3,2.7,3.294,2.6,3.105,2.769,3.133,3.35,2.765,2.5,2.167,3.154,2.5,3.517,3.619,4.1,3.462,4.5,"LLM추정(저신뢰,미검수)","보간(앵커거리기반,완만혼합)"
J09-031,운전·운송직,택배원,택배원,4.091,4.333,4.303,2.667,3.333,3.545,3.545,4.333,4.424,3.667,3.909,4.242,3.909,3.939,2.061,2.212,2.364,2.091,2.061,2.576,3.848,1.364,1.273,1.182,1.576,1.242,1.03,1.091,1.697,1.455,1.152,1.091,1.091,1.788,1.333,2.545,1.242,1.515,1.121,1.667,1.394,1,1.152,1.091,3,1.848,2.576,1.939,4.212,3.136,2.909,3.167,3.682,3.727,3.286,2.25,2.5,2.133,2.25,2,2,2.632,3.273,2.2,2,2,3.067,2.222,3.348,1.875,2.667,2.25,3.7,2.167,0,2,2,3.214,2.28,3.556,2.773,4.333,"LLM추정(저신뢰,미검수)","보간(앵커거리기반,완만혼합)"
J09-032,운전·운송직,택시 운전원,택시운전원,3.6,3.967,3.833,2.867,3.767,4.067,3.8,3.967,3.967,3.533,3.667,3.633,3.833,3.033,2.233,2.4,2.033,1.4,1.767,2.633,3.933,1.833,1.1,1.033,1.667,1.3,1.067,1.033,2.833,1.733,1.167,1,1.2,2.6,1.5,2.6,1.5,1.867,1.567,1.5,1.767,1.033,1.7,1.233,3.033,2.7,2.667,2.2,3.867,3.267,2.25,2.933,3.5,4.4,2.769,2.5,3,2.769,3.4,2,2,3.385,2.875,2.4,0,2.4,3.636,2.667,3.789,2.583,3.267,2.818,2.545,2.579,1,2.714,2.143,3.269,3,3.586,3.333,3.862,"LLM추정(저신뢰,미검수)","보간(앵커거리기반,완만혼합)"
J09-033,운전·운송직,하역·적재 종사원,하역·적재종사원,3.633,3.7,3.9,3.233,3.833,3.9,3.733,3.4,3.5,3.233,3.833,3.9,3.6,3.5,2.7,3.3,1.433,1.8,2,1.6,2.667,1.433,1.267,1.167,1.367,1.2,1.1,1.033,2.733,1.3,1.3,1.1,1.067,1.7,1.533,2.167,1.233,1.6,1.567,1.3,1.4,1.033,1.133,1.1,2.9,1.733,2.2,1.8,3.767,2.4,2.533,3.312,3.083,3.909,3.167,2.833,3,2.429,1.8,2,3,3.16,2.714,2.375,2,3,3.7,3.111,3.5,2,4.1,2.636,3.333,2.375,3,2.5,3,3.72,2.812,3.476,3.267,4.552,"LLM추정(저신뢰,미검수)","보간(앵커거리기반,완만혼합)"
J09-034,운전·운송직,항공기 조종사,항공기조종사,4,4,4.333,4.121,4.303,4,3.364,4.333,4.242,3.697,4.394,4.394,4,3.333,2.455,3.697,1.636,1.667,1.515,1.515,2.636,2.061,1.455,1.242,3,2.636,1.273,1.182,3,2.909,2.909,1.788,1.303,3,1.909,3.061,1.97,2.333,3.727,2.394,4.121,1.333,1.576,1.576,4.061,3.667,3.727,2.818,3.788,2.667,3.353,2.769,3,3.643,3,3.222,2.667,4.067,4.071,2.833,2.8,3.75,4.517,4,3.389,2.875,4.194,3.19,4.167,3.048,3.667,4.594,3.833,5.242,3,3.308,3.167,4.242,4.061,4.697,4.107,5.219,"LLM추정(저신뢰,미검수)","보간(앵커거리기반,완만혼합)"
J09-035,운전·운송직,항공기 조종사,헬리콥터조종사,3.774,3.613,3.968,3.806,4.065,3.968,3.774,4.194,4,3.806,4.161,4.29,4.194,3.677,3.129,3.548,2.419,2.774,1.935,1.548,2.645,2.355,1.613,1.548,3,2.935,1.516,1.548,3.226,2.645,2.935,1.968,1.71,2.742,1.968,3.548,2.129,2.097,3.516,2.323,3.548,1.387,1.484,1.452,3.903,3.29,3.516,2.903,3.29,3.375,3.759,3.15,3.167,4.565,4,3.273,3,4.067,4.423,3.083,3.154,4.172,4.56,4.269,3.353,3.25,4.217,3.625,4.567,3.111,3.7,4.69,3.609,4.6,3.125,3.9,3.5,5.143,4.429,4.862,4.32,4.654,"LLM추정(저신뢰,미검수)","보간(앵커거리기반,완만혼합)"
J09-036,운전·운송직,화물차·특수차 운전원,화물차·특수차운전원,3.533,3.933,3.867,2.6,3.433,3.7,3.533,3.733,3.7,3.5,3.833,4.1,3.833,3.067,2.467,2.433,2.1,1.633,1.667,2.633,3.1,1.633,1.6,1.2,1.533,1.4,1.1,1.5,2.9,1.833,1.2,1.1,1.1,1.7,1.667,2.4,1.167,1.467,1.467,1.667,1.2,1.133,1.133,1.1,2.633,1.867,2.133,1.633,4.2,3,2.471,2.538,3.857,3.92,3,3.667,4.25,2.833,2.667,2,2.667,3.44,2.5,2.75,3,3,3.6,3.111,3.727,2.75,2.7,2.875,2.214,3.5,4,4,3,3.037,2.5,3.211,2.625,4.467,"LLM추정(저신뢰,미검수)","보간(앵커거리기반,완만혼합)"
J10-001,스포츠·레크리에이션직,경기 심판 및 경기 기록원,경기심판 및 경기기록원,4.424,4.394,4.545,4.212,4.455,4.182,4.273,4.333,4.394,4.212,4.364,4.182,4.303,3.697,3.485,4.152,2.667,3.182,2,2.182,3.242,3,1.364,1.364,2.455,1.394,1.364,1.152,1.333,1.727,1.212,1.212,1.182,3.273,2.03,1.364,1.667,2.455,3.727,2.182,3.273,1.455,1.273,1.667,2.576,2.333,2.152,2.879,1.606,3.375,4,3.19,3.273,4.357,4,2.857,3.8,3.913,4.167,2.75,4.5,3.4,3.353,3,4.5,6,4.379,3.389,3.167,2.692,3.958,5.067,3.611,4.179,3.286,2.5,3,3.727,3.667,4.579,4.25,4.25,"LLM추정(저신뢰,미검수)","보간(앵커거리기반,완만혼합)"
J10-002,스포츠·레크리에이션직,스포츠 감독 및 코치,스포츠감독 및 코치,4.167,4.033,4.033,4,3.867,3.8,3.867,4,3.867,3.667,4,3.7,3.9,3.467,3.467,3.7,2.567,2.2,1.6,1.533,1.733,2.467,1.3,1.3,1.833,1.333,1.233,1.233,1.467,1.4,1.3,1.3,1.267,2.833,2.067,1.3,2.6,3.033,3.5,1.967,2.233,1.433,1.4,1.7,2.733,2.4,1.633,2.333,1.567,3.28,3,3,2.9,3.385,3.5,2.714,2.714,3.25,3.286,3.2,3.25,3,3.556,2.5,3,2.571,3.87,2.75,3,2.8,4.269,4.5,3.333,2.913,2.75,2.667,3,3.458,3.19,3.5,3.75,3.1,"LLM추정(저신뢰,미검수)","보간(앵커거리기반,완만혼합)"
J10-003,스포츠·레크리에이션직,"스포츠강사, 레크리에이션강사 및 기타 관련 전문가",스포츠강사,3.233,3.3,3.3,3.267,3.533,3.567,3.2,3.467,3.3,3.4,3.333,3.467,3.233,3.2,3.067,2.9,1.167,1.367,1.2,1.667,3.233,1.167,1,1,1.167,1,1,1,1.133,1.033,1.067,1,1.067,1.833,1.4,1.1,1.433,2.733,3.967,1.2,1.2,1.4,1.1,1.2,2.167,1.267,1.233,2,1.133,2.333,2.667,3.5,2.846,3.6,3.333,0,0,4,0,0,0,2,3,2,0,3,3.909,4,5,3.5,3.63,4.9,2.8,3.25,3.667,3,3.75,3.294,3.8,2.571,2.731,4.5,"LLM추정(저신뢰,미검수)","보간(앵커거리기반,완만혼합)"
J10-004,스포츠·레크리에이션직,"스포츠강사, 레크리에이션강사 및 기타 관련 전문가",스포츠트레이너,3.9,3.4,4.067,3.833,4,4.067,3.433,3.6,3.633,3.2,3.6,3.567,3.233,3.5,2.8,3.267,2.067,2.1,1.633,2,2.633,2,1.067,1.067,1.867,1.467,1.267,1.1,2.067,1.7,1.367,1.3,1.6,2.933,1.933,1.567,2.7,3.1,3.7,2.033,2.367,1.5,1.367,1.533,2.667,2.233,2.133,2.367,1.767,2.625,2.926,2.941,3,3.034,2.773,1.5,1.5,2.826,3,2.286,3,2.583,2.842,2.636,2.889,3.909,3.7,2.545,2.375,3.2,3.933,4.567,3.292,3.5,2.4,2.818,2.6,3.333,2.75,3.48,3.385,2.3,"LLM추정(저신뢰,미검수)","보간(앵커거리기반,완만혼합)"
J10-005,스포츠·레크리에이션직,"스포츠강사, 레크리에이션강사 및 기타 관련 전문가",레크리에이션전문가,3.933,3.9,4,3.933,4.133,4.033,4.267,4.2,4.1,4.2,4.3,3.7,3.767,3.5,3.6,3.4,2.5,2.467,2.433,3.467,3.8,2.2,1.8,1.8,2.267,1.833,2.333,1.6,2,1.667,1.6,1.533,1.533,3,2.733,2.033,2.033,2.9,3.133,2.367,2.367,2.867,1.767,1.767,2.867,2.267,2.433,3.367,2.3,3.762,3.292,3.667,4.333,4.69,4.294,4.273,4.5,4.294,3.357,3.833,3.444,3.562,3.154,3,3.556,3,4,3.44,3.4,3,4.25,4.071,3.895,3.909,3.533,3.917,3.545,3.88,3.529,4.25,4.107,3.706,"LLM추정(저신뢰,미검수)","보간(앵커거리기반,완만혼합)"
J10-006,스포츠·레크리에이션직,직업 운동선수,직업운동선수,4.5,4.1,4.2,3.4,4.033,3.967,3.767,4.1,4.1,3.667,3.833,3.667,3.567,3.4,3.033,3.6,1.667,1.7,1.767,1.633,1.967,1.9,1.4,1.333,1.567,1.433,1.3,1.2,1.233,1.367,1.3,1.233,1.6,2.7,1.967,1.333,2.267,1.767,2.867,1.633,2.3,1.7,1.667,1.567,2.233,2.067,1.7,2,1.3,2.357,2.6,2.615,2.917,3.357,3.308,2,1.833,2.667,2.714,2.5,2.75,2.4,3,3,3.2,3,3.375,2.833,2.833,2.316,2.8,3.5,2.8,3.55,3.545,2.714,3.5,2.842,2.947,3.167,2.875,2.429,"LLM추정(저신뢰,미검수)","보간(앵커거리기반,완만혼합)"
J10-007,스포츠·레크리에이션직,직업 운동선수,프로게이머,4.667,4.733,3.9,2.667,3.567,2.933,3.267,3.333,3.933,3.5,3.867,3.1,3.2,3.767,3.667,4,1,1,1,1,1.267,1,1,1,3.433,1.1,1,1,1.3,1.167,1.033,1,1,2.6,1.533,1,1,1.033,1.133,1,1.467,2.7,1,1.033,1.2,1.067,2,1.833,1,0,0,0,0,2.4,0,0,0,4.292,2,0,0,2.125,2.25,2,0,0,3.476,2.364,0,0,2,2,0,2.25,3.077,0,2,2,2,2.217,2.667,0,"LLM추정(저신뢰,미검수)","보간(앵커거리기반,완만혼합)"
J10-008,예술·디자인·방송직,가수 및 성악가,가수,3.5,3.6,3.467,3.167,3.4,3.567,3.4,3.8,3.6,3.667,3.667,3.667,3.367,3.533,3.267,3.433,1.733,1.6,1.633,2.167,2.233,1.8,1.767,1.133,2.167,1.233,1.8,1.167,1.467,1.3,1.167,1.133,1.167,1.967,1.567,1.267,1.367,1.8,2,1.733,1.8,3.9,1.433,1.433,1.367,1.567,2.733,2.567,1.267,3.333,3.545,3.636,4.571,4.846,4.778,3.455,4.5,4.333,3.25,3.889,4.5,4,3.333,3.333,4,3,3.75,3.556,3.333,3,3.909,4.083,4.333,3.909,4.852,3.375,3.125,3.143,3.667,3.708,3.308,3.2,"LLM추정(저신뢰,미검수)","보간(앵커거리기반,완만혼합)"
J10-009,예술·디자인·방송직,가수 및 성악가,성악가,4.233,4.133,4.3,3.467,4.1,4.133,4,4.067,3.833,3.833,3.933,3.8,3.267,3.233,3.2,3.033,1.667,1.6,1.267,1.7,2.133,1.733,1.1,1.033,1.467,1.067,1.5,1,1.167,1.233,1.033,1,1.033,2.4,1.867,1.2,1.1,1.867,2.433,2.333,2.5,4.367,1.833,1.733,1.767,1.667,1.467,2.433,1.233,3.364,3,2.875,3.25,3.812,3.455,2.667,2,3.222,4,2.909,0,3.25,3,3,0,3,3.773,3.615,3.2,3,3.933,3.826,3.737,3.379,5.233,3.562,3.636,3.3,3.25,3.556,3.609,2.5,"LLM추정(저신뢰,미검수)","보간(앵커거리기반,완만혼합)"
J10-010,예술·디자인·방송직,감독 및 기술감독,방송연출가,3.774,3.774,4.226,4.29,4.129,3.774,3.968,3.645,3.935,4.032,4.161,4.097,3.387,3.548,3.935,3.484,2.194,2.71,1.935,2.387,3,2.323,1.613,1.258,2.839,1.613,2.484,1.581,1.806,1.871,1.516,1.161,1.452,3.258,3,2.355,1.29,2.258,2.645,3.871,2.645,3.613,2.806,2.968,2.581,2.355,3.097,4.161,1.71,3.417,3.414,3.13,4.217,3.593,4,3.5,3,4.36,3.308,3.652,3,2.529,3.812,3.2,2.75,3,4.433,4.111,4,2.167,4.421,4.269,4.8,4.308,4.5,4.111,4.48,3.5,3.625,4.586,5.161,3.154,"LLM추정(저신뢰,미검수)","보간(앵커거리기반,완만혼합)"
J10-011,예술·디자인·방송직,감독 및 기술감독,영화감독,4.355,4.323,4.387,4.452,4.032,3.806,4.258,4,4.161,4.387,4.065,4.516,3.903,4.548,4.29,4,1.806,1.613,1.484,2.258,2.516,1.581,1.194,1.194,1.71,1.419,2.097,1.161,1.323,1.194,1.258,1.032,1.032,2.194,1.806,1.71,1.194,2.452,2.258,2.452,2.677,3.742,2,1.903,2.548,1.71,2.419,3.29,1.161,3.6,3.818,3.556,3.545,3.958,3.778,4,4,3.636,3.125,3.643,3.667,4.6,3.333,3.5,3,3,3.833,3.643,3.667,4,3.615,3.889,4.529,3.552,4.645,3.643,3.917,3.818,3.071,3.56,4.5,4.5,"LLM추정(저신뢰,미검수)","보간(앵커거리기반,완만혼합)"
J10-012,예술·디자인·방송직,감독 및 기술감독,연극연출가,4.167,4.067,4.133,3.867,4.1,3.7,3.8,3.7,3.933,4,4,3.967,3.633,3.433,3.567,3.333,2.167,1.967,2.067,2.6,2.833,1.867,1.567,1.1,1.367,1.3,2.267,1.333,1.633,1.3,1.4,1.167,1.233,3.4,2.433,1.6,1.333,2.533,3.267,3,1.767,4.3,2.233,2.267,1.933,1.767,1.767,3.1,1.167,3.278,3.421,3.562,4.1,3.792,3.333,3.2,4,3.143,3.6,3.389,2.714,2.75,4.2,3.286,3,3,4.393,3.5,3.667,2.833,4.6,4.379,4.043,3.562,5.1,4.167,4.125,3.231,3.462,3.714,4.769,3,"LLM추정(저신뢰,미검수)","보간(앵커거리기반,완만혼합)"
J10-013,예술·디자인·방송직,감독 및 기술감독,광고영상감독,3.767,3.567,3.9,3.867,3.7,3.367,3.633,3.667,3.8,3.667,3.7,3.6,3.133,3.433,3.967,3.633,2.567,2.567,1.933,3.2,2.967,2.067,1.7,1.133,2.133,1.4,3.333,1.1,1.533,1.867,1.3,1.133,1.233,2.933,2.033,1.567,1.1,2,2.467,3.133,2.267,3.7,1.833,2.367,2.6,2.567,2.767,3.633,1.433,3.48,3.25,3.167,3.967,3.786,3,2.727,3,4.429,3.25,4,3.5,3,3,3,3,2.4,4.115,3.444,3.455,3,3.35,3.636,3.931,3.667,4.31,3.929,3.522,3.56,3.68,3.862,4.567,2.429,"LLM추정(저신뢰,미검수)","보간(앵커거리기반,완만혼합)"
J10-014,예술·디자인·방송직,감독 및 기술감독,연극영화방송기술감독,4,3.967,4.133,4.067,4.133,3.9,3.867,3.9,3.967,3.633,4.233,4.333,3.9,3.733,3.667,4.1,2.2,2.5,1.633,2.4,2.967,1.867,1.7,1.233,2.8,2.4,3.267,1.667,2.733,2.033,1.633,1.567,1.267,2.867,2,2.133,1.667,1.767,2.233,2.133,2.433,3.933,1.9,1.867,2.967,2.7,3.133,3.3,1.867,3.429,3.5,3.231,3.478,3.92,3.2,3.8,2.75,3.615,3.952,3.964,3.3,3.727,3.632,2.733,3.091,3.2,3.72,3.438,2.895,3.273,3.462,3.611,3.5,3.429,4.233,3.857,3.75,3.92,3.625,3.867,4.111,3.583,"LLM추정(저신뢰,미검수)","보간(앵커거리기반,완만혼합)"
J10-015,예술·디자인·방송직,공연·영화 및 음반 기획자,미디어콘텐츠창작자(크리에이터),3.517,3.517,3.583,2.883,3.233,2.883,3.183,3.433,3.717,3.067,3.483,3.917,3.15,3.217,2.917,2.767,2.667,2.817,2.25,3.3,3.467,1.883,1.717,1.05,1.833,1.433,2.417,1.183,1.733,1.55,1.233,1.117,1.1,2.217,1.8,1.233,1.267,1.817,2.1,2.683,2.267,3.7,1.533,1.567,1.8,2.2,2.4,3.467,1.25,3.633,3.483,3.238,4.647,4.464,3.531,3.038,6,3.75,2.85,3.14,2.875,2.467,3.95,2.556,2.143,1.4,3.205,3.783,2.4,1.833,3.538,3.605,3.333,3.077,4.45,3,3.273,3.667,3.2,3.4,4.271,2.556,"LLM추정(저신뢰,미검수)","보간(앵커거리기반,완만혼합)"
J10-016,예술·디자인·방송직,국악인 및 전통 예능인,국악인,4.3,4.4,4.167,3.2,3.967,3.6,3.667,4.1,3.767,3.867,4.067,4.133,3.433,3.367,2.867,3.167,1.5,1.367,1.267,1.533,2.367,1.567,1.233,1.067,1.267,1.067,1.333,1.067,1.1,1.1,1.033,1.033,1.033,2.233,1.733,1.267,1.133,1.3,2.433,1.733,1.467,4.433,2.5,1.8,1.567,1.233,1.4,2.1,1.1,3,2.375,2.667,4,2.85,3.375,3,2,2.8,2.5,2.714,2.5,2.333,2.667,2,2,2,3.222,3.667,3,2.333,3,3.476,3.2,3.667,5.536,3.625,3.071,4,2.75,3.667,3.368,2.5,"LLM추정(저신뢰,미검수)","보간(앵커거리기반,완만혼합)"
J10-017,예술·디자인·방송직,기자 및 언론 전문가,신문기자,3.867,4.1,4.1,3.467,3.9,3.233,3.667,4.2,4.233,4.033,4.267,4.3,3.967,3.767,3.333,4.233,2.633,2.733,2.5,2.5,2.533,2.267,1.333,1.2,2.4,1.4,1.867,1.267,1.4,2.167,1.433,1.433,1.467,3.167,2.933,2,1.767,2.867,2.933,4.133,3,2.433,2.967,2.467,2.533,3.467,2.967,3.767,1.633,3.308,3.593,3.192,3.5,3.375,3,2.5,2.6,3.458,3,3,2.833,2.625,3.5,2.4,2.727,2.727,4.154,4,3.611,3,3.741,3.769,5.214,4.179,3.042,3.964,3.542,3.217,4.185,4.148,4.724,2.429,"LLM추정(저신뢰,미검수)",실측
J10-018,예술·디자인·방송직,기자 및 언론 전문가,방송기자,4.167,4.033,4.133,3.367,4,3.633,4,3.833,4.1,3.733,3.9,4.3,3.8,3.167,2.9,3.567,1.5,2.667,1.5,1.6,2.733,2.033,1.167,1.033,2.633,1.3,1.333,1.133,1.567,1.333,1.2,1.067,1.3,3.1,2.533,1.867,1.167,2,2,4.5,3.633,2.167,2.6,2.467,2.2,2.5,3.433,4.3,1.3,3.1,3.821,3.3,3.6,3.96,3.8,3.5,3,3.75,2.75,3.429,2.333,3,3.714,3.25,3,3.4,3.9,3.9,3.812,2.2,3.611,4,4.833,4.621,2.85,4.043,4.048,3,3.565,4.5,4.867,2.333,"LLM추정(저신뢰,미검수)","보간(앵커거리기반,완만혼합)"
J10-019,예술·디자인·방송직,기자 및 언론 전문가,잡지기자,3.935,3.645,4.194,3.613,4.097,3.484,4.387,3.677,3.839,4.226,4.452,4.387,4.097,3.419,3.548,3.806,1.903,2.871,1.613,2.581,2.806,1.677,1.548,1.226,2.129,1.323,3.226,1.194,1.323,1.645,1.226,1.226,1.258,2.935,2.871,2.194,1.323,2.29,2.355,4.645,2.903,3.065,2.548,1.806,1.71,2.097,2.452,4.323,1.516,3.05,3.655,2.923,4.148,3.542,3.615,2.429,3,3.864,2.857,3.821,2.25,2.667,3.769,3.143,2.833,3.167,4,4.375,3.571,2.375,3.654,4.118,5.258,4.161,3.759,4.409,3.562,2.917,3.478,4.385,5.29,3,"LLM추정(저신뢰,미검수)","보간(앵커거리기반,완만혼합)"
J10-020,예술·디자인·방송직,만화가 및 만화영화 작가,만화가,4.167,4.233,4.267,2.633,2.933,2.867,2.933,3.6,3.8,3.4,3.867,4.233,3.567,3.6,3.267,2.967,1.633,1.9,1.6,2.1,2.233,1.267,1.6,1.167,2.5,1.633,3.5,1.167,1.467,1.433,1.367,1.3,1.567,3.1,2.533,1.733,1.433,1.933,1.867,3.067,1.7,3.233,2.3,2.267,1.6,1.767,2.1,2.7,1.133,2.438,2.476,2.467,3.455,3.043,3.2,3.154,3.333,3.48,2.643,4.1,1.667,2.538,3,3,2.889,3,3.793,3.458,2.938,2.273,3.35,3.188,3.567,3.056,3.69,3.765,3.556,2.529,3,3.421,3.517,1.75,"LLM추정(저신뢰,미검수)","보간(앵커거리기반,완만혼합)"
J10-021,예술·디자인·방송직,만화가 및 만화영화 작가,만화영화작가(애니메이터),3.733,3.933,3.733,2.933,3.767,3.467,3.3,3.533,3.8,3.667,3.567,4,3.133,3.1,3.1,3.133,1.767,2.033,1.4,1.867,1.933,1.533,1.3,1.133,2.667,1.6,3.233,1.5,1.633,1.633,1.433,1.167,1.533,2.867,2.5,1.833,1.233,1.4,1.833,2.3,2.1,3.2,2.033,1.733,1.5,1.767,2.267,3.067,1.133,3.25,3.455,2.9,3.5,3.133,3.273,2.833,2.5,4.04,3.538,4.519,3.091,2.833,3.462,3.2,3.25,3.5,3.8,3.478,3.235,3,3.2,3.6,4.056,3.429,4.034,3.611,3.143,3.333,3.4,3.955,4.448,2.25,"LLM추정(저신뢰,미검수)","보간(앵커거리기반,완만혼합)"
J10-022,예술·디자인·방송직,무용가 및 안무가,무용가,4.1,4.233,4.233,3.733,4.3,4.067,4,3.933,3.933,4.333,4.3,3.867,3.767,3.367,3.767,3.633,2.2,2.067,1.667,1.9,2.633,1.967,1.2,1.2,1.6,1.267,2.033,1.2,1.2,1.433,1.2,1.167,1.2,2.833,2.233,1.433,1.733,2.333,3.333,1.933,2.067,4.5,2.1,1.9,2.367,2.067,2,3.367,1.567,2.895,3.235,2.75,3.625,3.545,3,2.5,4.333,3.125,3,2.889,2.667,2.25,3.714,2.75,3,2.5,3.731,3.5,2.625,2.562,3.762,4.296,3.647,3.368,5.433,3.588,2.933,3.529,3.529,4.6,4.286,2.2,"LLM추정(저신뢰,미검수)",실측
J10-023,예술·디자인·방송직,무용가 및 안무가,안무가,4.6,4.367,4.5,4.567,4.367,4.167,4.167,4.3,4.3,4.367,4.333,4.3,3.933,4.133,4.233,3.8,2.8,2.467,1.967,2.6,3.067,2.333,1.3,1.067,1.533,1.1,2.233,1.067,1.167,1.467,1.133,1.067,1.2,2.833,2.2,1.233,1.567,2.333,4.1,2.433,2.7,4.867,2.233,2.067,2.433,2,2.4,3.367,1.233,3.609,3.409,3.75,4.333,3.92,3.588,3,3,3.8,3.5,4.2,3,3.25,3.875,3.5,3,2.75,3.875,3.095,3.25,2.4,4.25,4.8,3.478,3.92,6.1,3.286,3.611,3.588,3.278,4.111,4.037,2.667,"LLM추정(저신뢰,미검수)","보간(앵커거리기반,완만혼합)"
J10-024,예술·디자인·방송직,무용가 및 안무가,대중무용수,4.5,4.033,4.133,3.867,4,3.967,3.733,4.367,4.033,3.967,3.6,3.833,3.033,3.567,3.767,3.367,1.533,1.5,1.067,1.933,2.533,2.133,1.1,1.033,1.3,1,1.367,1,1,1.033,1,1,1.133,2.6,1.6,1,1.5,1.967,3.4,1.167,1.867,4.333,1.233,1.3,1.167,1.167,2.367,2.833,1,3.222,3.125,3,4.182,3.714,4.143,5,2,3.333,0,3.375,0,0,4,0,0,3.5,4.143,3.091,0,2.455,3.857,4.538,3,3.562,5.034,3.25,3.8,3,3.667,4.176,5.105,0,"LLM추정(저신뢰,미검수)","보간(앵커거리기반,완만혼합)"
J10-025,예술·디자인·방송직,미디어 콘텐츠 디자이너,웹디자이너,3.933,3.8,4.133,3.767,4.133,3.933,3.633,3.6,3.867,4.1,3.967,4.6,3.333,3.467,3.933,3.533,1.967,2.9,1.633,2.733,2.533,1.667,1.367,1.2,2.7,1.4,4.3,1.467,1.367,1.867,1.1,1.033,1.033,2.6,1.833,1.233,1.033,2.1,2.333,2.5,2.433,3.033,1.4,1.267,1.433,1.833,2.567,3.533,1.233,3.471,3.897,2.857,4.24,3.458,3.727,3.5,3.667,4.385,3.857,5.536,3.333,3.286,3.647,3,4,3,3.8,3.438,2.571,3,3.941,4.2,3.952,3.708,4.391,3,2.667,3,3,4.478,4.367,3,"LLM추정(저신뢰,미검수)","보간(앵커거리기반,완만혼합)"
J10-026,예술·디자인·방송직,미디어 콘텐츠 디자이너,게임그래픽디자이너,4.067,3.733,4.2,3.233,4.3,3.9,3.8,3.967,4.067,4.2,4.267,4.333,3.333,3.433,3.7,3.567,1.567,1.733,1.433,2.433,1.833,1.467,1.433,1,2.967,1.433,4.267,1.1,1.433,1.433,1.2,1.167,1.067,1.8,1.833,1.167,1.067,1.5,1.733,1.733,1.867,2.933,1.433,1.2,1.467,1.367,1.633,2.933,1.2,2.273,2.438,2.5,2.867,2.571,2.556,2.833,0,3.536,2.444,4.7,1.333,2.556,3,1.8,2.333,1.5,2.706,2.5,1.8,2,3.2,3.214,3.308,2.941,3.955,2.9,2.6,2.5,3.143,3.364,3.633,2.2,"LLM추정(저신뢰,미검수)","보간(앵커거리기반,완만혼합)"
J10-027,예술·디자인·방송직,미디어 콘텐츠 디자이너,영상그래픽디자이너,3.833,3.667,4,3.4,4.067,3.433,3.433,3.9,3.867,4.3,4.133,4.4,3.167,3.467,3.867,3.267,1.633,2.333,1.4,1.733,2.033,1.8,1.4,1,3,1.6,3.867,1.167,1.967,1.767,1.467,1.167,1.167,2.133,1.667,1.833,1.233,1.533,2.3,3.367,2.433,3.1,2.133,1.467,1.9,1.933,2.767,3.8,1.367,2.846,3.077,2.7,3.2,3.312,3.214,3.143,0,4.133,3.308,4.345,2.6,2.8,3.438,2.909,2.75,2.4,3.381,3.167,3.611,2,3.615,3.583,3.893,3.357,3.704,3,2.692,2.882,3.263,4.069,4.552,2.5,"LLM추정(저신뢰,미검수)","보간(앵커거리기반,완만혼합)"
J10-028,예술·디자인·방송직,미디어 콘텐츠 디자이너,UX·UI디자이너,3.633,3.433,3.767,3.467,4.1,3.633,3.367,3.633,3.633,4.033,3.633,4.2,3.067,3.1,3.767,3.8,2.067,2.767,1.8,2.867,3,1.933,2.133,1.267,2.9,1.967,4.1,1.767,1.733,1.8,1.4,1.333,1.367,3.167,2.3,1.6,1.533,2.167,2.6,2.433,2.5,3.133,1.667,1.667,1.8,2.167,2.467,3.4,1.567,3.238,3.536,3.062,4.48,3.68,3.294,2.947,3.5,4.692,3.75,5.172,3.333,2.846,3.353,2.444,2.571,2.75,3.963,3.8,3.455,2.455,3.8,4.333,4.045,3.462,4.037,3.083,3.333,3.077,3.364,4.273,4.517,2.545,"LLM추정(저신뢰,미검수)","보간(앵커거리기반,완만혼합)"
J10-029,예술·디자인·방송직,배우 및 모델,영화배우 및 탤런트,4.467,4.4,4.3,3.8,4.233,4.267,4.2,4.267,4.167,4.233,4,4.033,3.8,3.6,3.333,3.4,1.433,1.267,1.333,1.8,2.567,1.333,1.2,1.167,1.533,1.167,1.367,1.133,1.1,1.2,1.133,1.1,1.167,2.7,2.133,1.167,1.167,1.767,2,2.6,2.4,3.967,1.733,1.867,2.033,1.633,1.5,3,1.233,2.778,3,3,3.583,3.4,3.167,2.75,3,3.182,2.333,3,2.333,3,3.5,2.667,3,3,3.955,3.529,2.75,3.333,4.3,3.176,3.952,3.217,4.621,3.714,3.923,3.111,3.5,3.778,4.12,2.667,"LLM추정(저신뢰,미검수)","보간(앵커거리기반,완만혼합)"
J10-030,예술·디자인·방송직,배우 및 모델,모델,4,3.9,4,2.767,3.967,3.867,3.667,4,3.9,3.567,3.8,3.667,3.567,3.367,2.9,2.4,1.167,1.367,1.067,2.2,2.833,1.1,1,1,1.667,1,1.7,1,1,1,1,1,1,2.5,2.367,1,1.167,1.867,2.567,2.033,2.433,3.833,1.067,1.567,1.3,1.867,2.267,3.433,1.033,2.6,2.455,3,3.526,3.423,3.5,0,0,3.545,0,3.214,0,0,0,0,0,0,3.038,3,0,2,3.062,2.846,3.1,3.267,4.533,2,2.455,2.375,3.6,4.25,3.733,2,"LLM추정(저신뢰,미검수)","보간(앵커거리기반,완만혼합)"
J10-031,예술·디자인·방송직,배우 및 모델,연극 및 뮤지컬배우,4.2,4,4.133,3.567,4.533,4.433,4.333,4.3,4.133,4.333,4.333,3.9,3.733,3.6,3.667,3.933,1.767,1.633,1.767,2.3,2.633,2.567,1.667,1.433,1.533,1.367,1.867,1.433,1.6,1.467,1.3,1.167,1.133,2.967,2.567,1.4,1.267,2.2,2.267,3.133,1.933,3.867,2.933,2.633,2.133,1.833,1.467,3.067,1.267,3,2.857,3.286,3.85,3.667,3.667,3,2.75,2.727,3.111,3.286,2.25,2.455,3.556,2.857,2.4,2,4.409,3.211,2.7,2.286,3.444,3.632,3.92,3.625,5.074,4.318,3.455,3.375,3.214,4,4.038,2.167,"LLM추정(저신뢰,미검수)","보간(앵커거리기반,완만혼합)"
J10-032,예술·디자인·방송직,배우 및 모델,개그맨 및 코미디언,3.967,4,4.067,3.833,4.2,4,3.9,3.867,3.933,4.1,3.933,3.8,3.4,3.8,3.933,3.733,2.233,2.233,2.133,2.833,3.133,2.533,1.933,1.7,2.333,1.667,2.333,1.567,1.7,1.767,1.6,1.533,1.667,3.4,2.6,2.067,1.967,2.5,2.467,3.067,2.2,3.533,2.533,2.233,2.233,2.367,2.367,3.333,1.633,3,2.818,3.294,3.75,3.519,3.842,3.067,2.917,3.238,2.733,3.13,2.308,2.438,3.357,2.846,2.308,2.2,3.69,3.077,3.15,2.706,3.5,3.292,3.679,3.143,3.931,3.154,3,2.773,3.04,3.458,4.167,2.429,"LLM추정(저신뢰,미검수)","보간(앵커거리기반,완만혼합)"
J10-033,예술·디자인·방송직,배우 및 모델,성우,4.3,4.2,4.1,2.467,3.833,3.667,4.2,4.2,4,4.167,4.2,4.2,3.233,3.7,3.033,3.833,1.633,1.533,1.733,2.267,2.233,1.533,1.167,1.1,2.133,1.1,1.167,1.033,1.4,1.2,1.1,1.1,1.1,3.233,2.067,1.367,1.167,1.8,2.733,4.267,2.067,3.367,1.833,1.867,1.233,1.5,2.6,3.567,1.333,3,2.846,3,3.65,2.7,3.3,2.25,3,3.227,3,3.333,3,2.1,3,3,3,3,4.074,3.5,3.444,3.5,3.533,4.619,4.345,3.385,4.154,3.667,3.625,3,3.1,4.174,4.37,3.75,"LLM추정(저신뢰,미검수)","보간(앵커거리기반,완만혼합)"
J10-034,예술·디자인·방송직,번역가 및 통역가,번역가,3.667,3.933,4.067,2.333,3.033,2.867,2.4,3.733,3.733,3.733,3.867,4,3.367,3.733,2.867,3.4,2.233,3.3,2.033,2.467,2.7,1.767,1.267,1.2,2.067,1.333,1.533,1.233,1.233,1.767,1.267,1.267,1.6,2.367,2.533,1.767,1.467,2.233,1.8,4,4.233,2.6,2.367,2.267,1.9,2.3,2.033,3.2,1.467,4.5,3.8,3.733,4.471,4.278,3.9,3,2.75,3.526,3,3,2.8,2.6,3.125,3.4,3,3.273,4.438,4.421,3.429,3.444,3.8,4.091,4.897,5.759,4,4,3.6,3.786,3.842,3.684,4.107,3.333,"LLM추정(저신뢰,미검수)","보간(앵커거리기반,완만혼합)"
J10-035,예술·디자인·방송직,번역가 및 통역가,통역가,4.065,3.935,4.161,3.129,3.935,4.194,3.71,4.29,4,4.129,4.258,4,3.774,3.645,2.903,3.677,2.516,2.71,2.194,2.742,3.581,2.258,1.645,1.419,2.129,1.645,1.581,1.387,1.839,2,1.742,1.677,1.742,3.129,2.968,1.935,2.129,3.516,2.806,3.71,3.581,2.194,2.645,2.323,2.387,2.419,2.774,3.548,1.968,3.571,3.75,3.5,4.038,4.7,3.579,3.071,2.1,3.857,2.812,2.571,1.9,2.476,3.684,2.765,2.706,2.722,3.929,4.111,3.429,2.72,4.724,4.16,4.258,5.207,3.7,3.923,3.81,3.522,3.615,4.037,4.4,2.762,"LLM추정(저신뢰,미검수)","보간(앵커거리기반,완만혼합)"
J10-036,예술·디자인·방송직,사서 및 기록물 관리사,사서,3.629,3.686,3.857,3.343,4.057,4.029,4,3.886,4,3.771,3.914,4.171,3.771,3.314,3.171,3.457,2.8,3.257,2.486,2.343,3.886,2.2,1.371,1.171,2.571,1.286,1.857,1.514,1.714,2.2,1.514,1.4,1.314,2.829,2.371,1.486,1.314,2.686,3.2,3.257,2.543,2.171,2.229,2.057,2.371,2.514,2.343,3.2,1.371,3.767,3.848,3.68,3.92,4.257,3.913,3.429,4.333,4.034,3.571,3.75,3,2.444,3.68,3.364,3.273,3.286,4,3.667,3.25,2.625,3.966,4.457,4.206,3.531,3.231,3.444,3.318,3.583,3.4,4.143,4.121,3.125,"LLM추정(저신뢰,미검수)","보간(앵커거리기반,완만혼합)"
J10-037,예술·디자인·방송직,사서 및 기록물 관리사,기록물관리사,3.533,3.567,3.967,2.967,4,3.467,3.9,3.467,3.6,3.5,4,4.267,4,3.1,2.833,3.467,2.6,3.733,1.9,1.833,2.833,1.933,1.5,1.333,2.433,1.533,1.767,1.4,1.4,1.667,1.433,1.5,1.367,1.733,2.267,1.6,1.333,1.8,2.4,2.9,2.3,1.733,3.233,1.933,2.333,2.833,1.9,2.733,1.567,3.762,4.467,3.375,3.333,3.84,3.444,3.222,3.333,4.217,3.364,3.286,2.75,2.333,3.786,2.9,2.727,3,3.643,3.81,3.462,2.429,3.769,4.2,3.963,3.417,3,3.962,3.571,3.824,3.864,3.529,3.44,2.583,"LLM추정(저신뢰,미검수)","보간(앵커거리기반,완만혼합)"
J10-038,예술·디자인·방송직,사진작가 및 사진사,사진작가 및 사진사,4,4.067,4.033,3.433,3.7,3.8,3.8,4.067,4.167,3.867,3.967,3.933,3.8,3.833,3.633,3.7,2.567,2.567,2.533,3.467,3.9,2.067,1.6,1.167,3.333,1.567,3.533,1.333,2.2,1.6,1.4,1.5,1.133,3,2.6,1.667,1.1,2.6,2.967,1.533,1.633,3.7,1.467,1.733,2.167,1.867,2.9,3.333,1.433,3.241,3.133,3.267,4.233,4.533,3.261,3.571,2.5,4.138,3.077,4.241,3.333,3,2.923,3,3,2,3.733,3.593,2.938,6,3.333,4.125,2.556,2.333,4.4,3.182,3.385,3.25,2.65,3.9,4.067,2.714,"LLM추정(저신뢰,미검수)","보간(앵커거리기반,완만혼합)"
J10-039,예술·디자인·방송직,시각 디자이너,시각디자이너,4.016,3.82,4.164,3.607,4.23,3.885,3.836,3.836,4.082,4.246,4.213,4.656,3.361,3.295,4.148,3.852,2.18,2.656,2.033,3.443,3.016,2.197,2.393,1.475,2.672,1.541,4.311,1.393,1.475,1.902,1.262,1.279,1.213,2.934,2.148,1.639,1.295,1.984,2.377,2.82,2.311,3.361,1.41,1.361,1.689,2.098,2.246,3.607,1.443,3.098,3.776,2.947,4.842,3.528,3.697,3.41,3.588,4.28,3.429,5.158,3.2,2.636,3.722,3.077,3.077,2.818,4.042,3.684,3.381,2.909,3.848,4.308,4.039,3.705,4.056,3.125,3.786,3.125,3.541,4.195,4.283,3,"LLM추정(저신뢰,미검수)","보간(앵커거리기반,완만혼합)"
J10-040,예술·디자인·방송직,실내장식 디자이너,실내장식디자이너,3.8,3.833,3.867,3,3.7,3.433,3.267,3.3,3.833,3.633,3.7,4.067,3.367,3.033,3.267,3.033,2.267,2.6,2.167,3.067,3.3,2.1,1.933,1.367,2.5,2.1,4.467,3.933,2.233,2.367,1.667,1.267,1.233,2.467,1.767,1.667,1.3,2.367,2,2.367,2.567,3.233,1.667,1.533,2.267,2.367,2,2.833,1.467,3,3.52,3,4.034,3.767,2.55,3.176,2.571,3.667,3.263,5.533,4.367,3.471,3.667,2.667,2.286,2.167,3.762,3.2,3.25,2.4,3.429,3.312,3.545,3.6,4.125,3.833,2.917,3.042,3.125,3,3.8,2.667,"LLM추정(저신뢰,미검수)","보간(앵커거리기반,완만혼합)"
J10-041,예술·디자인·방송직,아나운서 및 리포터,아나운서,3.9,3.733,4.067,3.133,3.633,3.667,3.833,3.867,4.1,3.867,4.033,3.867,3.8,2.9,2.8,3.633,2.033,2.9,1.7,1.633,2.433,2.033,1.4,1.4,2.567,1.567,1.7,1.367,2.233,1.667,1.367,1.4,2.033,2.833,2.767,1.833,1.567,2.467,2.467,4.567,3.533,2.7,2.6,2.433,2.3,2.467,3.267,4.333,1.5,3.278,3.667,2.923,3.4,4,3.562,3.667,3.833,3.87,3.182,2.923,3.667,3.35,3.385,3.833,4.167,3.786,3.88,3.8,4.091,3.625,4.087,4.2,5.3,4.786,3.792,4.364,3.542,3.55,3.435,4.148,4.633,3.222,"LLM추정(저신뢰,미검수)","보간(앵커거리기반,완만혼합)"
J10-042,예술·디자인·방송직,아나운서 및 리포터,리포터,4.233,4.033,3.867,3.2,4.1,3.933,3.767,3.567,3.9,4.133,3.867,3.733,3.333,2.467,2.7,3.4,1.333,1.7,1.5,1.267,2.233,1.5,1.2,1.1,1.533,1,1.267,1,1.133,1.233,1.067,1.033,1.367,2.5,2.433,2.533,1.167,2.567,2.133,4.033,3.033,2,2.433,2.133,2.433,2.067,3.133,3.9,1.233,2.833,2.833,2.75,3.4,3.765,2.364,2.333,3,2.692,0,3.25,0,2.667,3,1.5,2,3.5,4.333,3.545,4.15,1.75,4.182,3.667,4.6,3.931,3.562,4.429,3.368,3.455,3.526,4.72,4.966,1.8,"LLM추정(저신뢰,미검수)","보간(앵커거리기반,완만혼합)"
J10-043,예술·디자인·방송직,연예인매니저 및 스포츠매니저,연예인매니저,3.806,3.645,3.774,3.742,3.774,3.516,3.968,3.935,3.806,3.935,4.226,3.935,4.065,3.839,4.032,3.968,3.387,3.032,3.065,3.774,3.355,3.161,2.484,1.968,2.774,1.871,2.806,1.742,1.677,1.968,1.581,1.452,1.484,3.129,2.194,2.258,2.355,2.774,2.839,2.29,2.774,3.581,2.065,1.968,2.774,3,2.581,3.258,2.355,3.548,3.71,3.9,4.567,4.138,3.767,3.8,3.6,3.68,4.154,3.75,3.818,3.4,3.938,3.9,4,3.375,4.185,3.667,3.938,3.25,3.96,4.16,3.95,3.462,4.2,3.556,3.667,3.68,3.724,4.348,4.143,3.684,"LLM추정(저신뢰,미검수)","보간(앵커거리기반,완만혼합)"
J10-044,예술·디자인·방송직,영상·녹화·편집 기사,영상·녹화 및 편집기사,3.867,3.767,4.067,3.2,4.233,3.533,3.6,3.733,3.833,3.933,3.867,3.933,3.467,3.033,3.2,3.4,1.733,2.3,1.567,1.767,2.5,1.7,1.367,1.067,3.5,1.9,2.867,1.333,2.6,1.6,1.633,1.1,1.167,2.533,2.133,1.6,1.133,2.133,2.267,2.6,2.333,3.267,1.833,2.1,1.833,1.6,3.033,3.567,1.4,3.182,3.32,3.385,3.467,3.783,3.2,3,2,4.207,3.294,3.958,3.286,3.423,3.188,3.091,3,3.333,3.875,3.333,3.273,2.333,3.833,4.143,3.957,3.833,4.48,3.714,3.875,3.059,3.214,4.179,4.379,3.25,"LLM추정(저신뢰,미검수)","보간(앵커거리기반,완만혼합)"
J10-045,예술·디자인·방송직,음향·녹음 기사,음향·녹음기사,4.3,4.133,4.267,3.6,4.133,3.733,3.933,4,3.767,3.767,4.2,4.5,3.9,3.2,3.333,3.7,2,2.533,2,2.1,3.2,2,1.6,1.067,3.733,2.1,1.8,1.233,2.767,2,2.067,1.267,1.167,2.367,1.667,1.3,1.133,1.767,2.7,2.867,2.7,3.633,1.433,1.367,2.167,2.067,3.367,3.467,1.6,3.211,3.4,3.188,4.2,3.963,3.412,3.75,1,4.5,4.071,3.429,3.25,3.391,4,4,3.2,2.333,3.714,3.455,3.5,2.333,3.538,4.25,3.481,3.269,4.84,3.444,3.667,3.588,3.833,4.615,4.207,2.727,"LLM추정(저신뢰,미검수)","보간(앵커거리기반,완만혼합)"
J10-046,예술·디자인·방송직,작가,소설가,3.625,3.844,3.5,1.969,2.344,2.562,2.469,3.344,3.219,2.688,3.125,3.594,3.406,3.812,3.281,3.375,1.656,2.156,1.594,1.781,1.719,1.438,1.312,1.25,2.062,1.438,1.75,1.125,1.219,1.406,1.5,1.25,1.594,3.688,3.5,2.625,1.75,2.469,2.219,4.406,1.969,3.406,3.188,3.312,1.656,2.062,1.719,3.062,1.438,3.083,3.381,3.417,3.846,3.917,3.429,3.2,2.857,3.556,3.714,2.867,3,2.667,3.286,2.6,3.25,2.636,4.516,4.581,3.769,2.733,4.045,3.727,5.125,3.318,4.25,4.333,4.5,2.75,3.455,3.235,4.194,3.2,"LLM추정(저신뢰,미검수)","보간(앵커거리기반,완만혼합)"
J10-047,예술·디자인·방송직,작가,영화시나리오작가,4.567,4.633,4.633,3.8,4.133,3.833,3.767,4.267,4.467,4.267,4.333,4.367,3.533,4.367,4.3,4.233,2.1,2.633,1.967,2.3,2.467,1.867,1.867,1.667,2.2,1.867,2.233,1.667,1.8,1.867,1.933,1.767,1.867,4,3.667,2.767,2,2.533,2.267,4.233,2.433,4.133,3.7,3.267,2.1,2.367,2.567,4.033,1.9,3.2,3.32,3.231,3.571,3.368,3.667,3.444,3,3.421,3.091,3,3.286,3.778,3.545,3.385,3.333,3,4.467,3.933,3.826,2.917,3.65,3.867,4.567,3.417,4.567,4.379,4.071,3.571,3.55,4.174,5.167,3.273,"LLM추정(저신뢰,미검수)","보간(앵커거리기반,완만혼합)"
J10-048,예술·디자인·방송직,작가,방송작가,4.1,4.267,4.167,3.667,4.267,4.067,4.033,3.933,4.3,4.2,4.233,4.333,3.9,3.667,4.1,4.133,1.633,2.3,1.6,1.933,2.3,2.167,1.333,1.167,2.033,1.333,1.867,1.267,1.333,1.433,1.267,1.267,1.4,3.067,2.767,1.933,1.8,2.367,2.2,4.333,2.133,3.367,2.567,2.5,2,2.167,2.333,3.9,1.5,3.2,3.364,3.333,3.579,3.391,3.238,3.857,2.5,3.765,3.286,2.933,4.25,2.75,4.182,4,3.4,3,4.286,3.8,3.812,2.438,4.105,3.864,5.033,3.619,4,4.182,4,3.3,3.727,4,5.1,2.818,"LLM추정(저신뢰,미검수)","보간(앵커거리기반,완만혼합)"
J10-049,예술·디자인·방송직,제품 디자이너,제품디자이너,3.839,3.613,3.935,2.903,3.71,3.226,3.387,3.29,3.613,3.774,3.968,4.258,3.097,3.323,4.129,3.871,2.194,2.645,2,2.839,2.903,2.097,3.323,1.355,2.774,2.548,4.484,1.839,2.355,2.065,1.871,1.742,1.452,2.742,2.258,1.645,1.742,1.968,2.323,2.516,2.871,3.677,1.871,1.71,2.419,2.484,2.226,3.129,1.871,3.25,3.552,3.095,5,3.429,3.647,4,3.143,4.269,3.958,5.645,3.25,3.6,3.667,3.529,3.4,3.5,4.083,3.947,3.429,2.917,3.556,3.792,3.852,4.138,4.207,3.875,3.4,3.591,3.696,4,4.233,3.467,"LLM추정(저신뢰,미검수)","보간(앵커거리기반,완만혼합)"
J10-050,예술·디자인·방송직,조명·영사 기사,조명기사,3.833,3.733,4.1,3.5,3.967,3.767,3.7,3.733,3.667,3.733,3.833,4.067,3.367,3.4,3.333,3.533,2.033,2.133,1.767,1.5,2.133,1.6,1.367,1.2,3.467,2.8,2.5,1.633,3.667,2.3,2.933,1.4,1.3,2.1,2,1.667,1.333,1.667,2.7,2,2.3,2.967,2,1.733,3.167,1.933,3.4,3.133,1.8,3.222,3,3.071,3.556,3.429,3.214,3.429,3,4.379,4.2,4.353,3.182,4.103,4.263,4.208,2.889,3.143,3.889,3.389,3.909,2.857,3.615,4.45,3.438,3.333,5,3.714,3.615,3.857,3.35,4.433,4.462,3.062,"LLM추정(저신뢰,미검수)","보간(앵커거리기반,완만혼합)"
J10-051,예술·디자인·방송직,"지휘자, 작곡가 및 연주가",지휘자,4.233,4.2,4.433,4.7,4.067,3.933,3.8,4.233,4,3.7,4.067,3.8,3.9,3.433,3.2,3.233,2.6,2,1.633,2.133,2.967,2.333,1.4,1.1,1.633,1.1,1.8,1.033,1.3,1.533,1.2,1.1,1.167,2.733,2.333,1.4,1.467,2.633,3.333,2.267,2.3,4.4,1.967,2.267,2.167,2,1.8,2.533,1.333,3.714,3.529,3.154,3.579,3.862,3.75,3.75,2.5,3.308,3,3.2,3,2.429,2.846,2.8,2,2.6,3.76,3.6,3,2.5,3.44,4.692,3.636,3.842,5.333,3.667,4,3.526,3.045,3.667,3.583,2.857,"LLM추정(저신뢰,미검수)","보간(앵커거리기반,완만혼합)"
J10-052,예술·디자인·방송직,"지휘자, 작곡가 및 연주가",작곡가,4.387,4.452,4.484,3.645,3.71,3.71,3.774,4.226,4.129,3.968,3.935,4.548,3.935,4.194,4.387,4.161,1.839,1.935,1.71,2.323,2.516,1.742,1.581,1.452,2.935,1.677,2.742,1.323,1.806,1.806,1.387,1.194,1.323,3.097,2.258,1.452,1.226,2.516,2.935,3.032,2.581,4.419,2.355,2.71,1.871,2.065,2.097,3.032,1.355,3.176,3.706,3.214,4.8,4.105,3.583,3.667,4,4.458,3.818,3.864,3.167,2.818,4.3,3,2.8,2.833,4.409,3.824,2.8,3,4.053,4.636,4.478,3.833,5.633,3.75,3.917,4.273,3.75,3.789,4.44,3.333,"LLM추정(저신뢰,미검수)","보간(앵커거리기반,완만혼합)"
J10-053,예술·디자인·방송직,"지휘자, 작곡가 및 연주가",연주가,4.3,4.267,4.1,3.433,4.267,3.933,4,3.9,3.8,3.9,4.033,4.2,3.7,3.6,3.267,3.4,2.033,1.6,1.7,1.967,2.4,1.8,1.533,1.233,1.933,1.333,1.6,1.3,1.367,1.433,1.3,1.167,1.2,2.033,1.933,1.233,1.4,1.7,2.867,1.767,2.4,4.367,2.1,1.867,1.967,1.6,1.9,2.3,1.367,3.25,2.923,2.818,3.5,3.3,3.143,2.889,3.5,4.667,4,3.778,2.8,3.167,3.625,3,3,2.75,3.941,3.071,3.75,2.667,3.75,3.875,3.769,3.6,4.897,3.765,3.462,3.5,3.6,3.824,3.714,3.143,"LLM추정(저신뢰,미검수)","보간(앵커거리기반,완만혼합)"
J10-054,예술·디자인·방송직,촬영 기사,촬영기사,3.767,3.733,3.8,3.233,3.867,3.867,3.767,3.833,3.633,3.867,4.1,3.933,3.7,3.567,3.5,3.667,1.833,2.1,1.7,1.933,2.433,1.867,1.5,1.367,2.667,1.867,2.333,1.4,2.633,1.433,1.4,1.133,1.3,2.033,2.167,2.033,1.267,1.8,2.167,1.767,2.333,3.867,1.967,1.767,2.1,1.8,3.3,3.733,1.433,3.846,3.688,3.25,3.769,4.111,3.727,4.8,3,3.957,3.333,3.824,3.5,3.792,3.429,3.143,3.75,2.429,3.824,3.941,3.867,3.8,4,4.25,4,3.545,4.667,3.562,3.462,3.5,3.583,4.63,4.7,3,"LLM추정(저신뢰,미검수)","보간(앵커거리기반,완만혼합)"
J10-055,예술·디자인·방송직,출판물 전문가,출판물기획자,3.333,3.533,3.733,3.333,4.067,3.433,3.267,3.4,3.633,3.433,3.567,4.2,3.3,3.3,3.267,3.433,1.833,2.833,1.767,3,2.9,1.833,2.8,1.1,2.3,1.167,3.2,1.1,1.267,1.567,1.233,1.1,1.133,2.667,2.533,1.533,1.067,2,2.267,4.333,2.667,2.5,2.633,2.1,1.3,1.9,1.767,3.367,1.333,2.95,4,2.889,4.423,3.63,3.294,3.444,2.667,4.095,2.25,3.607,2.333,2.5,3.846,2.333,3,2.75,3.423,4.25,3.556,2.5,3.333,4,5.1,3.889,3.522,4,3.778,3.167,3.65,4.25,4.414,2.667,"LLM추정(저신뢰,미검수)","보간(앵커거리기반,완만혼합)"
J10-056,예술·디자인·방송직,패션 디자이너,의상디자이너,4,3.533,3.867,3.233,3.8,3.567,3.4,3.467,3.8,3.933,3.567,4.3,3.067,3.167,3.767,3.2,1.833,2.167,1.633,2.5,2.233,1.967,2.467,1.2,1.933,1.3,4.567,1.3,1.3,1.7,1.233,1.4,1.167,1.967,1.433,1.167,1.167,1.633,2.3,1.9,2.2,2.467,1.3,1.233,1.6,1.767,1.8,2.267,1.533,3.125,3.35,2.643,4.522,3.737,3.625,3.579,3.667,4,3,5.233,4.5,3.6,3.533,3.2,3.286,2.75,3.588,3.125,3.333,3,3.545,4.25,3.421,3.714,3.545,2.833,2.833,3.167,3.4,3.867,3.842,2.909,"LLM추정(저신뢰,미검수)","보간(앵커거리기반,완만혼합)"
J10-057,예술·디자인·방송직,패션 디자이너,패션소품디자이너,4,3.767,4.067,3.267,4.1,3.6,3.667,3.867,3.967,4.067,3.8,4.233,3.067,3.367,3.9,3.333,2.3,2.667,2.233,3.233,3.167,2.133,3.5,1.433,2.233,1.467,4.467,1.367,1.8,1.933,1.4,1.6,1.4,2.6,1.867,1.533,1.367,1.833,2.433,2.367,2.633,3.4,1.667,1.467,2.167,2.233,1.867,3.233,1.8,3.35,3.75,3.05,4.857,3.385,3.471,3.963,3.5,4.5,4,5.2,3.4,2.385,3.389,3,3.077,3.167,4,3.786,3.5,3.6,4.273,4.238,4.091,4.179,4.074,3.462,3.714,3.75,3.947,4,3.931,3.308,"LLM추정(저신뢰,미검수)","보간(앵커거리기반,완만혼합)"
J10-058,예술·디자인·방송직,학예사 및 문화재 보존원,학예사,4.1,4.167,4.2,3.467,3.833,3.6,3.633,3.667,3.767,3.833,4.267,4.5,4.367,3.5,3.467,4,1.9,2.667,1.467,1.4,2.4,1.7,1.033,1.033,1.667,1.233,2.033,1.167,1.733,1.433,1.8,1.533,1.433,1.767,3.6,2.4,1.1,1.633,2.667,2.533,2.867,3.7,4.767,2,2.167,2.267,1.467,2.767,1.267,3.2,3.138,3.444,3.25,3.15,3.538,2,2,3.417,3.2,3.111,2.5,3,3.7,3.385,3,2.667,3.429,4.552,3.8,2.5,3.75,4.087,3.522,3.467,4.2,5.767,3.3,3.412,3.5,3.8,3.88,2.4,"LLM추정(저신뢰,미검수)","보간(앵커거리기반,완만혼합)"
J10-059,예술·디자인·방송직,학예사 및 문화재 보존원,문화재보존원,3.7,3.767,3.767,2.867,3.933,3.533,3.133,3.633,3.5,3.233,3.7,4.533,3.8,3.1,2.567,3.567,1.733,2.7,1.5,1.3,1.733,1.667,1.367,1.133,2.167,2.2,2.367,1.933,2.2,2,2.1,2.967,1.767,1.4,2.3,2.233,1.2,1.533,2.667,2.667,1.867,2.167,3.8,1.467,2.8,2.3,1.933,2.367,1.633,3.125,3.379,2.909,2.857,3.636,3.417,2.778,2.667,3.81,3.556,3.667,3.688,3.526,3.947,3.136,3.808,3.077,3.5,3.773,3.714,2,3.125,4.043,4.08,3.467,3.556,5.071,3.125,3.417,3.217,3.45,3.538,2.692,"LLM추정(저신뢰,미검수)","보간(앵커거리기반,완만혼합)"
J10-060,예술·디자인·방송직,화가 및 조각가,화가,4.3,3.967,3.833,2.233,2.7,2.633,2.5,3.433,3.867,2.9,3.267,4.3,3.433,4.3,3.467,2.7,1.467,1.467,1.5,1.9,1.9,1,1.1,1,1.2,1.167,3.4,1,1.367,1.067,1.1,1,1,1.933,1.633,1.267,1,1.2,1.2,1.067,1.433,4.4,1.5,2.067,1,1.167,1.167,2,1,2.615,2.286,2.533,3.176,2.778,0,2,0,3,1.6,3.556,0,1.8,2.5,2,0,0,3.929,2.462,3.2,0,2.75,3.333,2.5,3.125,4.964,3.182,3.389,0,3.667,3.75,3.444,0,"LLM추정(저신뢰,미검수)",실측
J10-061,예술·디자인·방송직,화가 및 조각가,조각가,4.1,3.7,3.833,3.467,3.367,3.5,3.567,3.5,3.867,3.4,3.4,4.1,3.367,3.5,3.433,3.333,2.933,2.533,2.433,2.5,2.5,1.567,2.7,1.967,1.967,2.133,3.6,1.667,1.933,2.3,1.433,1.567,1.1,1.767,2.367,1.4,1.133,1.8,2.567,2.033,2.2,4.033,2.233,2.1,1.9,1.467,1.3,2.733,1.4,4.13,3.417,3.455,3.455,3.5,2.5,3.4,3.105,2.737,2.952,4.3,2.6,3.429,2.8,3,3.556,3,2.625,2.826,2.714,2.667,3.909,3.107,2.708,2.875,4.667,3.85,2.905,2.941,3,4,3.241,3.333,"LLM추정(저신뢰,미검수)","보간(앵커거리기반,완만혼합)"
